[2025-12-28 20:21:27,026][__name__][INFO] - Starting Romanian evaluation run
[2025-12-28 20:21:27,202][__name__][INFO] - 🚀 CUDA is available. Using GPU: NVIDIA GeForce RTX 3090
[2025-12-28 20:21:27,202][__name__][INFO] - 📁 Results will be saved in: /home/dan-parii/Documents/ContinualPretrainRo/continual_pretrain/eval_results/outputs_milestone_meta-llama_Llama-3.2-1B_r16_merged_checkpoint-7/2025-12-28_20-21-27
[2025-12-28 20:21:28,705][__name__][INFO] - 📊 W&B logging enabled with GPU monitoring
[2025-12-28 20:21:28,705][__name__][INFO] - 🚀 Running evaluation for _ro_winogrande | fewshot=5 | limit=1000
[2025-12-28 20:21:28,705][__name__][INFO] - Running outputs/milestone_meta-llama_Llama-3.2-1B_r16/merged/checkpoint-7 with apply_chat_template True
[2025-12-28 20:21:28,706][__name__][INFO] - 📝 Using fewshot_as_multiturn=True and custom system instruction
[2025-12-28 20:21:28,709][lm-eval][INFO] - Setting random seed to 23 | Setting numpy seed to 23 | Setting torch manual seed to 23
[2025-12-28 20:21:28,709][lm-eval][INFO] - Initializing hf model, with arguments: {'pretrained': 'outputs/milestone_meta-llama_Llama-3.2-1B_r16/merged/checkpoint-7', 'tokenizer': 'outputs/milestone_meta-llama_Llama-3.2-1B_r16/merged/checkpoint-7', 'max_length': 4096, 'eval_max_length': 16384, 'truncation': True, 'dtype': 'bfloat16'}
[2025-12-28 20:21:28,765][lm-eval][INFO] - Using device 'cuda'
[2025-12-28 20:21:29,570][lm-eval][INFO] - `group` and `group_alias` keys in tasks' configs will no longer be used in the next release of lm-eval. `tag` will be used to allow to call a collection of tasks just like `group`. `group` will be removed in order to not cause confusion with the new ConfigurableGroup which will be the offical way to create groups with addition of group-wide configuations.
[2025-12-28 20:21:36,201][lm-eval][WARNING] - Overwriting default num_fewshot of _ro_winogrande from None to 5
[2025-12-28 20:21:36,201][lm-eval][INFO] - Setting fewshot random generator seed to 23
[2025-12-28 20:21:36,204][lm-eval][INFO] - Building contexts for _ro_winogrande on rank 0...
[2025-12-28 20:21:36,306][lm-eval][INFO] - Running loglikelihood requests
[2025-12-28 20:22:06,416][lm-eval][WARNING] - Failed to get model SHA for outputs/milestone_meta-llama_Llama-3.2-1B_r16/merged/checkpoint-7 at revision main. Error: Repo id must be in the form 'repo_name' or 'namespace/repo_name': 'outputs/milestone_meta-llama_Llama-3.2-1B_r16/merged/checkpoint-7'. Use `repo_type` argument if needed.
[2025-12-28 20:22:07,500][__name__][INFO] - ✅ Finished _ro_winogrande
[2025-12-28 20:22:07,597][__name__][INFO] - 💾 Saved partial results: /home/dan-parii/Documents/ContinualPretrainRo/continual_pretrain/eval_results/outputs_milestone_meta-llama_Llama-3.2-1B_r16_merged_checkpoint-7/2025-12-28_20-21-27/_ro_winogrande.json
[2025-12-28 20:22:07,598][__name__][INFO] - 🚀 Running evaluation for _ro_belebele | fewshot=0 | limit=1000
[2025-12-28 20:22:07,598][__name__][INFO] - Running outputs/milestone_meta-llama_Llama-3.2-1B_r16/merged/checkpoint-7 with apply_chat_template True
[2025-12-28 20:22:07,598][__name__][INFO] - 📝 Using fewshot_as_multiturn=True and custom system instruction
[2025-12-28 20:22:07,599][lm-eval][INFO] - Setting random seed to 23 | Setting numpy seed to 23 | Setting torch manual seed to 23
[2025-12-28 20:22:07,599][lm-eval][INFO] - Initializing hf model, with arguments: {'pretrained': 'outputs/milestone_meta-llama_Llama-3.2-1B_r16/merged/checkpoint-7', 'tokenizer': 'outputs/milestone_meta-llama_Llama-3.2-1B_r16/merged/checkpoint-7', 'max_length': 4096, 'eval_max_length': 16384, 'truncation': True, 'dtype': 'bfloat16'}
[2025-12-28 20:22:07,600][lm-eval][INFO] - Using device 'cuda'
[2025-12-28 20:22:08,269][lm-eval][INFO] - `group` and `group_alias` keys in tasks' configs will no longer be used in the next release of lm-eval. `tag` will be used to allow to call a collection of tasks just like `group`. `group` will be removed in order to not cause confusion with the new ConfigurableGroup which will be the offical way to create groups with addition of group-wide configuations.
[2025-12-28 20:22:13,731][lm-eval][WARNING] - Overwriting default num_fewshot of _ro_belebele from None to 0
[2025-12-28 20:22:13,731][lm-eval][INFO] - Setting fewshot random generator seed to 23
[2025-12-28 20:22:13,732][lm-eval][INFO] - Building contexts for _ro_belebele on rank 0...
[2025-12-28 20:22:14,332][lm-eval][INFO] - Running loglikelihood requests
[2025-12-28 20:23:08,119][lm-eval][WARNING] - Failed to get model SHA for outputs/milestone_meta-llama_Llama-3.2-1B_r16/merged/checkpoint-7 at revision main. Error: Repo id must be in the form 'repo_name' or 'namespace/repo_name': 'outputs/milestone_meta-llama_Llama-3.2-1B_r16/merged/checkpoint-7'. Use `repo_type` argument if needed.
[2025-12-28 20:23:09,317][__name__][INFO] - ✅ Finished _ro_belebele
[2025-12-28 20:23:09,411][__name__][INFO] - 💾 Saved partial results: /home/dan-parii/Documents/ContinualPretrainRo/continual_pretrain/eval_results/outputs_milestone_meta-llama_Llama-3.2-1B_r16_merged_checkpoint-7/2025-12-28_20-21-27/_ro_belebele.json
[2025-12-28 20:23:09,411][__name__][INFO] - 🚀 Running evaluation for ro_wiki | fewshot=0 | limit=1000
[2025-12-28 20:23:09,412][__name__][INFO] - Running outputs/milestone_meta-llama_Llama-3.2-1B_r16/merged/checkpoint-7 with apply_chat_template True
[2025-12-28 20:23:09,413][lm-eval][INFO] - Setting random seed to 23 | Setting numpy seed to 23 | Setting torch manual seed to 23
[2025-12-28 20:23:09,413][lm-eval][INFO] - Initializing hf model, with arguments: {'pretrained': 'outputs/milestone_meta-llama_Llama-3.2-1B_r16/merged/checkpoint-7', 'tokenizer': 'outputs/milestone_meta-llama_Llama-3.2-1B_r16/merged/checkpoint-7', 'max_length': 4096, 'eval_max_length': 16384, 'truncation': True, 'dtype': 'bfloat16'}
[2025-12-28 20:23:09,414][lm-eval][INFO] - Using device 'cuda'
[2025-12-28 20:23:10,067][lm-eval][INFO] - `group` and `group_alias` keys in tasks' configs will no longer be used in the next release of lm-eval. `tag` will be used to allow to call a collection of tasks just like `group`. `group` will be removed in order to not cause confusion with the new ConfigurableGroup which will be the offical way to create groups with addition of group-wide configuations.
[2025-12-28 20:23:13,004][lm-eval][WARNING] - [Task: ro_wiki] metric word_perplexity is defined, but aggregation is not. using default aggregation=weighted_perplexity
[2025-12-28 20:23:13,004][lm-eval][WARNING] - [Task: ro_wiki] metric word_perplexity is defined, but higher_is_better is not. using default higher_is_better=False
[2025-12-28 20:23:13,004][lm-eval][WARNING] - [Task: ro_wiki] metric byte_perplexity is defined, but aggregation is not. using default aggregation=weighted_perplexity
[2025-12-28 20:23:13,005][lm-eval][WARNING] - [Task: ro_wiki] metric byte_perplexity is defined, but higher_is_better is not. using default higher_is_better=False
[2025-12-28 20:23:13,005][lm-eval][WARNING] - [Task: ro_wiki] metric bits_per_byte is defined, but aggregation is not. using default aggregation=bits_per_byte
[2025-12-28 20:23:13,005][lm-eval][WARNING] - [Task: ro_wiki] metric bits_per_byte is defined, but higher_is_better is not. using default higher_is_better=False
[2025-12-28 20:23:15,114][lm-eval][WARNING] - Overwriting default num_fewshot of ro_wiki from None to 0
[2025-12-28 20:23:15,115][lm-eval][INFO] - Setting fewshot random generator seed to 23
[2025-12-28 20:23:15,116][lm-eval][INFO] - Building contexts for ro_wiki on rank 0...
[2025-12-28 20:23:15,260][lm-eval][INFO] - Running loglikelihood_rolling requests
[2025-12-28 20:23:54,953][lm-eval][WARNING] - Failed to get model SHA for outputs/milestone_meta-llama_Llama-3.2-1B_r16/merged/checkpoint-7 at revision main. Error: Repo id must be in the form 'repo_name' or 'namespace/repo_name': 'outputs/milestone_meta-llama_Llama-3.2-1B_r16/merged/checkpoint-7'. Use `repo_type` argument if needed.
[2025-12-28 20:23:56,159][__name__][INFO] - ✅ Finished ro_wiki
[2025-12-28 20:23:56,281][__name__][INFO] - 💾 Saved partial results: /home/dan-parii/Documents/ContinualPretrainRo/continual_pretrain/eval_results/outputs_milestone_meta-llama_Llama-3.2-1B_r16_merged_checkpoint-7/2025-12-28_20-21-27/ro_wiki.json
[2025-12-28 20:23:56,282][__name__][INFO] - 🚀 Running evaluation for _ro_arc_challenge | fewshot=5 | limit=1000
[2025-12-28 20:23:56,282][__name__][INFO] - Running outputs/milestone_meta-llama_Llama-3.2-1B_r16/merged/checkpoint-7 with apply_chat_template True
[2025-12-28 20:23:56,282][__name__][INFO] - 📝 Using fewshot_as_multiturn=True and custom system instruction
[2025-12-28 20:23:56,283][lm-eval][INFO] - Setting random seed to 23 | Setting numpy seed to 23 | Setting torch manual seed to 23
[2025-12-28 20:23:56,283][lm-eval][INFO] - Initializing hf model, with arguments: {'pretrained': 'outputs/milestone_meta-llama_Llama-3.2-1B_r16/merged/checkpoint-7', 'tokenizer': 'outputs/milestone_meta-llama_Llama-3.2-1B_r16/merged/checkpoint-7', 'max_length': 4096, 'eval_max_length': 16384, 'truncation': True, 'dtype': 'bfloat16'}
[2025-12-28 20:23:56,285][lm-eval][INFO] - Using device 'cuda'
[2025-12-28 20:23:56,952][lm-eval][INFO] - `group` and `group_alias` keys in tasks' configs will no longer be used in the next release of lm-eval. `tag` will be used to allow to call a collection of tasks just like `group`. `group` will be removed in order to not cause confusion with the new ConfigurableGroup which will be the offical way to create groups with addition of group-wide configuations.
[2025-12-28 20:24:02,297][lm-eval][WARNING] - Overwriting default num_fewshot of _ro_arc_challenge from None to 5
[2025-12-28 20:24:02,297][lm-eval][INFO] - Setting fewshot random generator seed to 23
[2025-12-28 20:24:02,298][lm-eval][INFO] - Building contexts for _ro_arc_challenge on rank 0...
[2025-12-28 20:24:03,677][lm-eval][INFO] - Running loglikelihood requests
[2025-12-28 20:25:34,801][lm-eval][WARNING] - Failed to get model SHA for outputs/milestone_meta-llama_Llama-3.2-1B_r16/merged/checkpoint-7 at revision main. Error: Repo id must be in the form 'repo_name' or 'namespace/repo_name': 'outputs/milestone_meta-llama_Llama-3.2-1B_r16/merged/checkpoint-7'. Use `repo_type` argument if needed.
[2025-12-28 20:25:36,022][__name__][INFO] - ✅ Finished _ro_arc_challenge
[2025-12-28 20:25:36,211][__name__][INFO] - 💾 Saved partial results: /home/dan-parii/Documents/ContinualPretrainRo/continual_pretrain/eval_results/outputs_milestone_meta-llama_Llama-3.2-1B_r16_merged_checkpoint-7/2025-12-28_20-21-27/_ro_arc_challenge.json
[2025-12-28 20:25:36,212][__name__][INFO] - 🚀 Running evaluation for arc_challenge | fewshot=5 | limit=1000
[2025-12-28 20:25:36,212][__name__][INFO] - Running outputs/milestone_meta-llama_Llama-3.2-1B_r16/merged/checkpoint-7 with apply_chat_template True
[2025-12-28 20:25:36,213][__name__][INFO] - 📝 Using fewshot_as_multiturn=True and custom system instruction
[2025-12-28 20:25:36,214][lm-eval][INFO] - Setting random seed to 23 | Setting numpy seed to 23 | Setting torch manual seed to 23
[2025-12-28 20:25:36,214][lm-eval][INFO] - Initializing hf model, with arguments: {'pretrained': 'outputs/milestone_meta-llama_Llama-3.2-1B_r16/merged/checkpoint-7', 'tokenizer': 'outputs/milestone_meta-llama_Llama-3.2-1B_r16/merged/checkpoint-7', 'max_length': 4096, 'eval_max_length': 16384, 'truncation': True, 'dtype': 'bfloat16'}
[2025-12-28 20:25:36,215][lm-eval][INFO] - Using device 'cuda'
[2025-12-28 20:25:36,860][lm-eval][INFO] - `group` and `group_alias` keys in tasks' configs will no longer be used in the next release of lm-eval. `tag` will be used to allow to call a collection of tasks just like `group`. `group` will be removed in order to not cause confusion with the new ConfigurableGroup which will be the offical way to create groups with addition of group-wide configuations.
[2025-12-28 20:25:41,800][lm-eval][WARNING] - Overwriting default num_fewshot of arc_challenge from None to 5
[2025-12-28 20:25:41,800][lm-eval][INFO] - Setting fewshot random generator seed to 23
[2025-12-28 20:25:41,801][lm-eval][INFO] - Building contexts for arc_challenge on rank 0...
[2025-12-28 20:25:46,137][lm-eval][INFO] - Running loglikelihood requests
[2025-12-28 20:26:44,728][lm-eval][WARNING] - Failed to get model SHA for outputs/milestone_meta-llama_Llama-3.2-1B_r16/merged/checkpoint-7 at revision main. Error: Repo id must be in the form 'repo_name' or 'namespace/repo_name': 'outputs/milestone_meta-llama_Llama-3.2-1B_r16/merged/checkpoint-7'. Use `repo_type` argument if needed.
[2025-12-28 20:26:45,852][__name__][INFO] - ✅ Finished arc_challenge
[2025-12-28 20:26:46,037][__name__][INFO] - 💾 Saved partial results: /home/dan-parii/Documents/ContinualPretrainRo/continual_pretrain/eval_results/outputs_milestone_meta-llama_Llama-3.2-1B_r16_merged_checkpoint-7/2025-12-28_20-21-27/arc_challenge.json
[2025-12-28 20:26:46,038][__name__][INFO] - 🚀 Running evaluation for winogrande | fewshot=5 | limit=1000
[2025-12-28 20:26:46,038][__name__][INFO] - Running outputs/milestone_meta-llama_Llama-3.2-1B_r16/merged/checkpoint-7 with apply_chat_template True
[2025-12-28 20:26:46,038][__name__][INFO] - 📝 Using fewshot_as_multiturn=True and custom system instruction
[2025-12-28 20:26:46,039][lm-eval][INFO] - Setting random seed to 23 | Setting numpy seed to 23 | Setting torch manual seed to 23
[2025-12-28 20:26:46,039][lm-eval][INFO] - Initializing hf model, with arguments: {'pretrained': 'outputs/milestone_meta-llama_Llama-3.2-1B_r16/merged/checkpoint-7', 'tokenizer': 'outputs/milestone_meta-llama_Llama-3.2-1B_r16/merged/checkpoint-7', 'max_length': 4096, 'eval_max_length': 16384, 'truncation': True, 'dtype': 'bfloat16'}
[2025-12-28 20:26:46,041][lm-eval][INFO] - Using device 'cuda'
[2025-12-28 20:26:46,712][lm-eval][INFO] - `group` and `group_alias` keys in tasks' configs will no longer be used in the next release of lm-eval. `tag` will be used to allow to call a collection of tasks just like `group`. `group` will be removed in order to not cause confusion with the new ConfigurableGroup which will be the offical way to create groups with addition of group-wide configuations.
[2025-12-28 20:26:49,675][datasets.load][ERROR] - `trust_remote_code` is not supported anymore.
Please check that the Hugging Face dataset 'winogrande' isn't based on a loading script and remove `trust_remote_code`.
If the dataset is based on a loading script, please ask the dataset author to remove it and convert it to a standard format like Parquet.
[2025-12-28 20:26:54,215][lm-eval][WARNING] - Overwriting default num_fewshot of winogrande from None to 5
[2025-12-28 20:26:54,215][lm-eval][INFO] - Setting fewshot random generator seed to 23
[2025-12-28 20:26:54,219][lm-eval][INFO] - Building contexts for winogrande on rank 0...
[2025-12-28 20:26:54,313][lm-eval][INFO] - Running loglikelihood requests
[2025-12-28 20:27:15,223][lm-eval][WARNING] - Failed to get model SHA for outputs/milestone_meta-llama_Llama-3.2-1B_r16/merged/checkpoint-7 at revision main. Error: Repo id must be in the form 'repo_name' or 'namespace/repo_name': 'outputs/milestone_meta-llama_Llama-3.2-1B_r16/merged/checkpoint-7'. Use `repo_type` argument if needed.
[2025-12-28 20:27:16,443][__name__][INFO] - ✅ Finished winogrande
[2025-12-28 20:27:16,533][__name__][INFO] - 💾 Saved partial results: /home/dan-parii/Documents/ContinualPretrainRo/continual_pretrain/eval_results/outputs_milestone_meta-llama_Llama-3.2-1B_r16_merged_checkpoint-7/2025-12-28_20-21-27/winogrande.json
[2025-12-28 20:27:16,534][__name__][INFO] - 🚀 Running evaluation for wikitext | fewshot=5 | limit=1000
[2025-12-28 20:27:16,534][__name__][INFO] - Running outputs/milestone_meta-llama_Llama-3.2-1B_r16/merged/checkpoint-7 with apply_chat_template True
[2025-12-28 20:27:16,535][lm-eval][INFO] - Setting random seed to 23 | Setting numpy seed to 23 | Setting torch manual seed to 23
[2025-12-28 20:27:16,535][lm-eval][INFO] - Initializing hf model, with arguments: {'pretrained': 'outputs/milestone_meta-llama_Llama-3.2-1B_r16/merged/checkpoint-7', 'tokenizer': 'outputs/milestone_meta-llama_Llama-3.2-1B_r16/merged/checkpoint-7', 'max_length': 4096, 'eval_max_length': 16384, 'truncation': True, 'dtype': 'bfloat16'}
[2025-12-28 20:27:16,536][lm-eval][INFO] - Using device 'cuda'
[2025-12-28 20:27:17,195][lm-eval][INFO] - `group` and `group_alias` keys in tasks' configs will no longer be used in the next release of lm-eval. `tag` will be used to allow to call a collection of tasks just like `group`. `group` will be removed in order to not cause confusion with the new ConfigurableGroup which will be the offical way to create groups with addition of group-wide configuations.
[2025-12-28 20:27:20,194][lm-eval][WARNING] - [Task: wikitext] metric word_perplexity is defined, but aggregation is not. using default aggregation=weighted_perplexity
[2025-12-28 20:27:20,195][lm-eval][WARNING] - [Task: wikitext] metric word_perplexity is defined, but higher_is_better is not. using default higher_is_better=False
[2025-12-28 20:27:20,195][lm-eval][WARNING] - [Task: wikitext] metric byte_perplexity is defined, but aggregation is not. using default aggregation=weighted_perplexity
[2025-12-28 20:27:20,195][lm-eval][WARNING] - [Task: wikitext] metric byte_perplexity is defined, but higher_is_better is not. using default higher_is_better=False
[2025-12-28 20:27:20,195][lm-eval][WARNING] - [Task: wikitext] metric bits_per_byte is defined, but aggregation is not. using default aggregation=bits_per_byte
[2025-12-28 20:27:20,195][lm-eval][WARNING] - [Task: wikitext] metric bits_per_byte is defined, but higher_is_better is not. using default higher_is_better=False
[2025-12-28 20:27:20,196][datasets.load][ERROR] - `trust_remote_code` is not supported anymore.
Please check that the Hugging Face dataset 'EleutherAI/wikitext_document_level' isn't based on a loading script and remove `trust_remote_code`.
If the dataset is based on a loading script, please ask the dataset author to remove it and convert it to a standard format like Parquet.
[2025-12-28 20:27:22,309][lm-eval][WARNING] - Overwriting default num_fewshot of wikitext from None to 5
[2025-12-28 20:27:22,310][lm-eval][INFO] - Setting fewshot random generator seed to 23
[2025-12-28 20:27:22,311][lm-eval][INFO] - Building contexts for wikitext on rank 0...
[2025-12-28 20:27:25,078][lm-eval][INFO] - Running loglikelihood_rolling requests
[2025-12-28 20:29:45,777][lm-eval][WARNING] - Failed to get model SHA for outputs/milestone_meta-llama_Llama-3.2-1B_r16/merged/checkpoint-7 at revision main. Error: Repo id must be in the form 'repo_name' or 'namespace/repo_name': 'outputs/milestone_meta-llama_Llama-3.2-1B_r16/merged/checkpoint-7'. Use `repo_type` argument if needed.
[2025-12-28 20:29:46,956][__name__][INFO] - ✅ Finished wikitext
[2025-12-28 20:29:47,388][__name__][INFO] - 💾 Saved partial results: /home/dan-parii/Documents/ContinualPretrainRo/continual_pretrain/eval_results/outputs_milestone_meta-llama_Llama-3.2-1B_r16_merged_checkpoint-7/2025-12-28_20-21-27/wikitext.json
[2025-12-28 20:29:48,289][__name__][INFO] - 📁 Combined results saved to: /home/dan-parii/Documents/ContinualPretrainRo/continual_pretrain/eval_results/outputs_milestone_meta-llama_Llama-3.2-1B_r16_merged_checkpoint-7/2025-12-28_20-21-27/eval_results.json
[2025-12-28 20:29:48,290][__name__][INFO] - 📊 Summary:
[2025-12-28 20:29:48,290][__name__][INFO] -   - _ro_winogrande: {'acc,none': 0.523, 'acc_stderr,none': 0.015802554246726087}
[2025-12-28 20:29:48,290][__name__][INFO] -   - _ro_belebele: {'acc_norm,none': 0.24666666666666667, 'acc_norm_stderr,none': 0.014377023375409316}
[2025-12-28 20:29:48,290][__name__][INFO] -   - ro_wiki: {'word_perplexity,none': 57.65660791935119, 'byte_perplexity,none': 1.8195598642444981, 'bits_per_byte,none': 0.8635895172020653}
[2025-12-28 20:29:48,290][__name__][INFO] -   - _ro_arc_challenge: {'acc_norm,none': 0.284, 'acc_norm_stderr,none': 0.014267009061031241}
[2025-12-28 20:29:48,291][__name__][INFO] -   - arc_challenge: {'acc,none': 0.315, 'acc_stderr,none': 0.014696631960792617, 'acc_norm,none': 0.318, 'acc_norm_stderr,none': 0.014734079309311901}
[2025-12-28 20:29:48,291][__name__][INFO] -   - winogrande: {'acc,none': 0.6, 'acc_stderr,none': 0.015499685165842571}
[2025-12-28 20:29:48,291][__name__][INFO] -   - wikitext: {'word_perplexity,none': 12.60965508440711, 'byte_perplexity,none': 1.609061402745192, 'bits_per_byte,none': 0.6862193812171873}
[2025-12-28 20:29:49,469][__name__][INFO] - 📊 W&B run finished
[2025-12-28 20:32:59,134][__name__][INFO] - Starting Romanian evaluation run
[2025-12-28 20:32:59,315][__name__][INFO] - 🚀 CUDA is available. Using GPU: NVIDIA GeForce RTX 3090
[2025-12-28 20:32:59,316][__name__][INFO] - 📁 Results will be saved in: /home/dan-parii/Documents/ContinualPretrainRo/continual_pretrain/eval_results/outputs_milestone_meta-llama_Llama-3.2-1B_r16_merged_checkpoint-15/2025-12-28_20-32-59
[2025-12-28 20:33:00,759][__name__][INFO] - 📊 W&B logging enabled with GPU monitoring
[2025-12-28 20:33:00,759][__name__][INFO] - 🚀 Running evaluation for _ro_winogrande | fewshot=5 | limit=1000
[2025-12-28 20:33:00,759][__name__][INFO] - Running outputs/milestone_meta-llama_Llama-3.2-1B_r16/merged/checkpoint-15 with apply_chat_template True
[2025-12-28 20:33:00,759][__name__][INFO] - 📝 Using fewshot_as_multiturn=True and custom system instruction
[2025-12-28 20:33:00,761][lm-eval][INFO] - Setting random seed to 23 | Setting numpy seed to 23 | Setting torch manual seed to 23
[2025-12-28 20:33:00,761][lm-eval][INFO] - Initializing hf model, with arguments: {'pretrained': 'outputs/milestone_meta-llama_Llama-3.2-1B_r16/merged/checkpoint-15', 'tokenizer': 'outputs/milestone_meta-llama_Llama-3.2-1B_r16/merged/checkpoint-15', 'max_length': 4096, 'eval_max_length': 16384, 'truncation': True, 'dtype': 'bfloat16'}
[2025-12-28 20:33:00,810][lm-eval][INFO] - Using device 'cuda'
[2025-12-28 20:33:01,595][lm-eval][INFO] - `group` and `group_alias` keys in tasks' configs will no longer be used in the next release of lm-eval. `tag` will be used to allow to call a collection of tasks just like `group`. `group` will be removed in order to not cause confusion with the new ConfigurableGroup which will be the offical way to create groups with addition of group-wide configuations.
[2025-12-28 20:33:07,190][lm-eval][WARNING] - Overwriting default num_fewshot of _ro_winogrande from None to 5
[2025-12-28 20:33:07,191][lm-eval][INFO] - Setting fewshot random generator seed to 23
[2025-12-28 20:33:07,191][lm-eval][INFO] - Building contexts for _ro_winogrande on rank 0...
[2025-12-28 20:33:07,295][lm-eval][INFO] - Running loglikelihood requests
[2025-12-28 20:33:37,032][lm-eval][WARNING] - Failed to get model SHA for outputs/milestone_meta-llama_Llama-3.2-1B_r16/merged/checkpoint-15 at revision main. Error: Repo id must be in the form 'repo_name' or 'namespace/repo_name': 'outputs/milestone_meta-llama_Llama-3.2-1B_r16/merged/checkpoint-15'. Use `repo_type` argument if needed.
[2025-12-28 20:33:38,007][__name__][INFO] - ✅ Finished _ro_winogrande
[2025-12-28 20:33:38,100][__name__][INFO] - 💾 Saved partial results: /home/dan-parii/Documents/ContinualPretrainRo/continual_pretrain/eval_results/outputs_milestone_meta-llama_Llama-3.2-1B_r16_merged_checkpoint-15/2025-12-28_20-32-59/_ro_winogrande.json
[2025-12-28 20:33:38,101][__name__][INFO] - 🚀 Running evaluation for _ro_belebele | fewshot=0 | limit=1000
[2025-12-28 20:33:38,101][__name__][INFO] - Running outputs/milestone_meta-llama_Llama-3.2-1B_r16/merged/checkpoint-15 with apply_chat_template True
[2025-12-28 20:33:38,101][__name__][INFO] - 📝 Using fewshot_as_multiturn=True and custom system instruction
[2025-12-28 20:33:38,103][lm-eval][INFO] - Setting random seed to 23 | Setting numpy seed to 23 | Setting torch manual seed to 23
[2025-12-28 20:33:38,103][lm-eval][INFO] - Initializing hf model, with arguments: {'pretrained': 'outputs/milestone_meta-llama_Llama-3.2-1B_r16/merged/checkpoint-15', 'tokenizer': 'outputs/milestone_meta-llama_Llama-3.2-1B_r16/merged/checkpoint-15', 'max_length': 4096, 'eval_max_length': 16384, 'truncation': True, 'dtype': 'bfloat16'}
[2025-12-28 20:33:38,104][lm-eval][INFO] - Using device 'cuda'
[2025-12-28 20:33:38,790][lm-eval][INFO] - `group` and `group_alias` keys in tasks' configs will no longer be used in the next release of lm-eval. `tag` will be used to allow to call a collection of tasks just like `group`. `group` will be removed in order to not cause confusion with the new ConfigurableGroup which will be the offical way to create groups with addition of group-wide configuations.
[2025-12-28 20:33:43,839][lm-eval][WARNING] - Overwriting default num_fewshot of _ro_belebele from None to 0
[2025-12-28 20:33:43,840][lm-eval][INFO] - Setting fewshot random generator seed to 23
[2025-12-28 20:33:43,840][lm-eval][INFO] - Building contexts for _ro_belebele on rank 0...
[2025-12-28 20:33:44,437][lm-eval][INFO] - Running loglikelihood requests
[2025-12-28 20:34:37,210][lm-eval][WARNING] - Failed to get model SHA for outputs/milestone_meta-llama_Llama-3.2-1B_r16/merged/checkpoint-15 at revision main. Error: Repo id must be in the form 'repo_name' or 'namespace/repo_name': 'outputs/milestone_meta-llama_Llama-3.2-1B_r16/merged/checkpoint-15'. Use `repo_type` argument if needed.
[2025-12-28 20:34:38,272][__name__][INFO] - ✅ Finished _ro_belebele
[2025-12-28 20:34:38,368][__name__][INFO] - 💾 Saved partial results: /home/dan-parii/Documents/ContinualPretrainRo/continual_pretrain/eval_results/outputs_milestone_meta-llama_Llama-3.2-1B_r16_merged_checkpoint-15/2025-12-28_20-32-59/_ro_belebele.json
[2025-12-28 20:34:38,368][__name__][INFO] - 🚀 Running evaluation for ro_wiki | fewshot=0 | limit=1000
[2025-12-28 20:34:38,368][__name__][INFO] - Running outputs/milestone_meta-llama_Llama-3.2-1B_r16/merged/checkpoint-15 with apply_chat_template True
[2025-12-28 20:34:38,370][lm-eval][INFO] - Setting random seed to 23 | Setting numpy seed to 23 | Setting torch manual seed to 23
[2025-12-28 20:34:38,370][lm-eval][INFO] - Initializing hf model, with arguments: {'pretrained': 'outputs/milestone_meta-llama_Llama-3.2-1B_r16/merged/checkpoint-15', 'tokenizer': 'outputs/milestone_meta-llama_Llama-3.2-1B_r16/merged/checkpoint-15', 'max_length': 4096, 'eval_max_length': 16384, 'truncation': True, 'dtype': 'bfloat16'}
[2025-12-28 20:34:38,371][lm-eval][INFO] - Using device 'cuda'
[2025-12-28 20:34:39,034][lm-eval][INFO] - `group` and `group_alias` keys in tasks' configs will no longer be used in the next release of lm-eval. `tag` will be used to allow to call a collection of tasks just like `group`. `group` will be removed in order to not cause confusion with the new ConfigurableGroup which will be the offical way to create groups with addition of group-wide configuations.
[2025-12-28 20:34:41,977][lm-eval][WARNING] - [Task: ro_wiki] metric word_perplexity is defined, but aggregation is not. using default aggregation=weighted_perplexity
[2025-12-28 20:34:41,978][lm-eval][WARNING] - [Task: ro_wiki] metric word_perplexity is defined, but higher_is_better is not. using default higher_is_better=False
[2025-12-28 20:34:41,978][lm-eval][WARNING] - [Task: ro_wiki] metric byte_perplexity is defined, but aggregation is not. using default aggregation=weighted_perplexity
[2025-12-28 20:34:41,978][lm-eval][WARNING] - [Task: ro_wiki] metric byte_perplexity is defined, but higher_is_better is not. using default higher_is_better=False
[2025-12-28 20:34:41,978][lm-eval][WARNING] - [Task: ro_wiki] metric bits_per_byte is defined, but aggregation is not. using default aggregation=bits_per_byte
[2025-12-28 20:34:41,978][lm-eval][WARNING] - [Task: ro_wiki] metric bits_per_byte is defined, but higher_is_better is not. using default higher_is_better=False
[2025-12-28 20:34:44,133][lm-eval][WARNING] - Overwriting default num_fewshot of ro_wiki from None to 0
[2025-12-28 20:34:44,133][lm-eval][INFO] - Setting fewshot random generator seed to 23
[2025-12-28 20:34:44,134][lm-eval][INFO] - Building contexts for ro_wiki on rank 0...
[2025-12-28 20:34:44,273][lm-eval][INFO] - Running loglikelihood_rolling requests
[2025-12-28 20:35:22,545][lm-eval][WARNING] - Failed to get model SHA for outputs/milestone_meta-llama_Llama-3.2-1B_r16/merged/checkpoint-15 at revision main. Error: Repo id must be in the form 'repo_name' or 'namespace/repo_name': 'outputs/milestone_meta-llama_Llama-3.2-1B_r16/merged/checkpoint-15'. Use `repo_type` argument if needed.
[2025-12-28 20:35:23,630][__name__][INFO] - ✅ Finished ro_wiki
[2025-12-28 20:35:23,752][__name__][INFO] - 💾 Saved partial results: /home/dan-parii/Documents/ContinualPretrainRo/continual_pretrain/eval_results/outputs_milestone_meta-llama_Llama-3.2-1B_r16_merged_checkpoint-15/2025-12-28_20-32-59/ro_wiki.json
[2025-12-28 20:35:23,752][__name__][INFO] - 🚀 Running evaluation for _ro_arc_challenge | fewshot=5 | limit=1000
[2025-12-28 20:35:23,753][__name__][INFO] - Running outputs/milestone_meta-llama_Llama-3.2-1B_r16/merged/checkpoint-15 with apply_chat_template True
[2025-12-28 20:35:23,753][__name__][INFO] - 📝 Using fewshot_as_multiturn=True and custom system instruction
[2025-12-28 20:35:23,754][lm-eval][INFO] - Setting random seed to 23 | Setting numpy seed to 23 | Setting torch manual seed to 23
[2025-12-28 20:35:23,754][lm-eval][INFO] - Initializing hf model, with arguments: {'pretrained': 'outputs/milestone_meta-llama_Llama-3.2-1B_r16/merged/checkpoint-15', 'tokenizer': 'outputs/milestone_meta-llama_Llama-3.2-1B_r16/merged/checkpoint-15', 'max_length': 4096, 'eval_max_length': 16384, 'truncation': True, 'dtype': 'bfloat16'}
[2025-12-28 20:35:23,755][lm-eval][INFO] - Using device 'cuda'
[2025-12-28 20:35:24,423][lm-eval][INFO] - `group` and `group_alias` keys in tasks' configs will no longer be used in the next release of lm-eval. `tag` will be used to allow to call a collection of tasks just like `group`. `group` will be removed in order to not cause confusion with the new ConfigurableGroup which will be the offical way to create groups with addition of group-wide configuations.
[2025-12-28 20:35:29,511][lm-eval][WARNING] - Overwriting default num_fewshot of _ro_arc_challenge from None to 5
[2025-12-28 20:35:29,511][lm-eval][INFO] - Setting fewshot random generator seed to 23
[2025-12-28 20:35:29,512][lm-eval][INFO] - Building contexts for _ro_arc_challenge on rank 0...
[2025-12-28 20:35:31,060][lm-eval][INFO] - Running loglikelihood requests
[2025-12-28 20:37:02,270][lm-eval][WARNING] - Failed to get model SHA for outputs/milestone_meta-llama_Llama-3.2-1B_r16/merged/checkpoint-15 at revision main. Error: Repo id must be in the form 'repo_name' or 'namespace/repo_name': 'outputs/milestone_meta-llama_Llama-3.2-1B_r16/merged/checkpoint-15'. Use `repo_type` argument if needed.
[2025-12-28 20:37:03,353][__name__][INFO] - ✅ Finished _ro_arc_challenge
[2025-12-28 20:37:03,543][__name__][INFO] - 💾 Saved partial results: /home/dan-parii/Documents/ContinualPretrainRo/continual_pretrain/eval_results/outputs_milestone_meta-llama_Llama-3.2-1B_r16_merged_checkpoint-15/2025-12-28_20-32-59/_ro_arc_challenge.json
[2025-12-28 20:37:03,543][__name__][INFO] - 🚀 Running evaluation for arc_challenge | fewshot=5 | limit=1000
[2025-12-28 20:37:03,544][__name__][INFO] - Running outputs/milestone_meta-llama_Llama-3.2-1B_r16/merged/checkpoint-15 with apply_chat_template True
[2025-12-28 20:37:03,544][__name__][INFO] - 📝 Using fewshot_as_multiturn=True and custom system instruction
[2025-12-28 20:37:03,545][lm-eval][INFO] - Setting random seed to 23 | Setting numpy seed to 23 | Setting torch manual seed to 23
[2025-12-28 20:37:03,546][lm-eval][INFO] - Initializing hf model, with arguments: {'pretrained': 'outputs/milestone_meta-llama_Llama-3.2-1B_r16/merged/checkpoint-15', 'tokenizer': 'outputs/milestone_meta-llama_Llama-3.2-1B_r16/merged/checkpoint-15', 'max_length': 4096, 'eval_max_length': 16384, 'truncation': True, 'dtype': 'bfloat16'}
[2025-12-28 20:37:03,547][lm-eval][INFO] - Using device 'cuda'
[2025-12-28 20:37:04,208][lm-eval][INFO] - `group` and `group_alias` keys in tasks' configs will no longer be used in the next release of lm-eval. `tag` will be used to allow to call a collection of tasks just like `group`. `group` will be removed in order to not cause confusion with the new ConfigurableGroup which will be the offical way to create groups with addition of group-wide configuations.
[2025-12-28 20:37:09,489][lm-eval][WARNING] - Overwriting default num_fewshot of arc_challenge from None to 5
[2025-12-28 20:37:09,489][lm-eval][INFO] - Setting fewshot random generator seed to 23
[2025-12-28 20:37:09,490][lm-eval][INFO] - Building contexts for arc_challenge on rank 0...
[2025-12-28 20:37:13,877][lm-eval][INFO] - Running loglikelihood requests
[2025-12-28 20:38:12,258][lm-eval][WARNING] - Failed to get model SHA for outputs/milestone_meta-llama_Llama-3.2-1B_r16/merged/checkpoint-15 at revision main. Error: Repo id must be in the form 'repo_name' or 'namespace/repo_name': 'outputs/milestone_meta-llama_Llama-3.2-1B_r16/merged/checkpoint-15'. Use `repo_type` argument if needed.
[2025-12-28 20:38:13,313][__name__][INFO] - ✅ Finished arc_challenge
[2025-12-28 20:38:13,503][__name__][INFO] - 💾 Saved partial results: /home/dan-parii/Documents/ContinualPretrainRo/continual_pretrain/eval_results/outputs_milestone_meta-llama_Llama-3.2-1B_r16_merged_checkpoint-15/2025-12-28_20-32-59/arc_challenge.json
[2025-12-28 20:38:13,504][__name__][INFO] - 🚀 Running evaluation for winogrande | fewshot=5 | limit=1000
[2025-12-28 20:38:13,504][__name__][INFO] - Running outputs/milestone_meta-llama_Llama-3.2-1B_r16/merged/checkpoint-15 with apply_chat_template True
[2025-12-28 20:38:13,504][__name__][INFO] - 📝 Using fewshot_as_multiturn=True and custom system instruction
[2025-12-28 20:38:13,505][lm-eval][INFO] - Setting random seed to 23 | Setting numpy seed to 23 | Setting torch manual seed to 23
[2025-12-28 20:38:13,506][lm-eval][INFO] - Initializing hf model, with arguments: {'pretrained': 'outputs/milestone_meta-llama_Llama-3.2-1B_r16/merged/checkpoint-15', 'tokenizer': 'outputs/milestone_meta-llama_Llama-3.2-1B_r16/merged/checkpoint-15', 'max_length': 4096, 'eval_max_length': 16384, 'truncation': True, 'dtype': 'bfloat16'}
[2025-12-28 20:38:13,507][lm-eval][INFO] - Using device 'cuda'
[2025-12-28 20:38:14,364][lm-eval][INFO] - `group` and `group_alias` keys in tasks' configs will no longer be used in the next release of lm-eval. `tag` will be used to allow to call a collection of tasks just like `group`. `group` will be removed in order to not cause confusion with the new ConfigurableGroup which will be the offical way to create groups with addition of group-wide configuations.
[2025-12-28 20:38:17,312][datasets.load][ERROR] - `trust_remote_code` is not supported anymore.
Please check that the Hugging Face dataset 'winogrande' isn't based on a loading script and remove `trust_remote_code`.
If the dataset is based on a loading script, please ask the dataset author to remove it and convert it to a standard format like Parquet.
[2025-12-28 20:38:21,635][lm-eval][WARNING] - Overwriting default num_fewshot of winogrande from None to 5
[2025-12-28 20:38:21,636][lm-eval][INFO] - Setting fewshot random generator seed to 23
[2025-12-28 20:38:21,636][lm-eval][INFO] - Building contexts for winogrande on rank 0...
[2025-12-28 20:38:21,725][lm-eval][INFO] - Running loglikelihood requests
[2025-12-28 20:38:42,519][lm-eval][WARNING] - Failed to get model SHA for outputs/milestone_meta-llama_Llama-3.2-1B_r16/merged/checkpoint-15 at revision main. Error: Repo id must be in the form 'repo_name' or 'namespace/repo_name': 'outputs/milestone_meta-llama_Llama-3.2-1B_r16/merged/checkpoint-15'. Use `repo_type` argument if needed.
[2025-12-28 20:38:43,629][__name__][INFO] - ✅ Finished winogrande
[2025-12-28 20:38:43,722][__name__][INFO] - 💾 Saved partial results: /home/dan-parii/Documents/ContinualPretrainRo/continual_pretrain/eval_results/outputs_milestone_meta-llama_Llama-3.2-1B_r16_merged_checkpoint-15/2025-12-28_20-32-59/winogrande.json
[2025-12-28 20:38:43,722][__name__][INFO] - 🚀 Running evaluation for wikitext | fewshot=5 | limit=1000
[2025-12-28 20:38:43,722][__name__][INFO] - Running outputs/milestone_meta-llama_Llama-3.2-1B_r16/merged/checkpoint-15 with apply_chat_template True
[2025-12-28 20:38:43,724][lm-eval][INFO] - Setting random seed to 23 | Setting numpy seed to 23 | Setting torch manual seed to 23
[2025-12-28 20:38:43,724][lm-eval][INFO] - Initializing hf model, with arguments: {'pretrained': 'outputs/milestone_meta-llama_Llama-3.2-1B_r16/merged/checkpoint-15', 'tokenizer': 'outputs/milestone_meta-llama_Llama-3.2-1B_r16/merged/checkpoint-15', 'max_length': 4096, 'eval_max_length': 16384, 'truncation': True, 'dtype': 'bfloat16'}
[2025-12-28 20:38:43,725][lm-eval][INFO] - Using device 'cuda'
[2025-12-28 20:38:44,394][lm-eval][INFO] - `group` and `group_alias` keys in tasks' configs will no longer be used in the next release of lm-eval. `tag` will be used to allow to call a collection of tasks just like `group`. `group` will be removed in order to not cause confusion with the new ConfigurableGroup which will be the offical way to create groups with addition of group-wide configuations.
[2025-12-28 20:38:47,324][lm-eval][WARNING] - [Task: wikitext] metric word_perplexity is defined, but aggregation is not. using default aggregation=weighted_perplexity
[2025-12-28 20:38:47,325][lm-eval][WARNING] - [Task: wikitext] metric word_perplexity is defined, but higher_is_better is not. using default higher_is_better=False
[2025-12-28 20:38:47,325][lm-eval][WARNING] - [Task: wikitext] metric byte_perplexity is defined, but aggregation is not. using default aggregation=weighted_perplexity
[2025-12-28 20:38:47,325][lm-eval][WARNING] - [Task: wikitext] metric byte_perplexity is defined, but higher_is_better is not. using default higher_is_better=False
[2025-12-28 20:38:47,325][lm-eval][WARNING] - [Task: wikitext] metric bits_per_byte is defined, but aggregation is not. using default aggregation=bits_per_byte
[2025-12-28 20:38:47,326][lm-eval][WARNING] - [Task: wikitext] metric bits_per_byte is defined, but higher_is_better is not. using default higher_is_better=False
[2025-12-28 20:38:47,326][datasets.load][ERROR] - `trust_remote_code` is not supported anymore.
Please check that the Hugging Face dataset 'EleutherAI/wikitext_document_level' isn't based on a loading script and remove `trust_remote_code`.
If the dataset is based on a loading script, please ask the dataset author to remove it and convert it to a standard format like Parquet.
[2025-12-28 20:38:49,558][lm-eval][WARNING] - Overwriting default num_fewshot of wikitext from None to 5
[2025-12-28 20:38:49,558][lm-eval][INFO] - Setting fewshot random generator seed to 23
[2025-12-28 20:38:49,559][lm-eval][INFO] - Building contexts for wikitext on rank 0...
[2025-12-28 20:38:52,315][lm-eval][INFO] - Running loglikelihood_rolling requests
[2025-12-28 20:41:12,825][lm-eval][WARNING] - Failed to get model SHA for outputs/milestone_meta-llama_Llama-3.2-1B_r16/merged/checkpoint-15 at revision main. Error: Repo id must be in the form 'repo_name' or 'namespace/repo_name': 'outputs/milestone_meta-llama_Llama-3.2-1B_r16/merged/checkpoint-15'. Use `repo_type` argument if needed.
[2025-12-28 20:41:13,957][__name__][INFO] - ✅ Finished wikitext
[2025-12-28 20:41:14,404][__name__][INFO] - 💾 Saved partial results: /home/dan-parii/Documents/ContinualPretrainRo/continual_pretrain/eval_results/outputs_milestone_meta-llama_Llama-3.2-1B_r16_merged_checkpoint-15/2025-12-28_20-32-59/wikitext.json
[2025-12-28 20:41:15,301][__name__][INFO] - 📁 Combined results saved to: /home/dan-parii/Documents/ContinualPretrainRo/continual_pretrain/eval_results/outputs_milestone_meta-llama_Llama-3.2-1B_r16_merged_checkpoint-15/2025-12-28_20-32-59/eval_results.json
[2025-12-28 20:41:15,302][__name__][INFO] - 📊 Summary:
[2025-12-28 20:41:15,302][__name__][INFO] -   - _ro_winogrande: {'acc,none': 0.511, 'acc_stderr,none': 0.01581547119529257}
[2025-12-28 20:41:15,302][__name__][INFO] -   - _ro_belebele: {'acc_norm,none': 0.2288888888888889, 'acc_norm_stderr,none': 0.014011705158884454}
[2025-12-28 20:41:15,302][__name__][INFO] -   - ro_wiki: {'word_perplexity,none': 57.57152757325608, 'byte_perplexity,none': 1.819163207546298, 'bits_per_byte,none': 0.8632749812275462}
[2025-12-28 20:41:15,303][__name__][INFO] -   - _ro_arc_challenge: {'acc_norm,none': 0.286, 'acc_norm_stderr,none': 0.014297146862518002}
[2025-12-28 20:41:15,303][__name__][INFO] -   - arc_challenge: {'acc,none': 0.314, 'acc_stderr,none': 0.014683991951088084, 'acc_norm,none': 0.32, 'acc_norm_stderr,none': 0.014758652303574937}
[2025-12-28 20:41:15,303][__name__][INFO] -   - winogrande: {'acc,none': 0.584, 'acc_stderr,none': 0.015594460144140522}
[2025-12-28 20:41:15,303][__name__][INFO] -   - wikitext: {'word_perplexity,none': 12.60133657901104, 'byte_perplexity,none': 1.60886213654928, 'bits_per_byte,none': 0.6860407067710631}
[2025-12-28 20:41:16,658][__name__][INFO] - 📊 W&B run finished
[2025-12-28 20:44:05,363][__name__][INFO] - Starting Romanian evaluation run
[2025-12-28 20:44:05,553][__name__][INFO] - 🚀 CUDA is available. Using GPU: NVIDIA GeForce RTX 3090
[2025-12-28 20:44:05,554][__name__][INFO] - 📁 Results will be saved in: /home/dan-parii/Documents/ContinualPretrainRo/continual_pretrain/eval_results/outputs_milestone_meta-llama_Llama-3.2-1B_r16_merged_checkpoint-22/2025-12-28_20-44-05
[2025-12-28 20:44:07,063][__name__][INFO] - 📊 W&B logging enabled with GPU monitoring
[2025-12-28 20:44:07,064][__name__][INFO] - 🚀 Running evaluation for _ro_winogrande | fewshot=5 | limit=1000
[2025-12-28 20:44:07,064][__name__][INFO] - Running outputs/milestone_meta-llama_Llama-3.2-1B_r16/merged/checkpoint-22 with apply_chat_template True
[2025-12-28 20:44:07,064][__name__][INFO] - 📝 Using fewshot_as_multiturn=True and custom system instruction
[2025-12-28 20:44:07,066][lm-eval][INFO] - Setting random seed to 23 | Setting numpy seed to 23 | Setting torch manual seed to 23
[2025-12-28 20:44:07,066][lm-eval][INFO] - Initializing hf model, with arguments: {'pretrained': 'outputs/milestone_meta-llama_Llama-3.2-1B_r16/merged/checkpoint-22', 'tokenizer': 'outputs/milestone_meta-llama_Llama-3.2-1B_r16/merged/checkpoint-22', 'max_length': 4096, 'eval_max_length': 16384, 'truncation': True, 'dtype': 'bfloat16'}
[2025-12-28 20:44:07,114][lm-eval][INFO] - Using device 'cuda'
[2025-12-28 20:44:07,890][lm-eval][INFO] - `group` and `group_alias` keys in tasks' configs will no longer be used in the next release of lm-eval. `tag` will be used to allow to call a collection of tasks just like `group`. `group` will be removed in order to not cause confusion with the new ConfigurableGroup which will be the offical way to create groups with addition of group-wide configuations.
[2025-12-28 20:44:13,819][lm-eval][WARNING] - Overwriting default num_fewshot of _ro_winogrande from None to 5
[2025-12-28 20:44:13,820][lm-eval][INFO] - Setting fewshot random generator seed to 23
[2025-12-28 20:44:13,821][lm-eval][INFO] - Building contexts for _ro_winogrande on rank 0...
[2025-12-28 20:44:13,929][lm-eval][INFO] - Running loglikelihood requests
[2025-12-28 20:44:43,666][lm-eval][WARNING] - Failed to get model SHA for outputs/milestone_meta-llama_Llama-3.2-1B_r16/merged/checkpoint-22 at revision main. Error: Repo id must be in the form 'repo_name' or 'namespace/repo_name': 'outputs/milestone_meta-llama_Llama-3.2-1B_r16/merged/checkpoint-22'. Use `repo_type` argument if needed.
[2025-12-28 20:44:44,722][__name__][INFO] - ✅ Finished _ro_winogrande
[2025-12-28 20:44:44,817][__name__][INFO] - 💾 Saved partial results: /home/dan-parii/Documents/ContinualPretrainRo/continual_pretrain/eval_results/outputs_milestone_meta-llama_Llama-3.2-1B_r16_merged_checkpoint-22/2025-12-28_20-44-05/_ro_winogrande.json
[2025-12-28 20:44:44,818][__name__][INFO] - 🚀 Running evaluation for _ro_belebele | fewshot=0 | limit=1000
[2025-12-28 20:44:44,818][__name__][INFO] - Running outputs/milestone_meta-llama_Llama-3.2-1B_r16/merged/checkpoint-22 with apply_chat_template True
[2025-12-28 20:44:44,818][__name__][INFO] - 📝 Using fewshot_as_multiturn=True and custom system instruction
[2025-12-28 20:44:44,820][lm-eval][INFO] - Setting random seed to 23 | Setting numpy seed to 23 | Setting torch manual seed to 23
[2025-12-28 20:44:44,820][lm-eval][INFO] - Initializing hf model, with arguments: {'pretrained': 'outputs/milestone_meta-llama_Llama-3.2-1B_r16/merged/checkpoint-22', 'tokenizer': 'outputs/milestone_meta-llama_Llama-3.2-1B_r16/merged/checkpoint-22', 'max_length': 4096, 'eval_max_length': 16384, 'truncation': True, 'dtype': 'bfloat16'}
[2025-12-28 20:44:44,822][lm-eval][INFO] - Using device 'cuda'
[2025-12-28 20:44:45,487][lm-eval][INFO] - `group` and `group_alias` keys in tasks' configs will no longer be used in the next release of lm-eval. `tag` will be used to allow to call a collection of tasks just like `group`. `group` will be removed in order to not cause confusion with the new ConfigurableGroup which will be the offical way to create groups with addition of group-wide configuations.
[2025-12-28 20:44:51,463][lm-eval][WARNING] - Overwriting default num_fewshot of _ro_belebele from None to 0
[2025-12-28 20:44:51,463][lm-eval][INFO] - Setting fewshot random generator seed to 23
[2025-12-28 20:44:51,464][lm-eval][INFO] - Building contexts for _ro_belebele on rank 0...
[2025-12-28 20:44:52,057][lm-eval][INFO] - Running loglikelihood requests
[2025-12-28 20:45:44,844][lm-eval][WARNING] - Failed to get model SHA for outputs/milestone_meta-llama_Llama-3.2-1B_r16/merged/checkpoint-22 at revision main. Error: Repo id must be in the form 'repo_name' or 'namespace/repo_name': 'outputs/milestone_meta-llama_Llama-3.2-1B_r16/merged/checkpoint-22'. Use `repo_type` argument if needed.
[2025-12-28 20:45:45,943][__name__][INFO] - ✅ Finished _ro_belebele
[2025-12-28 20:45:46,037][__name__][INFO] - 💾 Saved partial results: /home/dan-parii/Documents/ContinualPretrainRo/continual_pretrain/eval_results/outputs_milestone_meta-llama_Llama-3.2-1B_r16_merged_checkpoint-22/2025-12-28_20-44-05/_ro_belebele.json
[2025-12-28 20:45:46,037][__name__][INFO] - 🚀 Running evaluation for ro_wiki | fewshot=0 | limit=1000
[2025-12-28 20:45:46,037][__name__][INFO] - Running outputs/milestone_meta-llama_Llama-3.2-1B_r16/merged/checkpoint-22 with apply_chat_template True
[2025-12-28 20:45:46,039][lm-eval][INFO] - Setting random seed to 23 | Setting numpy seed to 23 | Setting torch manual seed to 23
[2025-12-28 20:45:46,039][lm-eval][INFO] - Initializing hf model, with arguments: {'pretrained': 'outputs/milestone_meta-llama_Llama-3.2-1B_r16/merged/checkpoint-22', 'tokenizer': 'outputs/milestone_meta-llama_Llama-3.2-1B_r16/merged/checkpoint-22', 'max_length': 4096, 'eval_max_length': 16384, 'truncation': True, 'dtype': 'bfloat16'}
[2025-12-28 20:45:46,040][lm-eval][INFO] - Using device 'cuda'
[2025-12-28 20:45:46,700][lm-eval][INFO] - `group` and `group_alias` keys in tasks' configs will no longer be used in the next release of lm-eval. `tag` will be used to allow to call a collection of tasks just like `group`. `group` will be removed in order to not cause confusion with the new ConfigurableGroup which will be the offical way to create groups with addition of group-wide configuations.
[2025-12-28 20:45:49,623][lm-eval][WARNING] - [Task: ro_wiki] metric word_perplexity is defined, but aggregation is not. using default aggregation=weighted_perplexity
[2025-12-28 20:45:49,624][lm-eval][WARNING] - [Task: ro_wiki] metric word_perplexity is defined, but higher_is_better is not. using default higher_is_better=False
[2025-12-28 20:45:49,624][lm-eval][WARNING] - [Task: ro_wiki] metric byte_perplexity is defined, but aggregation is not. using default aggregation=weighted_perplexity
[2025-12-28 20:45:49,624][lm-eval][WARNING] - [Task: ro_wiki] metric byte_perplexity is defined, but higher_is_better is not. using default higher_is_better=False
[2025-12-28 20:45:49,624][lm-eval][WARNING] - [Task: ro_wiki] metric bits_per_byte is defined, but aggregation is not. using default aggregation=bits_per_byte
[2025-12-28 20:45:49,625][lm-eval][WARNING] - [Task: ro_wiki] metric bits_per_byte is defined, but higher_is_better is not. using default higher_is_better=False
[2025-12-28 20:45:52,334][lm-eval][WARNING] - Overwriting default num_fewshot of ro_wiki from None to 0
[2025-12-28 20:45:52,334][lm-eval][INFO] - Setting fewshot random generator seed to 23
[2025-12-28 20:45:52,335][lm-eval][INFO] - Building contexts for ro_wiki on rank 0...
[2025-12-28 20:45:52,477][lm-eval][INFO] - Running loglikelihood_rolling requests
[2025-12-28 20:46:30,733][lm-eval][WARNING] - Failed to get model SHA for outputs/milestone_meta-llama_Llama-3.2-1B_r16/merged/checkpoint-22 at revision main. Error: Repo id must be in the form 'repo_name' or 'namespace/repo_name': 'outputs/milestone_meta-llama_Llama-3.2-1B_r16/merged/checkpoint-22'. Use `repo_type` argument if needed.
[2025-12-28 20:46:31,833][__name__][INFO] - ✅ Finished ro_wiki
[2025-12-28 20:46:31,953][__name__][INFO] - 💾 Saved partial results: /home/dan-parii/Documents/ContinualPretrainRo/continual_pretrain/eval_results/outputs_milestone_meta-llama_Llama-3.2-1B_r16_merged_checkpoint-22/2025-12-28_20-44-05/ro_wiki.json
[2025-12-28 20:46:31,954][__name__][INFO] - 🚀 Running evaluation for _ro_arc_challenge | fewshot=5 | limit=1000
[2025-12-28 20:46:31,954][__name__][INFO] - Running outputs/milestone_meta-llama_Llama-3.2-1B_r16/merged/checkpoint-22 with apply_chat_template True
[2025-12-28 20:46:31,954][__name__][INFO] - 📝 Using fewshot_as_multiturn=True and custom system instruction
[2025-12-28 20:46:31,955][lm-eval][INFO] - Setting random seed to 23 | Setting numpy seed to 23 | Setting torch manual seed to 23
[2025-12-28 20:46:31,955][lm-eval][INFO] - Initializing hf model, with arguments: {'pretrained': 'outputs/milestone_meta-llama_Llama-3.2-1B_r16/merged/checkpoint-22', 'tokenizer': 'outputs/milestone_meta-llama_Llama-3.2-1B_r16/merged/checkpoint-22', 'max_length': 4096, 'eval_max_length': 16384, 'truncation': True, 'dtype': 'bfloat16'}
[2025-12-28 20:46:31,957][lm-eval][INFO] - Using device 'cuda'
[2025-12-28 20:46:32,607][lm-eval][INFO] - `group` and `group_alias` keys in tasks' configs will no longer be used in the next release of lm-eval. `tag` will be used to allow to call a collection of tasks just like `group`. `group` will be removed in order to not cause confusion with the new ConfigurableGroup which will be the offical way to create groups with addition of group-wide configuations.
[2025-12-28 20:46:37,733][lm-eval][WARNING] - Overwriting default num_fewshot of _ro_arc_challenge from None to 5
[2025-12-28 20:46:37,734][lm-eval][INFO] - Setting fewshot random generator seed to 23
[2025-12-28 20:46:37,735][lm-eval][INFO] - Building contexts for _ro_arc_challenge on rank 0...
[2025-12-28 20:46:39,304][lm-eval][INFO] - Running loglikelihood requests
[2025-12-28 20:48:09,379][lm-eval][WARNING] - Failed to get model SHA for outputs/milestone_meta-llama_Llama-3.2-1B_r16/merged/checkpoint-22 at revision main. Error: Repo id must be in the form 'repo_name' or 'namespace/repo_name': 'outputs/milestone_meta-llama_Llama-3.2-1B_r16/merged/checkpoint-22'. Use `repo_type` argument if needed.
[2025-12-28 20:48:10,516][__name__][INFO] - ✅ Finished _ro_arc_challenge
[2025-12-28 20:48:10,706][__name__][INFO] - 💾 Saved partial results: /home/dan-parii/Documents/ContinualPretrainRo/continual_pretrain/eval_results/outputs_milestone_meta-llama_Llama-3.2-1B_r16_merged_checkpoint-22/2025-12-28_20-44-05/_ro_arc_challenge.json
[2025-12-28 20:48:10,707][__name__][INFO] - 🚀 Running evaluation for arc_challenge | fewshot=5 | limit=1000
[2025-12-28 20:48:10,707][__name__][INFO] - Running outputs/milestone_meta-llama_Llama-3.2-1B_r16/merged/checkpoint-22 with apply_chat_template True
[2025-12-28 20:48:10,707][__name__][INFO] - 📝 Using fewshot_as_multiturn=True and custom system instruction
[2025-12-28 20:48:10,708][lm-eval][INFO] - Setting random seed to 23 | Setting numpy seed to 23 | Setting torch manual seed to 23
[2025-12-28 20:48:10,709][lm-eval][INFO] - Initializing hf model, with arguments: {'pretrained': 'outputs/milestone_meta-llama_Llama-3.2-1B_r16/merged/checkpoint-22', 'tokenizer': 'outputs/milestone_meta-llama_Llama-3.2-1B_r16/merged/checkpoint-22', 'max_length': 4096, 'eval_max_length': 16384, 'truncation': True, 'dtype': 'bfloat16'}
[2025-12-28 20:48:10,710][lm-eval][INFO] - Using device 'cuda'
[2025-12-28 20:48:11,343][lm-eval][INFO] - `group` and `group_alias` keys in tasks' configs will no longer be used in the next release of lm-eval. `tag` will be used to allow to call a collection of tasks just like `group`. `group` will be removed in order to not cause confusion with the new ConfigurableGroup which will be the offical way to create groups with addition of group-wide configuations.
[2025-12-28 20:48:16,898][lm-eval][WARNING] - Overwriting default num_fewshot of arc_challenge from None to 5
[2025-12-28 20:48:16,898][lm-eval][INFO] - Setting fewshot random generator seed to 23
[2025-12-28 20:48:16,899][lm-eval][INFO] - Building contexts for arc_challenge on rank 0...
[2025-12-28 20:48:21,250][lm-eval][INFO] - Running loglikelihood requests
[2025-12-28 20:49:18,959][lm-eval][WARNING] - Failed to get model SHA for outputs/milestone_meta-llama_Llama-3.2-1B_r16/merged/checkpoint-22 at revision main. Error: Repo id must be in the form 'repo_name' or 'namespace/repo_name': 'outputs/milestone_meta-llama_Llama-3.2-1B_r16/merged/checkpoint-22'. Use `repo_type` argument if needed.
[2025-12-28 20:49:20,042][__name__][INFO] - ✅ Finished arc_challenge
[2025-12-28 20:49:20,228][__name__][INFO] - 💾 Saved partial results: /home/dan-parii/Documents/ContinualPretrainRo/continual_pretrain/eval_results/outputs_milestone_meta-llama_Llama-3.2-1B_r16_merged_checkpoint-22/2025-12-28_20-44-05/arc_challenge.json
[2025-12-28 20:49:20,228][__name__][INFO] - 🚀 Running evaluation for winogrande | fewshot=5 | limit=1000
[2025-12-28 20:49:20,229][__name__][INFO] - Running outputs/milestone_meta-llama_Llama-3.2-1B_r16/merged/checkpoint-22 with apply_chat_template True
[2025-12-28 20:49:20,229][__name__][INFO] - 📝 Using fewshot_as_multiturn=True and custom system instruction
[2025-12-28 20:49:20,230][lm-eval][INFO] - Setting random seed to 23 | Setting numpy seed to 23 | Setting torch manual seed to 23
[2025-12-28 20:49:20,230][lm-eval][INFO] - Initializing hf model, with arguments: {'pretrained': 'outputs/milestone_meta-llama_Llama-3.2-1B_r16/merged/checkpoint-22', 'tokenizer': 'outputs/milestone_meta-llama_Llama-3.2-1B_r16/merged/checkpoint-22', 'max_length': 4096, 'eval_max_length': 16384, 'truncation': True, 'dtype': 'bfloat16'}
[2025-12-28 20:49:20,231][lm-eval][INFO] - Using device 'cuda'
[2025-12-28 20:49:21,056][lm-eval][INFO] - `group` and `group_alias` keys in tasks' configs will no longer be used in the next release of lm-eval. `tag` will be used to allow to call a collection of tasks just like `group`. `group` will be removed in order to not cause confusion with the new ConfigurableGroup which will be the offical way to create groups with addition of group-wide configuations.
[2025-12-28 20:49:23,941][datasets.load][ERROR] - `trust_remote_code` is not supported anymore.
Please check that the Hugging Face dataset 'winogrande' isn't based on a loading script and remove `trust_remote_code`.
If the dataset is based on a loading script, please ask the dataset author to remove it and convert it to a standard format like Parquet.
[2025-12-28 20:49:28,986][lm-eval][WARNING] - Overwriting default num_fewshot of winogrande from None to 5
[2025-12-28 20:49:28,986][lm-eval][INFO] - Setting fewshot random generator seed to 23
[2025-12-28 20:49:28,987][lm-eval][INFO] - Building contexts for winogrande on rank 0...
[2025-12-28 20:49:29,079][lm-eval][INFO] - Running loglikelihood requests
[2025-12-28 20:49:49,556][lm-eval][WARNING] - Failed to get model SHA for outputs/milestone_meta-llama_Llama-3.2-1B_r16/merged/checkpoint-22 at revision main. Error: Repo id must be in the form 'repo_name' or 'namespace/repo_name': 'outputs/milestone_meta-llama_Llama-3.2-1B_r16/merged/checkpoint-22'. Use `repo_type` argument if needed.
[2025-12-28 20:49:50,676][__name__][INFO] - ✅ Finished winogrande
[2025-12-28 20:49:50,765][__name__][INFO] - 💾 Saved partial results: /home/dan-parii/Documents/ContinualPretrainRo/continual_pretrain/eval_results/outputs_milestone_meta-llama_Llama-3.2-1B_r16_merged_checkpoint-22/2025-12-28_20-44-05/winogrande.json
[2025-12-28 20:49:50,765][__name__][INFO] - 🚀 Running evaluation for wikitext | fewshot=5 | limit=1000
[2025-12-28 20:49:50,765][__name__][INFO] - Running outputs/milestone_meta-llama_Llama-3.2-1B_r16/merged/checkpoint-22 with apply_chat_template True
[2025-12-28 20:49:50,766][lm-eval][INFO] - Setting random seed to 23 | Setting numpy seed to 23 | Setting torch manual seed to 23
[2025-12-28 20:49:50,767][lm-eval][INFO] - Initializing hf model, with arguments: {'pretrained': 'outputs/milestone_meta-llama_Llama-3.2-1B_r16/merged/checkpoint-22', 'tokenizer': 'outputs/milestone_meta-llama_Llama-3.2-1B_r16/merged/checkpoint-22', 'max_length': 4096, 'eval_max_length': 16384, 'truncation': True, 'dtype': 'bfloat16'}
[2025-12-28 20:49:50,768][lm-eval][INFO] - Using device 'cuda'
[2025-12-28 20:49:51,419][lm-eval][INFO] - `group` and `group_alias` keys in tasks' configs will no longer be used in the next release of lm-eval. `tag` will be used to allow to call a collection of tasks just like `group`. `group` will be removed in order to not cause confusion with the new ConfigurableGroup which will be the offical way to create groups with addition of group-wide configuations.
[2025-12-28 20:49:54,334][lm-eval][WARNING] - [Task: wikitext] metric word_perplexity is defined, but aggregation is not. using default aggregation=weighted_perplexity
[2025-12-28 20:49:54,335][lm-eval][WARNING] - [Task: wikitext] metric word_perplexity is defined, but higher_is_better is not. using default higher_is_better=False
[2025-12-28 20:49:54,335][lm-eval][WARNING] - [Task: wikitext] metric byte_perplexity is defined, but aggregation is not. using default aggregation=weighted_perplexity
[2025-12-28 20:49:54,335][lm-eval][WARNING] - [Task: wikitext] metric byte_perplexity is defined, but higher_is_better is not. using default higher_is_better=False
[2025-12-28 20:49:54,335][lm-eval][WARNING] - [Task: wikitext] metric bits_per_byte is defined, but aggregation is not. using default aggregation=bits_per_byte
[2025-12-28 20:49:54,336][lm-eval][WARNING] - [Task: wikitext] metric bits_per_byte is defined, but higher_is_better is not. using default higher_is_better=False
[2025-12-28 20:49:54,336][datasets.load][ERROR] - `trust_remote_code` is not supported anymore.
Please check that the Hugging Face dataset 'EleutherAI/wikitext_document_level' isn't based on a loading script and remove `trust_remote_code`.
If the dataset is based on a loading script, please ask the dataset author to remove it and convert it to a standard format like Parquet.
[2025-12-28 20:49:56,686][lm-eval][WARNING] - Overwriting default num_fewshot of wikitext from None to 5
[2025-12-28 20:49:56,686][lm-eval][INFO] - Setting fewshot random generator seed to 23
[2025-12-28 20:49:56,687][lm-eval][INFO] - Building contexts for wikitext on rank 0...
[2025-12-28 20:49:59,440][lm-eval][INFO] - Running loglikelihood_rolling requests
[2025-12-28 20:52:19,048][lm-eval][WARNING] - Failed to get model SHA for outputs/milestone_meta-llama_Llama-3.2-1B_r16/merged/checkpoint-22 at revision main. Error: Repo id must be in the form 'repo_name' or 'namespace/repo_name': 'outputs/milestone_meta-llama_Llama-3.2-1B_r16/merged/checkpoint-22'. Use `repo_type` argument if needed.
[2025-12-28 20:52:20,227][__name__][INFO] - ✅ Finished wikitext
[2025-12-28 20:52:20,655][__name__][INFO] - 💾 Saved partial results: /home/dan-parii/Documents/ContinualPretrainRo/continual_pretrain/eval_results/outputs_milestone_meta-llama_Llama-3.2-1B_r16_merged_checkpoint-22/2025-12-28_20-44-05/wikitext.json
[2025-12-28 20:52:21,544][__name__][INFO] - 📁 Combined results saved to: /home/dan-parii/Documents/ContinualPretrainRo/continual_pretrain/eval_results/outputs_milestone_meta-llama_Llama-3.2-1B_r16_merged_checkpoint-22/2025-12-28_20-44-05/eval_results.json
[2025-12-28 20:52:21,544][__name__][INFO] - 📊 Summary:
[2025-12-28 20:52:21,545][__name__][INFO] -   - _ro_winogrande: {'acc,none': 0.506, 'acc_stderr,none': 0.015818160898606836}
[2025-12-28 20:52:21,545][__name__][INFO] -   - _ro_belebele: {'acc_norm,none': 0.24444444444444444, 'acc_norm_stderr,none': 0.014333209259632437}
[2025-12-28 20:52:21,545][__name__][INFO] -   - ro_wiki: {'word_perplexity,none': 57.56872004489262, 'byte_perplexity,none': 1.8191501099353171, 'bits_per_byte,none': 0.8632645940746209}
[2025-12-28 20:52:21,545][__name__][INFO] -   - _ro_arc_challenge: {'acc_norm,none': 0.283, 'acc_norm_stderr,none': 0.01425181090648182}
[2025-12-28 20:52:21,546][__name__][INFO] -   - arc_challenge: {'acc,none': 0.32, 'acc_stderr,none': 0.014758652303574937, 'acc_norm,none': 0.323, 'acc_norm_stderr,none': 0.014794927843348541}
[2025-12-28 20:52:21,546][__name__][INFO] -   - winogrande: {'acc,none': 0.594, 'acc_stderr,none': 0.01553722643863458}
[2025-12-28 20:52:21,546][__name__][INFO] -   - wikitext: {'word_perplexity,none': 12.599611433808159, 'byte_perplexity,none': 1.6088207980654, 'bits_per_byte,none': 0.6860036373475639}
[2025-12-28 20:52:22,516][__name__][INFO] - 📊 W&B run finished
[2025-12-29 22:39:06,323][__name__][INFO] - Starting Romanian evaluation run
[2025-12-29 22:39:06,528][__name__][INFO] - 🚀 CUDA is available. Using GPU: NVIDIA GeForce RTX 3090
[2025-12-29 22:39:06,529][__name__][INFO] - 📁 Results will be saved in: /home/dan-parii/Documents/ContinualPretrainRo/continual_pretrain/eval_results/outputs_milestone_meta-llama_Llama-3.2-1B_r16_merged_checkpoint-7/2025-12-29_22-39-06
[2025-12-29 22:39:08,029][__name__][INFO] - 📊 W&B logging enabled with GPU monitoring
[2025-12-29 22:39:08,029][__name__][INFO] - 🚀 Running evaluation for _ro_winogrande | fewshot=5 | limit=1000
[2025-12-29 22:39:08,029][__name__][INFO] - Running outputs/milestone_meta-llama_Llama-3.2-1B_r16/merged/checkpoint-7 with apply_chat_template True
[2025-12-29 22:39:08,029][__name__][INFO] - 📝 Using fewshot_as_multiturn=True and custom system instruction
[2025-12-29 22:39:08,033][lm-eval][INFO] - Setting random seed to 23 | Setting numpy seed to 23 | Setting torch manual seed to 23
[2025-12-29 22:39:08,033][lm-eval][INFO] - Initializing hf model, with arguments: {'pretrained': 'outputs/milestone_meta-llama_Llama-3.2-1B_r16/merged/checkpoint-7', 'tokenizer': 'outputs/milestone_meta-llama_Llama-3.2-1B_r16/merged/checkpoint-7', 'max_length': 4096, 'eval_max_length': 16384, 'truncation': True, 'dtype': 'bfloat16'}
[2025-12-29 22:39:08,080][lm-eval][INFO] - Using device 'cuda'
[2025-12-29 22:39:08,856][lm-eval][INFO] - `group` and `group_alias` keys in tasks' configs will no longer be used in the next release of lm-eval. `tag` will be used to allow to call a collection of tasks just like `group`. `group` will be removed in order to not cause confusion with the new ConfigurableGroup which will be the offical way to create groups with addition of group-wide configuations.
[2025-12-29 22:39:15,861][lm-eval][WARNING] - Overwriting default num_fewshot of _ro_winogrande from None to 5
[2025-12-29 22:39:15,862][lm-eval][INFO] - Setting fewshot random generator seed to 23
[2025-12-29 22:39:15,866][lm-eval][INFO] - Building contexts for _ro_winogrande on rank 0...
[2025-12-29 22:39:15,979][lm-eval][INFO] - Running loglikelihood requests
[2025-12-29 22:39:45,801][lm-eval][WARNING] - Failed to get model SHA for outputs/milestone_meta-llama_Llama-3.2-1B_r16/merged/checkpoint-7 at revision main. Error: Repo id must be in the form 'repo_name' or 'namespace/repo_name': 'outputs/milestone_meta-llama_Llama-3.2-1B_r16/merged/checkpoint-7'. Use `repo_type` argument if needed.
[2025-12-29 22:39:46,768][__name__][INFO] - ✅ Finished _ro_winogrande
[2025-12-29 22:39:46,861][__name__][INFO] - 💾 Saved partial results: /home/dan-parii/Documents/ContinualPretrainRo/continual_pretrain/eval_results/outputs_milestone_meta-llama_Llama-3.2-1B_r16_merged_checkpoint-7/2025-12-29_22-39-06/_ro_winogrande.json
[2025-12-29 22:39:46,861][__name__][INFO] - 🚀 Running evaluation for _ro_belebele | fewshot=0 | limit=1000
[2025-12-29 22:39:46,861][__name__][INFO] - Running outputs/milestone_meta-llama_Llama-3.2-1B_r16/merged/checkpoint-7 with apply_chat_template True
[2025-12-29 22:39:46,861][__name__][INFO] - 📝 Using fewshot_as_multiturn=True and custom system instruction
[2025-12-29 22:39:46,863][lm-eval][INFO] - Setting random seed to 23 | Setting numpy seed to 23 | Setting torch manual seed to 23
[2025-12-29 22:39:46,863][lm-eval][INFO] - Initializing hf model, with arguments: {'pretrained': 'outputs/milestone_meta-llama_Llama-3.2-1B_r16/merged/checkpoint-7', 'tokenizer': 'outputs/milestone_meta-llama_Llama-3.2-1B_r16/merged/checkpoint-7', 'max_length': 4096, 'eval_max_length': 16384, 'truncation': True, 'dtype': 'bfloat16'}
[2025-12-29 22:39:46,864][lm-eval][INFO] - Using device 'cuda'
[2025-12-29 22:39:47,508][lm-eval][INFO] - `group` and `group_alias` keys in tasks' configs will no longer be used in the next release of lm-eval. `tag` will be used to allow to call a collection of tasks just like `group`. `group` will be removed in order to not cause confusion with the new ConfigurableGroup which will be the offical way to create groups with addition of group-wide configuations.
[2025-12-29 22:39:52,430][lm-eval][WARNING] - Overwriting default num_fewshot of _ro_belebele from None to 0
[2025-12-29 22:39:52,431][lm-eval][INFO] - Setting fewshot random generator seed to 23
[2025-12-29 22:39:52,431][lm-eval][INFO] - Building contexts for _ro_belebele on rank 0...
[2025-12-29 22:39:53,075][lm-eval][INFO] - Running loglikelihood requests
[2025-12-29 22:40:45,945][lm-eval][WARNING] - Failed to get model SHA for outputs/milestone_meta-llama_Llama-3.2-1B_r16/merged/checkpoint-7 at revision main. Error: Repo id must be in the form 'repo_name' or 'namespace/repo_name': 'outputs/milestone_meta-llama_Llama-3.2-1B_r16/merged/checkpoint-7'. Use `repo_type` argument if needed.
[2025-12-29 22:40:46,891][__name__][INFO] - ✅ Finished _ro_belebele
[2025-12-29 22:40:46,980][__name__][INFO] - 💾 Saved partial results: /home/dan-parii/Documents/ContinualPretrainRo/continual_pretrain/eval_results/outputs_milestone_meta-llama_Llama-3.2-1B_r16_merged_checkpoint-7/2025-12-29_22-39-06/_ro_belebele.json
[2025-12-29 22:40:46,980][__name__][INFO] - 🚀 Running evaluation for ro_wiki | fewshot=0 | limit=1000
[2025-12-29 22:40:46,980][__name__][INFO] - Running outputs/milestone_meta-llama_Llama-3.2-1B_r16/merged/checkpoint-7 with apply_chat_template True
[2025-12-29 22:40:46,981][lm-eval][INFO] - Setting random seed to 23 | Setting numpy seed to 23 | Setting torch manual seed to 23
[2025-12-29 22:40:46,982][lm-eval][INFO] - Initializing hf model, with arguments: {'pretrained': 'outputs/milestone_meta-llama_Llama-3.2-1B_r16/merged/checkpoint-7', 'tokenizer': 'outputs/milestone_meta-llama_Llama-3.2-1B_r16/merged/checkpoint-7', 'max_length': 4096, 'eval_max_length': 16384, 'truncation': True, 'dtype': 'bfloat16'}
[2025-12-29 22:40:46,982][lm-eval][INFO] - Using device 'cuda'
[2025-12-29 22:40:47,606][lm-eval][INFO] - `group` and `group_alias` keys in tasks' configs will no longer be used in the next release of lm-eval. `tag` will be used to allow to call a collection of tasks just like `group`. `group` will be removed in order to not cause confusion with the new ConfigurableGroup which will be the offical way to create groups with addition of group-wide configuations.
[2025-12-29 22:40:50,506][lm-eval][WARNING] - [Task: ro_wiki] metric word_perplexity is defined, but aggregation is not. using default aggregation=weighted_perplexity
[2025-12-29 22:40:50,506][lm-eval][WARNING] - [Task: ro_wiki] metric word_perplexity is defined, but higher_is_better is not. using default higher_is_better=False
[2025-12-29 22:40:50,506][lm-eval][WARNING] - [Task: ro_wiki] metric byte_perplexity is defined, but aggregation is not. using default aggregation=weighted_perplexity
[2025-12-29 22:40:50,506][lm-eval][WARNING] - [Task: ro_wiki] metric byte_perplexity is defined, but higher_is_better is not. using default higher_is_better=False
[2025-12-29 22:40:50,507][lm-eval][WARNING] - [Task: ro_wiki] metric bits_per_byte is defined, but aggregation is not. using default aggregation=bits_per_byte
[2025-12-29 22:40:50,507][lm-eval][WARNING] - [Task: ro_wiki] metric bits_per_byte is defined, but higher_is_better is not. using default higher_is_better=False
[2025-12-29 22:40:53,244][lm-eval][WARNING] - Overwriting default num_fewshot of ro_wiki from None to 0
[2025-12-29 22:40:53,244][lm-eval][INFO] - Setting fewshot random generator seed to 23
[2025-12-29 22:40:53,245][lm-eval][INFO] - Building contexts for ro_wiki on rank 0...
[2025-12-29 22:40:53,403][lm-eval][INFO] - Running loglikelihood_rolling requests
[2025-12-29 22:41:31,687][lm-eval][WARNING] - Failed to get model SHA for outputs/milestone_meta-llama_Llama-3.2-1B_r16/merged/checkpoint-7 at revision main. Error: Repo id must be in the form 'repo_name' or 'namespace/repo_name': 'outputs/milestone_meta-llama_Llama-3.2-1B_r16/merged/checkpoint-7'. Use `repo_type` argument if needed.
[2025-12-29 22:41:32,647][__name__][INFO] - ✅ Finished ro_wiki
[2025-12-29 22:41:32,767][__name__][INFO] - 💾 Saved partial results: /home/dan-parii/Documents/ContinualPretrainRo/continual_pretrain/eval_results/outputs_milestone_meta-llama_Llama-3.2-1B_r16_merged_checkpoint-7/2025-12-29_22-39-06/ro_wiki.json
[2025-12-29 22:41:32,767][__name__][INFO] - 🚀 Running evaluation for _ro_arc_challenge | fewshot=5 | limit=1000
[2025-12-29 22:41:32,767][__name__][INFO] - Running outputs/milestone_meta-llama_Llama-3.2-1B_r16/merged/checkpoint-7 with apply_chat_template True
[2025-12-29 22:41:32,768][__name__][INFO] - 📝 Using fewshot_as_multiturn=True and custom system instruction
[2025-12-29 22:41:32,769][lm-eval][INFO] - Setting random seed to 23 | Setting numpy seed to 23 | Setting torch manual seed to 23
[2025-12-29 22:41:32,769][lm-eval][INFO] - Initializing hf model, with arguments: {'pretrained': 'outputs/milestone_meta-llama_Llama-3.2-1B_r16/merged/checkpoint-7', 'tokenizer': 'outputs/milestone_meta-llama_Llama-3.2-1B_r16/merged/checkpoint-7', 'max_length': 4096, 'eval_max_length': 16384, 'truncation': True, 'dtype': 'bfloat16'}
[2025-12-29 22:41:32,770][lm-eval][INFO] - Using device 'cuda'
[2025-12-29 22:41:33,392][lm-eval][INFO] - `group` and `group_alias` keys in tasks' configs will no longer be used in the next release of lm-eval. `tag` will be used to allow to call a collection of tasks just like `group`. `group` will be removed in order to not cause confusion with the new ConfigurableGroup which will be the offical way to create groups with addition of group-wide configuations.
[2025-12-29 22:41:40,174][lm-eval][WARNING] - Overwriting default num_fewshot of _ro_arc_challenge from None to 5
[2025-12-29 22:41:40,175][lm-eval][INFO] - Setting fewshot random generator seed to 23
[2025-12-29 22:41:40,176][lm-eval][INFO] - Building contexts for _ro_arc_challenge on rank 0...
[2025-12-29 22:41:41,613][lm-eval][INFO] - Running loglikelihood requests
[2025-12-29 22:43:12,120][lm-eval][WARNING] - Failed to get model SHA for outputs/milestone_meta-llama_Llama-3.2-1B_r16/merged/checkpoint-7 at revision main. Error: Repo id must be in the form 'repo_name' or 'namespace/repo_name': 'outputs/milestone_meta-llama_Llama-3.2-1B_r16/merged/checkpoint-7'. Use `repo_type` argument if needed.
[2025-12-29 22:43:13,112][__name__][INFO] - ✅ Finished _ro_arc_challenge
[2025-12-29 22:43:13,297][__name__][INFO] - 💾 Saved partial results: /home/dan-parii/Documents/ContinualPretrainRo/continual_pretrain/eval_results/outputs_milestone_meta-llama_Llama-3.2-1B_r16_merged_checkpoint-7/2025-12-29_22-39-06/_ro_arc_challenge.json
[2025-12-29 22:43:13,298][__name__][INFO] - 🚀 Running evaluation for arc_challenge | fewshot=5 | limit=1000
[2025-12-29 22:43:13,298][__name__][INFO] - Running outputs/milestone_meta-llama_Llama-3.2-1B_r16/merged/checkpoint-7 with apply_chat_template True
[2025-12-29 22:43:13,298][__name__][INFO] - 📝 Using fewshot_as_multiturn=True and custom system instruction
[2025-12-29 22:43:13,300][lm-eval][INFO] - Setting random seed to 23 | Setting numpy seed to 23 | Setting torch manual seed to 23
[2025-12-29 22:43:13,300][lm-eval][INFO] - Initializing hf model, with arguments: {'pretrained': 'outputs/milestone_meta-llama_Llama-3.2-1B_r16/merged/checkpoint-7', 'tokenizer': 'outputs/milestone_meta-llama_Llama-3.2-1B_r16/merged/checkpoint-7', 'max_length': 4096, 'eval_max_length': 16384, 'truncation': True, 'dtype': 'bfloat16'}
[2025-12-29 22:43:13,300][lm-eval][INFO] - Using device 'cuda'
[2025-12-29 22:43:13,919][lm-eval][INFO] - `group` and `group_alias` keys in tasks' configs will no longer be used in the next release of lm-eval. `tag` will be used to allow to call a collection of tasks just like `group`. `group` will be removed in order to not cause confusion with the new ConfigurableGroup which will be the offical way to create groups with addition of group-wide configuations.
[2025-12-29 22:43:19,530][lm-eval][WARNING] - Overwriting default num_fewshot of arc_challenge from None to 5
[2025-12-29 22:43:19,530][lm-eval][INFO] - Setting fewshot random generator seed to 23
[2025-12-29 22:43:19,531][lm-eval][INFO] - Building contexts for arc_challenge on rank 0...
[2025-12-29 22:43:23,921][lm-eval][INFO] - Running loglikelihood requests
[2025-12-29 22:44:21,694][lm-eval][WARNING] - Failed to get model SHA for outputs/milestone_meta-llama_Llama-3.2-1B_r16/merged/checkpoint-7 at revision main. Error: Repo id must be in the form 'repo_name' or 'namespace/repo_name': 'outputs/milestone_meta-llama_Llama-3.2-1B_r16/merged/checkpoint-7'. Use `repo_type` argument if needed.
[2025-12-29 22:44:22,638][__name__][INFO] - ✅ Finished arc_challenge
[2025-12-29 22:44:22,818][__name__][INFO] - 💾 Saved partial results: /home/dan-parii/Documents/ContinualPretrainRo/continual_pretrain/eval_results/outputs_milestone_meta-llama_Llama-3.2-1B_r16_merged_checkpoint-7/2025-12-29_22-39-06/arc_challenge.json
[2025-12-29 22:44:22,818][__name__][INFO] - 🚀 Running evaluation for winogrande | fewshot=5 | limit=1000
[2025-12-29 22:44:22,819][__name__][INFO] - Running outputs/milestone_meta-llama_Llama-3.2-1B_r16/merged/checkpoint-7 with apply_chat_template True
[2025-12-29 22:44:22,819][__name__][INFO] - 📝 Using fewshot_as_multiturn=True and custom system instruction
[2025-12-29 22:44:22,821][lm-eval][INFO] - Setting random seed to 23 | Setting numpy seed to 23 | Setting torch manual seed to 23
[2025-12-29 22:44:22,821][lm-eval][INFO] - Initializing hf model, with arguments: {'pretrained': 'outputs/milestone_meta-llama_Llama-3.2-1B_r16/merged/checkpoint-7', 'tokenizer': 'outputs/milestone_meta-llama_Llama-3.2-1B_r16/merged/checkpoint-7', 'max_length': 4096, 'eval_max_length': 16384, 'truncation': True, 'dtype': 'bfloat16'}
[2025-12-29 22:44:22,821][lm-eval][INFO] - Using device 'cuda'
[2025-12-29 22:44:23,455][lm-eval][INFO] - `group` and `group_alias` keys in tasks' configs will no longer be used in the next release of lm-eval. `tag` will be used to allow to call a collection of tasks just like `group`. `group` will be removed in order to not cause confusion with the new ConfigurableGroup which will be the offical way to create groups with addition of group-wide configuations.
[2025-12-29 22:44:26,362][datasets.load][ERROR] - `trust_remote_code` is not supported anymore.
Please check that the Hugging Face dataset 'winogrande' isn't based on a loading script and remove `trust_remote_code`.
If the dataset is based on a loading script, please ask the dataset author to remove it and convert it to a standard format like Parquet.
[2025-12-29 22:44:30,404][lm-eval][WARNING] - Overwriting default num_fewshot of winogrande from None to 5
[2025-12-29 22:44:30,405][lm-eval][INFO] - Setting fewshot random generator seed to 23
[2025-12-29 22:44:30,409][lm-eval][INFO] - Building contexts for winogrande on rank 0...
[2025-12-29 22:44:30,496][lm-eval][INFO] - Running loglikelihood requests
[2025-12-29 22:44:51,034][lm-eval][WARNING] - Failed to get model SHA for outputs/milestone_meta-llama_Llama-3.2-1B_r16/merged/checkpoint-7 at revision main. Error: Repo id must be in the form 'repo_name' or 'namespace/repo_name': 'outputs/milestone_meta-llama_Llama-3.2-1B_r16/merged/checkpoint-7'. Use `repo_type` argument if needed.
[2025-12-29 22:44:52,033][__name__][INFO] - ✅ Finished winogrande
[2025-12-29 22:44:52,119][__name__][INFO] - 💾 Saved partial results: /home/dan-parii/Documents/ContinualPretrainRo/continual_pretrain/eval_results/outputs_milestone_meta-llama_Llama-3.2-1B_r16_merged_checkpoint-7/2025-12-29_22-39-06/winogrande.json
[2025-12-29 22:44:52,119][__name__][INFO] - 🚀 Running evaluation for wikitext | fewshot=5 | limit=1000
[2025-12-29 22:44:52,120][__name__][INFO] - Running outputs/milestone_meta-llama_Llama-3.2-1B_r16/merged/checkpoint-7 with apply_chat_template True
[2025-12-29 22:44:52,121][lm-eval][INFO] - Setting random seed to 23 | Setting numpy seed to 23 | Setting torch manual seed to 23
[2025-12-29 22:44:52,121][lm-eval][INFO] - Initializing hf model, with arguments: {'pretrained': 'outputs/milestone_meta-llama_Llama-3.2-1B_r16/merged/checkpoint-7', 'tokenizer': 'outputs/milestone_meta-llama_Llama-3.2-1B_r16/merged/checkpoint-7', 'max_length': 4096, 'eval_max_length': 16384, 'truncation': True, 'dtype': 'bfloat16'}
[2025-12-29 22:44:52,122][lm-eval][INFO] - Using device 'cuda'
[2025-12-29 22:44:52,750][lm-eval][INFO] - `group` and `group_alias` keys in tasks' configs will no longer be used in the next release of lm-eval. `tag` will be used to allow to call a collection of tasks just like `group`. `group` will be removed in order to not cause confusion with the new ConfigurableGroup which will be the offical way to create groups with addition of group-wide configuations.
[2025-12-29 22:44:55,680][lm-eval][WARNING] - [Task: wikitext] metric word_perplexity is defined, but aggregation is not. using default aggregation=weighted_perplexity
[2025-12-29 22:44:55,681][lm-eval][WARNING] - [Task: wikitext] metric word_perplexity is defined, but higher_is_better is not. using default higher_is_better=False
[2025-12-29 22:44:55,681][lm-eval][WARNING] - [Task: wikitext] metric byte_perplexity is defined, but aggregation is not. using default aggregation=weighted_perplexity
[2025-12-29 22:44:55,681][lm-eval][WARNING] - [Task: wikitext] metric byte_perplexity is defined, but higher_is_better is not. using default higher_is_better=False
[2025-12-29 22:44:55,681][lm-eval][WARNING] - [Task: wikitext] metric bits_per_byte is defined, but aggregation is not. using default aggregation=bits_per_byte
[2025-12-29 22:44:55,681][lm-eval][WARNING] - [Task: wikitext] metric bits_per_byte is defined, but higher_is_better is not. using default higher_is_better=False
[2025-12-29 22:44:55,682][datasets.load][ERROR] - `trust_remote_code` is not supported anymore.
Please check that the Hugging Face dataset 'EleutherAI/wikitext_document_level' isn't based on a loading script and remove `trust_remote_code`.
If the dataset is based on a loading script, please ask the dataset author to remove it and convert it to a standard format like Parquet.
[2025-12-29 22:44:58,839][lm-eval][WARNING] - Overwriting default num_fewshot of wikitext from None to 5
[2025-12-29 22:44:58,839][lm-eval][INFO] - Setting fewshot random generator seed to 23
[2025-12-29 22:44:58,840][lm-eval][INFO] - Building contexts for wikitext on rank 0...
[2025-12-29 22:45:01,650][lm-eval][INFO] - Running loglikelihood_rolling requests
[2025-12-29 22:47:21,407][lm-eval][WARNING] - Failed to get model SHA for outputs/milestone_meta-llama_Llama-3.2-1B_r16/merged/checkpoint-7 at revision main. Error: Repo id must be in the form 'repo_name' or 'namespace/repo_name': 'outputs/milestone_meta-llama_Llama-3.2-1B_r16/merged/checkpoint-7'. Use `repo_type` argument if needed.
[2025-12-29 22:47:22,431][__name__][INFO] - ✅ Finished wikitext
[2025-12-29 22:47:22,865][__name__][INFO] - 💾 Saved partial results: /home/dan-parii/Documents/ContinualPretrainRo/continual_pretrain/eval_results/outputs_milestone_meta-llama_Llama-3.2-1B_r16_merged_checkpoint-7/2025-12-29_22-39-06/wikitext.json
[2025-12-29 22:47:23,749][__name__][INFO] - 📁 Combined results saved to: /home/dan-parii/Documents/ContinualPretrainRo/continual_pretrain/eval_results/outputs_milestone_meta-llama_Llama-3.2-1B_r16_merged_checkpoint-7/2025-12-29_22-39-06/eval_results.json
[2025-12-29 22:47:23,749][__name__][INFO] - 📊 Summary:
[2025-12-29 22:47:23,749][__name__][INFO] -   - _ro_winogrande: {'acc,none': 0.52, 'acc_stderr,none': 0.015806639423035177}
[2025-12-29 22:47:23,750][__name__][INFO] -   - _ro_belebele: {'acc_norm,none': 0.24444444444444444, 'acc_norm_stderr,none': 0.014333209259632437}
[2025-12-29 22:47:23,750][__name__][INFO] -   - ro_wiki: {'word_perplexity,none': 57.69879953835104, 'byte_perplexity,none': 1.8197563825658916, 'bits_per_byte,none': 0.8637453244959449}
[2025-12-29 22:47:23,750][__name__][INFO] -   - _ro_arc_challenge: {'acc_norm,none': 0.285, 'acc_norm_stderr,none': 0.014282120955200562}
[2025-12-29 22:47:23,750][__name__][INFO] -   - arc_challenge: {'acc,none': 0.314, 'acc_stderr,none': 0.014683991951088084, 'acc_norm,none': 0.32, 'acc_norm_stderr,none': 0.014758652303574937}
[2025-12-29 22:47:23,750][__name__][INFO] -   - winogrande: {'acc,none': 0.592, 'acc_stderr,none': 0.015549205052920803}
[2025-12-29 22:47:23,750][__name__][INFO] -   - wikitext: {'word_perplexity,none': 12.606839757235731, 'byte_perplexity,none': 1.6089939747590674, 'bits_per_byte,none': 0.6861589235744174}
[2025-12-29 22:47:24,921][__name__][INFO] - 📊 W&B run finished
[2025-12-29 22:50:27,398][__name__][INFO] - Starting Romanian evaluation run
[2025-12-29 22:50:27,552][__name__][INFO] - 🚀 CUDA is available. Using GPU: NVIDIA GeForce RTX 3090
[2025-12-29 22:50:27,553][__name__][INFO] - 📁 Results will be saved in: /home/dan-parii/Documents/ContinualPretrainRo/continual_pretrain/eval_results/outputs_milestone_meta-llama_Llama-3.2-1B_r16_merged_checkpoint-15/2025-12-29_22-50-27
[2025-12-29 22:50:29,096][__name__][INFO] - 📊 W&B logging enabled with GPU monitoring
[2025-12-29 22:50:29,097][__name__][INFO] - 🚀 Running evaluation for _ro_winogrande | fewshot=5 | limit=1000
[2025-12-29 22:50:29,097][__name__][INFO] - Running outputs/milestone_meta-llama_Llama-3.2-1B_r16/merged/checkpoint-15 with apply_chat_template True
[2025-12-29 22:50:29,097][__name__][INFO] - 📝 Using fewshot_as_multiturn=True and custom system instruction
[2025-12-29 22:50:29,102][lm-eval][INFO] - Setting random seed to 23 | Setting numpy seed to 23 | Setting torch manual seed to 23
[2025-12-29 22:50:29,103][lm-eval][INFO] - Initializing hf model, with arguments: {'pretrained': 'outputs/milestone_meta-llama_Llama-3.2-1B_r16/merged/checkpoint-15', 'tokenizer': 'outputs/milestone_meta-llama_Llama-3.2-1B_r16/merged/checkpoint-15', 'max_length': 4096, 'eval_max_length': 16384, 'truncation': True, 'dtype': 'bfloat16'}
[2025-12-29 22:50:29,152][lm-eval][INFO] - Using device 'cuda'
[2025-12-29 22:50:29,909][lm-eval][INFO] - `group` and `group_alias` keys in tasks' configs will no longer be used in the next release of lm-eval. `tag` will be used to allow to call a collection of tasks just like `group`. `group` will be removed in order to not cause confusion with the new ConfigurableGroup which will be the offical way to create groups with addition of group-wide configuations.
[2025-12-29 22:50:35,489][lm-eval][WARNING] - Overwriting default num_fewshot of _ro_winogrande from None to 5
[2025-12-29 22:50:35,490][lm-eval][INFO] - Setting fewshot random generator seed to 23
[2025-12-29 22:50:35,494][lm-eval][INFO] - Building contexts for _ro_winogrande on rank 0...
[2025-12-29 22:50:35,607][lm-eval][INFO] - Running loglikelihood requests
[2025-12-29 22:51:05,464][lm-eval][WARNING] - Failed to get model SHA for outputs/milestone_meta-llama_Llama-3.2-1B_r16/merged/checkpoint-15 at revision main. Error: Repo id must be in the form 'repo_name' or 'namespace/repo_name': 'outputs/milestone_meta-llama_Llama-3.2-1B_r16/merged/checkpoint-15'. Use `repo_type` argument if needed.
[2025-12-29 22:51:06,410][__name__][INFO] - ✅ Finished _ro_winogrande
[2025-12-29 22:51:06,501][__name__][INFO] - 💾 Saved partial results: /home/dan-parii/Documents/ContinualPretrainRo/continual_pretrain/eval_results/outputs_milestone_meta-llama_Llama-3.2-1B_r16_merged_checkpoint-15/2025-12-29_22-50-27/_ro_winogrande.json
[2025-12-29 22:51:06,502][__name__][INFO] - 🚀 Running evaluation for _ro_belebele | fewshot=0 | limit=1000
[2025-12-29 22:51:06,502][__name__][INFO] - Running outputs/milestone_meta-llama_Llama-3.2-1B_r16/merged/checkpoint-15 with apply_chat_template True
[2025-12-29 22:51:06,502][__name__][INFO] - 📝 Using fewshot_as_multiturn=True and custom system instruction
[2025-12-29 22:51:06,504][lm-eval][INFO] - Setting random seed to 23 | Setting numpy seed to 23 | Setting torch manual seed to 23
[2025-12-29 22:51:06,504][lm-eval][INFO] - Initializing hf model, with arguments: {'pretrained': 'outputs/milestone_meta-llama_Llama-3.2-1B_r16/merged/checkpoint-15', 'tokenizer': 'outputs/milestone_meta-llama_Llama-3.2-1B_r16/merged/checkpoint-15', 'max_length': 4096, 'eval_max_length': 16384, 'truncation': True, 'dtype': 'bfloat16'}
[2025-12-29 22:51:06,504][lm-eval][INFO] - Using device 'cuda'
[2025-12-29 22:51:07,151][lm-eval][INFO] - `group` and `group_alias` keys in tasks' configs will no longer be used in the next release of lm-eval. `tag` will be used to allow to call a collection of tasks just like `group`. `group` will be removed in order to not cause confusion with the new ConfigurableGroup which will be the offical way to create groups with addition of group-wide configuations.
[2025-12-29 22:51:12,806][lm-eval][WARNING] - Overwriting default num_fewshot of _ro_belebele from None to 0
[2025-12-29 22:51:12,806][lm-eval][INFO] - Setting fewshot random generator seed to 23
[2025-12-29 22:51:12,807][lm-eval][INFO] - Building contexts for _ro_belebele on rank 0...
[2025-12-29 22:51:13,469][lm-eval][INFO] - Running loglikelihood requests
[2025-12-29 22:52:06,474][lm-eval][WARNING] - Failed to get model SHA for outputs/milestone_meta-llama_Llama-3.2-1B_r16/merged/checkpoint-15 at revision main. Error: Repo id must be in the form 'repo_name' or 'namespace/repo_name': 'outputs/milestone_meta-llama_Llama-3.2-1B_r16/merged/checkpoint-15'. Use `repo_type` argument if needed.
[2025-12-29 22:52:07,569][__name__][INFO] - ✅ Finished _ro_belebele
[2025-12-29 22:52:07,664][__name__][INFO] - 💾 Saved partial results: /home/dan-parii/Documents/ContinualPretrainRo/continual_pretrain/eval_results/outputs_milestone_meta-llama_Llama-3.2-1B_r16_merged_checkpoint-15/2025-12-29_22-50-27/_ro_belebele.json
[2025-12-29 22:52:07,664][__name__][INFO] - 🚀 Running evaluation for ro_wiki | fewshot=0 | limit=1000
[2025-12-29 22:52:07,665][__name__][INFO] - Running outputs/milestone_meta-llama_Llama-3.2-1B_r16/merged/checkpoint-15 with apply_chat_template True
[2025-12-29 22:52:07,666][lm-eval][INFO] - Setting random seed to 23 | Setting numpy seed to 23 | Setting torch manual seed to 23
[2025-12-29 22:52:07,666][lm-eval][INFO] - Initializing hf model, with arguments: {'pretrained': 'outputs/milestone_meta-llama_Llama-3.2-1B_r16/merged/checkpoint-15', 'tokenizer': 'outputs/milestone_meta-llama_Llama-3.2-1B_r16/merged/checkpoint-15', 'max_length': 4096, 'eval_max_length': 16384, 'truncation': True, 'dtype': 'bfloat16'}
[2025-12-29 22:52:07,667][lm-eval][INFO] - Using device 'cuda'
[2025-12-29 22:52:08,315][lm-eval][INFO] - `group` and `group_alias` keys in tasks' configs will no longer be used in the next release of lm-eval. `tag` will be used to allow to call a collection of tasks just like `group`. `group` will be removed in order to not cause confusion with the new ConfigurableGroup which will be the offical way to create groups with addition of group-wide configuations.
[2025-12-29 22:52:11,193][lm-eval][WARNING] - [Task: ro_wiki] metric word_perplexity is defined, but aggregation is not. using default aggregation=weighted_perplexity
[2025-12-29 22:52:11,194][lm-eval][WARNING] - [Task: ro_wiki] metric word_perplexity is defined, but higher_is_better is not. using default higher_is_better=False
[2025-12-29 22:52:11,194][lm-eval][WARNING] - [Task: ro_wiki] metric byte_perplexity is defined, but aggregation is not. using default aggregation=weighted_perplexity
[2025-12-29 22:52:11,194][lm-eval][WARNING] - [Task: ro_wiki] metric byte_perplexity is defined, but higher_is_better is not. using default higher_is_better=False
[2025-12-29 22:52:11,194][lm-eval][WARNING] - [Task: ro_wiki] metric bits_per_byte is defined, but aggregation is not. using default aggregation=bits_per_byte
[2025-12-29 22:52:11,195][lm-eval][WARNING] - [Task: ro_wiki] metric bits_per_byte is defined, but higher_is_better is not. using default higher_is_better=False
[2025-12-29 22:52:13,584][lm-eval][WARNING] - Overwriting default num_fewshot of ro_wiki from None to 0
[2025-12-29 22:52:13,584][lm-eval][INFO] - Setting fewshot random generator seed to 23
[2025-12-29 22:52:13,585][lm-eval][INFO] - Building contexts for ro_wiki on rank 0...
[2025-12-29 22:52:13,741][lm-eval][INFO] - Running loglikelihood_rolling requests
[2025-12-29 22:52:53,550][lm-eval][WARNING] - Failed to get model SHA for outputs/milestone_meta-llama_Llama-3.2-1B_r16/merged/checkpoint-15 at revision main. Error: Repo id must be in the form 'repo_name' or 'namespace/repo_name': 'outputs/milestone_meta-llama_Llama-3.2-1B_r16/merged/checkpoint-15'. Use `repo_type` argument if needed.
[2025-12-29 22:52:54,676][__name__][INFO] - ✅ Finished ro_wiki
[2025-12-29 22:52:54,798][__name__][INFO] - 💾 Saved partial results: /home/dan-parii/Documents/ContinualPretrainRo/continual_pretrain/eval_results/outputs_milestone_meta-llama_Llama-3.2-1B_r16_merged_checkpoint-15/2025-12-29_22-50-27/ro_wiki.json
[2025-12-29 22:52:54,798][__name__][INFO] - 🚀 Running evaluation for _ro_arc_challenge | fewshot=5 | limit=1000
[2025-12-29 22:52:54,799][__name__][INFO] - Running outputs/milestone_meta-llama_Llama-3.2-1B_r16/merged/checkpoint-15 with apply_chat_template True
[2025-12-29 22:52:54,799][__name__][INFO] - 📝 Using fewshot_as_multiturn=True and custom system instruction
[2025-12-29 22:52:54,800][lm-eval][INFO] - Setting random seed to 23 | Setting numpy seed to 23 | Setting torch manual seed to 23
[2025-12-29 22:52:54,800][lm-eval][INFO] - Initializing hf model, with arguments: {'pretrained': 'outputs/milestone_meta-llama_Llama-3.2-1B_r16/merged/checkpoint-15', 'tokenizer': 'outputs/milestone_meta-llama_Llama-3.2-1B_r16/merged/checkpoint-15', 'max_length': 4096, 'eval_max_length': 16384, 'truncation': True, 'dtype': 'bfloat16'}
[2025-12-29 22:52:54,801][lm-eval][INFO] - Using device 'cuda'
[2025-12-29 22:52:55,478][lm-eval][INFO] - `group` and `group_alias` keys in tasks' configs will no longer be used in the next release of lm-eval. `tag` will be used to allow to call a collection of tasks just like `group`. `group` will be removed in order to not cause confusion with the new ConfigurableGroup which will be the offical way to create groups with addition of group-wide configuations.
[2025-12-29 22:53:00,509][lm-eval][WARNING] - Overwriting default num_fewshot of _ro_arc_challenge from None to 5
[2025-12-29 22:53:00,509][lm-eval][INFO] - Setting fewshot random generator seed to 23
[2025-12-29 22:53:00,513][lm-eval][INFO] - Building contexts for _ro_arc_challenge on rank 0...
[2025-12-29 22:53:02,278][lm-eval][INFO] - Running loglikelihood requests
[2025-12-29 22:54:33,429][lm-eval][WARNING] - Failed to get model SHA for outputs/milestone_meta-llama_Llama-3.2-1B_r16/merged/checkpoint-15 at revision main. Error: Repo id must be in the form 'repo_name' or 'namespace/repo_name': 'outputs/milestone_meta-llama_Llama-3.2-1B_r16/merged/checkpoint-15'. Use `repo_type` argument if needed.
[2025-12-29 22:54:34,485][__name__][INFO] - ✅ Finished _ro_arc_challenge
[2025-12-29 22:54:34,674][__name__][INFO] - 💾 Saved partial results: /home/dan-parii/Documents/ContinualPretrainRo/continual_pretrain/eval_results/outputs_milestone_meta-llama_Llama-3.2-1B_r16_merged_checkpoint-15/2025-12-29_22-50-27/_ro_arc_challenge.json
[2025-12-29 22:54:34,674][__name__][INFO] - 🚀 Running evaluation for arc_challenge | fewshot=5 | limit=1000
[2025-12-29 22:54:34,674][__name__][INFO] - Running outputs/milestone_meta-llama_Llama-3.2-1B_r16/merged/checkpoint-15 with apply_chat_template True
[2025-12-29 22:54:34,675][__name__][INFO] - 📝 Using fewshot_as_multiturn=True and custom system instruction
[2025-12-29 22:54:34,676][lm-eval][INFO] - Setting random seed to 23 | Setting numpy seed to 23 | Setting torch manual seed to 23
[2025-12-29 22:54:34,676][lm-eval][INFO] - Initializing hf model, with arguments: {'pretrained': 'outputs/milestone_meta-llama_Llama-3.2-1B_r16/merged/checkpoint-15', 'tokenizer': 'outputs/milestone_meta-llama_Llama-3.2-1B_r16/merged/checkpoint-15', 'max_length': 4096, 'eval_max_length': 16384, 'truncation': True, 'dtype': 'bfloat16'}
[2025-12-29 22:54:34,677][lm-eval][INFO] - Using device 'cuda'
[2025-12-29 22:54:35,306][lm-eval][INFO] - `group` and `group_alias` keys in tasks' configs will no longer be used in the next release of lm-eval. `tag` will be used to allow to call a collection of tasks just like `group`. `group` will be removed in order to not cause confusion with the new ConfigurableGroup which will be the offical way to create groups with addition of group-wide configuations.
[2025-12-29 22:54:40,381][lm-eval][WARNING] - Overwriting default num_fewshot of arc_challenge from None to 5
[2025-12-29 22:54:40,382][lm-eval][INFO] - Setting fewshot random generator seed to 23
[2025-12-29 22:54:40,382][lm-eval][INFO] - Building contexts for arc_challenge on rank 0...
[2025-12-29 22:54:44,792][lm-eval][INFO] - Running loglikelihood requests
[2025-12-29 22:55:44,431][lm-eval][WARNING] - Failed to get model SHA for outputs/milestone_meta-llama_Llama-3.2-1B_r16/merged/checkpoint-15 at revision main. Error: Repo id must be in the form 'repo_name' or 'namespace/repo_name': 'outputs/milestone_meta-llama_Llama-3.2-1B_r16/merged/checkpoint-15'. Use `repo_type` argument if needed.
[2025-12-29 22:55:45,440][__name__][INFO] - ✅ Finished arc_challenge
[2025-12-29 22:55:45,623][__name__][INFO] - 💾 Saved partial results: /home/dan-parii/Documents/ContinualPretrainRo/continual_pretrain/eval_results/outputs_milestone_meta-llama_Llama-3.2-1B_r16_merged_checkpoint-15/2025-12-29_22-50-27/arc_challenge.json
[2025-12-29 22:55:45,624][__name__][INFO] - 🚀 Running evaluation for winogrande | fewshot=5 | limit=1000
[2025-12-29 22:55:45,624][__name__][INFO] - Running outputs/milestone_meta-llama_Llama-3.2-1B_r16/merged/checkpoint-15 with apply_chat_template True
[2025-12-29 22:55:45,624][__name__][INFO] - 📝 Using fewshot_as_multiturn=True and custom system instruction
[2025-12-29 22:55:45,626][lm-eval][INFO] - Setting random seed to 23 | Setting numpy seed to 23 | Setting torch manual seed to 23
[2025-12-29 22:55:45,626][lm-eval][INFO] - Initializing hf model, with arguments: {'pretrained': 'outputs/milestone_meta-llama_Llama-3.2-1B_r16/merged/checkpoint-15', 'tokenizer': 'outputs/milestone_meta-llama_Llama-3.2-1B_r16/merged/checkpoint-15', 'max_length': 4096, 'eval_max_length': 16384, 'truncation': True, 'dtype': 'bfloat16'}
[2025-12-29 22:55:45,627][lm-eval][INFO] - Using device 'cuda'
[2025-12-29 22:55:46,269][lm-eval][INFO] - `group` and `group_alias` keys in tasks' configs will no longer be used in the next release of lm-eval. `tag` will be used to allow to call a collection of tasks just like `group`. `group` will be removed in order to not cause confusion with the new ConfigurableGroup which will be the offical way to create groups with addition of group-wide configuations.
[2025-12-29 22:55:49,194][datasets.load][ERROR] - `trust_remote_code` is not supported anymore.
Please check that the Hugging Face dataset 'winogrande' isn't based on a loading script and remove `trust_remote_code`.
If the dataset is based on a loading script, please ask the dataset author to remove it and convert it to a standard format like Parquet.
[2025-12-29 22:55:53,329][lm-eval][WARNING] - Overwriting default num_fewshot of winogrande from None to 5
[2025-12-29 22:55:53,329][lm-eval][INFO] - Setting fewshot random generator seed to 23
[2025-12-29 22:55:53,333][lm-eval][INFO] - Building contexts for winogrande on rank 0...
[2025-12-29 22:55:53,422][lm-eval][INFO] - Running loglikelihood requests
[2025-12-29 22:56:14,172][lm-eval][WARNING] - Failed to get model SHA for outputs/milestone_meta-llama_Llama-3.2-1B_r16/merged/checkpoint-15 at revision main. Error: Repo id must be in the form 'repo_name' or 'namespace/repo_name': 'outputs/milestone_meta-llama_Llama-3.2-1B_r16/merged/checkpoint-15'. Use `repo_type` argument if needed.
[2025-12-29 22:56:15,268][__name__][INFO] - ✅ Finished winogrande
[2025-12-29 22:56:15,363][__name__][INFO] - 💾 Saved partial results: /home/dan-parii/Documents/ContinualPretrainRo/continual_pretrain/eval_results/outputs_milestone_meta-llama_Llama-3.2-1B_r16_merged_checkpoint-15/2025-12-29_22-50-27/winogrande.json
[2025-12-29 22:56:15,364][__name__][INFO] - 🚀 Running evaluation for wikitext | fewshot=5 | limit=1000
[2025-12-29 22:56:15,364][__name__][INFO] - Running outputs/milestone_meta-llama_Llama-3.2-1B_r16/merged/checkpoint-15 with apply_chat_template True
[2025-12-29 22:56:15,365][lm-eval][INFO] - Setting random seed to 23 | Setting numpy seed to 23 | Setting torch manual seed to 23
[2025-12-29 22:56:15,366][lm-eval][INFO] - Initializing hf model, with arguments: {'pretrained': 'outputs/milestone_meta-llama_Llama-3.2-1B_r16/merged/checkpoint-15', 'tokenizer': 'outputs/milestone_meta-llama_Llama-3.2-1B_r16/merged/checkpoint-15', 'max_length': 4096, 'eval_max_length': 16384, 'truncation': True, 'dtype': 'bfloat16'}
[2025-12-29 22:56:15,366][lm-eval][INFO] - Using device 'cuda'
[2025-12-29 22:56:16,000][lm-eval][INFO] - `group` and `group_alias` keys in tasks' configs will no longer be used in the next release of lm-eval. `tag` will be used to allow to call a collection of tasks just like `group`. `group` will be removed in order to not cause confusion with the new ConfigurableGroup which will be the offical way to create groups with addition of group-wide configuations.
[2025-12-29 22:56:18,949][lm-eval][WARNING] - [Task: wikitext] metric word_perplexity is defined, but aggregation is not. using default aggregation=weighted_perplexity
[2025-12-29 22:56:18,950][lm-eval][WARNING] - [Task: wikitext] metric word_perplexity is defined, but higher_is_better is not. using default higher_is_better=False
[2025-12-29 22:56:18,950][lm-eval][WARNING] - [Task: wikitext] metric byte_perplexity is defined, but aggregation is not. using default aggregation=weighted_perplexity
[2025-12-29 22:56:18,950][lm-eval][WARNING] - [Task: wikitext] metric byte_perplexity is defined, but higher_is_better is not. using default higher_is_better=False
[2025-12-29 22:56:18,951][lm-eval][WARNING] - [Task: wikitext] metric bits_per_byte is defined, but aggregation is not. using default aggregation=bits_per_byte
[2025-12-29 22:56:18,951][lm-eval][WARNING] - [Task: wikitext] metric bits_per_byte is defined, but higher_is_better is not. using default higher_is_better=False
[2025-12-29 22:56:18,951][datasets.load][ERROR] - `trust_remote_code` is not supported anymore.
Please check that the Hugging Face dataset 'EleutherAI/wikitext_document_level' isn't based on a loading script and remove `trust_remote_code`.
If the dataset is based on a loading script, please ask the dataset author to remove it and convert it to a standard format like Parquet.
[2025-12-29 22:56:21,062][lm-eval][WARNING] - Overwriting default num_fewshot of wikitext from None to 5
[2025-12-29 22:56:21,062][lm-eval][INFO] - Setting fewshot random generator seed to 23
[2025-12-29 22:56:21,067][lm-eval][INFO] - Building contexts for wikitext on rank 0...
[2025-12-29 22:56:23,857][lm-eval][INFO] - Running loglikelihood_rolling requests
[2025-12-29 22:56:49,988][asyncio][WARNING] - socket.send() raised exception.
[2025-12-29 22:59:46,550][asyncio][WARNING] - socket.send() raised exception.
[2025-12-29 23:04:40,234][__name__][INFO] - Starting Romanian evaluation run
[2025-12-29 23:04:40,380][__name__][INFO] - 🚀 CUDA is available. Using GPU: NVIDIA GeForce RTX 3090
[2025-12-29 23:04:40,380][__name__][INFO] - 📁 Results will be saved in: /home/dan-parii/Documents/ContinualPretrainRo/continual_pretrain/eval_results/outputs_milestone_meta-llama_Llama-3.2-1B_r16_merged_checkpoint-7/2025-12-29_23-04-40
[2025-12-29 23:04:42,064][__name__][INFO] - 📊 W&B logging enabled with GPU monitoring
[2025-12-29 23:04:42,064][__name__][INFO] - 🚀 Running evaluation for _ro_winogrande | fewshot=5 | limit=1000
[2025-12-29 23:04:42,065][__name__][INFO] - Running outputs/milestone_meta-llama_Llama-3.2-1B_r16/merged/checkpoint-7 with apply_chat_template True
[2025-12-29 23:04:42,065][__name__][INFO] - 📝 Using fewshot_as_multiturn=True and custom system instruction
[2025-12-29 23:04:42,071][lm-eval][INFO] - Setting random seed to 23 | Setting numpy seed to 23 | Setting torch manual seed to 23
[2025-12-29 23:04:42,071][lm-eval][INFO] - Initializing hf model, with arguments: {'pretrained': 'outputs/milestone_meta-llama_Llama-3.2-1B_r16/merged/checkpoint-7', 'tokenizer': 'outputs/milestone_meta-llama_Llama-3.2-1B_r16/merged/checkpoint-7', 'max_length': 4096, 'eval_max_length': 16384, 'truncation': True, 'dtype': 'bfloat16'}
[2025-12-29 23:04:42,124][lm-eval][INFO] - Using device 'cuda'
[2025-12-29 23:04:43,696][lm-eval][INFO] - `group` and `group_alias` keys in tasks' configs will no longer be used in the next release of lm-eval. `tag` will be used to allow to call a collection of tasks just like `group`. `group` will be removed in order to not cause confusion with the new ConfigurableGroup which will be the offical way to create groups with addition of group-wide configuations.
[2025-12-29 23:04:51,022][lm-eval][WARNING] - Overwriting default num_fewshot of _ro_winogrande from None to 5
[2025-12-29 23:04:51,022][lm-eval][INFO] - Setting fewshot random generator seed to 23
[2025-12-29 23:04:51,023][lm-eval][INFO] - Building contexts for _ro_winogrande on rank 0...
[2025-12-29 23:04:51,136][lm-eval][INFO] - Running loglikelihood requests
[2025-12-29 23:05:21,017][lm-eval][WARNING] - Failed to get model SHA for outputs/milestone_meta-llama_Llama-3.2-1B_r16/merged/checkpoint-7 at revision main. Error: Repo id must be in the form 'repo_name' or 'namespace/repo_name': 'outputs/milestone_meta-llama_Llama-3.2-1B_r16/merged/checkpoint-7'. Use `repo_type` argument if needed.
[2025-12-29 23:05:21,977][__name__][INFO] - ✅ Finished _ro_winogrande
[2025-12-29 23:05:22,069][__name__][INFO] - 💾 Saved partial results: /home/dan-parii/Documents/ContinualPretrainRo/continual_pretrain/eval_results/outputs_milestone_meta-llama_Llama-3.2-1B_r16_merged_checkpoint-7/2025-12-29_23-04-40/_ro_winogrande.json
[2025-12-29 23:05:22,069][__name__][INFO] - 🚀 Running evaluation for _ro_belebele | fewshot=0 | limit=1000
[2025-12-29 23:05:22,069][__name__][INFO] - Running outputs/milestone_meta-llama_Llama-3.2-1B_r16/merged/checkpoint-7 with apply_chat_template True
[2025-12-29 23:05:22,070][__name__][INFO] - 📝 Using fewshot_as_multiturn=True and custom system instruction
[2025-12-29 23:05:22,071][lm-eval][INFO] - Setting random seed to 23 | Setting numpy seed to 23 | Setting torch manual seed to 23
[2025-12-29 23:05:22,071][lm-eval][INFO] - Initializing hf model, with arguments: {'pretrained': 'outputs/milestone_meta-llama_Llama-3.2-1B_r16/merged/checkpoint-7', 'tokenizer': 'outputs/milestone_meta-llama_Llama-3.2-1B_r16/merged/checkpoint-7', 'max_length': 4096, 'eval_max_length': 16384, 'truncation': True, 'dtype': 'bfloat16'}
[2025-12-29 23:05:22,072][lm-eval][INFO] - Using device 'cuda'
[2025-12-29 23:05:22,737][lm-eval][INFO] - `group` and `group_alias` keys in tasks' configs will no longer be used in the next release of lm-eval. `tag` will be used to allow to call a collection of tasks just like `group`. `group` will be removed in order to not cause confusion with the new ConfigurableGroup which will be the offical way to create groups with addition of group-wide configuations.
[2025-12-29 23:05:28,295][lm-eval][WARNING] - Overwriting default num_fewshot of _ro_belebele from None to 0
[2025-12-29 23:05:28,295][lm-eval][INFO] - Setting fewshot random generator seed to 23
[2025-12-29 23:05:28,295][lm-eval][INFO] - Building contexts for _ro_belebele on rank 0...
[2025-12-29 23:05:28,960][lm-eval][INFO] - Running loglikelihood requests
[2025-12-29 23:06:21,946][lm-eval][WARNING] - Failed to get model SHA for outputs/milestone_meta-llama_Llama-3.2-1B_r16/merged/checkpoint-7 at revision main. Error: Repo id must be in the form 'repo_name' or 'namespace/repo_name': 'outputs/milestone_meta-llama_Llama-3.2-1B_r16/merged/checkpoint-7'. Use `repo_type` argument if needed.
[2025-12-29 23:06:22,973][__name__][INFO] - ✅ Finished _ro_belebele
[2025-12-29 23:06:23,065][__name__][INFO] - 💾 Saved partial results: /home/dan-parii/Documents/ContinualPretrainRo/continual_pretrain/eval_results/outputs_milestone_meta-llama_Llama-3.2-1B_r16_merged_checkpoint-7/2025-12-29_23-04-40/_ro_belebele.json
[2025-12-29 23:06:23,065][__name__][INFO] - 🚀 Running evaluation for ro_wiki | fewshot=0 | limit=1000
[2025-12-29 23:06:23,065][__name__][INFO] - Running outputs/milestone_meta-llama_Llama-3.2-1B_r16/merged/checkpoint-7 with apply_chat_template True
[2025-12-29 23:06:23,067][lm-eval][INFO] - Setting random seed to 23 | Setting numpy seed to 23 | Setting torch manual seed to 23
[2025-12-29 23:06:23,067][lm-eval][INFO] - Initializing hf model, with arguments: {'pretrained': 'outputs/milestone_meta-llama_Llama-3.2-1B_r16/merged/checkpoint-7', 'tokenizer': 'outputs/milestone_meta-llama_Llama-3.2-1B_r16/merged/checkpoint-7', 'max_length': 4096, 'eval_max_length': 16384, 'truncation': True, 'dtype': 'bfloat16'}
[2025-12-29 23:06:23,067][lm-eval][INFO] - Using device 'cuda'
[2025-12-29 23:06:23,718][lm-eval][INFO] - `group` and `group_alias` keys in tasks' configs will no longer be used in the next release of lm-eval. `tag` will be used to allow to call a collection of tasks just like `group`. `group` will be removed in order to not cause confusion with the new ConfigurableGroup which will be the offical way to create groups with addition of group-wide configuations.
[2025-12-29 23:06:26,622][lm-eval][WARNING] - [Task: ro_wiki] metric word_perplexity is defined, but aggregation is not. using default aggregation=weighted_perplexity
[2025-12-29 23:06:26,622][lm-eval][WARNING] - [Task: ro_wiki] metric word_perplexity is defined, but higher_is_better is not. using default higher_is_better=False
[2025-12-29 23:06:26,623][lm-eval][WARNING] - [Task: ro_wiki] metric byte_perplexity is defined, but aggregation is not. using default aggregation=weighted_perplexity
[2025-12-29 23:06:26,623][lm-eval][WARNING] - [Task: ro_wiki] metric byte_perplexity is defined, but higher_is_better is not. using default higher_is_better=False
[2025-12-29 23:06:26,623][lm-eval][WARNING] - [Task: ro_wiki] metric bits_per_byte is defined, but aggregation is not. using default aggregation=bits_per_byte
[2025-12-29 23:06:26,623][lm-eval][WARNING] - [Task: ro_wiki] metric bits_per_byte is defined, but higher_is_better is not. using default higher_is_better=False
[2025-12-29 23:06:29,005][lm-eval][WARNING] - Overwriting default num_fewshot of ro_wiki from None to 0
[2025-12-29 23:06:29,005][lm-eval][INFO] - Setting fewshot random generator seed to 23
[2025-12-29 23:06:29,006][lm-eval][INFO] - Building contexts for ro_wiki on rank 0...
[2025-12-29 23:06:29,162][lm-eval][INFO] - Running loglikelihood_rolling requests
[2025-12-29 23:07:07,589][lm-eval][WARNING] - Failed to get model SHA for outputs/milestone_meta-llama_Llama-3.2-1B_r16/merged/checkpoint-7 at revision main. Error: Repo id must be in the form 'repo_name' or 'namespace/repo_name': 'outputs/milestone_meta-llama_Llama-3.2-1B_r16/merged/checkpoint-7'. Use `repo_type` argument if needed.
[2025-12-29 23:07:08,649][__name__][INFO] - ✅ Finished ro_wiki
[2025-12-29 23:07:08,769][__name__][INFO] - 💾 Saved partial results: /home/dan-parii/Documents/ContinualPretrainRo/continual_pretrain/eval_results/outputs_milestone_meta-llama_Llama-3.2-1B_r16_merged_checkpoint-7/2025-12-29_23-04-40/ro_wiki.json
[2025-12-29 23:07:08,769][__name__][INFO] - 🚀 Running evaluation for _ro_arc_challenge | fewshot=5 | limit=1000
[2025-12-29 23:07:08,769][__name__][INFO] - Running outputs/milestone_meta-llama_Llama-3.2-1B_r16/merged/checkpoint-7 with apply_chat_template True
[2025-12-29 23:07:08,769][__name__][INFO] - 📝 Using fewshot_as_multiturn=True and custom system instruction
[2025-12-29 23:07:08,770][lm-eval][INFO] - Setting random seed to 23 | Setting numpy seed to 23 | Setting torch manual seed to 23
[2025-12-29 23:07:08,771][lm-eval][INFO] - Initializing hf model, with arguments: {'pretrained': 'outputs/milestone_meta-llama_Llama-3.2-1B_r16/merged/checkpoint-7', 'tokenizer': 'outputs/milestone_meta-llama_Llama-3.2-1B_r16/merged/checkpoint-7', 'max_length': 4096, 'eval_max_length': 16384, 'truncation': True, 'dtype': 'bfloat16'}
[2025-12-29 23:07:08,771][lm-eval][INFO] - Using device 'cuda'
[2025-12-29 23:07:09,420][lm-eval][INFO] - `group` and `group_alias` keys in tasks' configs will no longer be used in the next release of lm-eval. `tag` will be used to allow to call a collection of tasks just like `group`. `group` will be removed in order to not cause confusion with the new ConfigurableGroup which will be the offical way to create groups with addition of group-wide configuations.
[2025-12-29 23:07:15,657][lm-eval][WARNING] - Overwriting default num_fewshot of _ro_arc_challenge from None to 5
[2025-12-29 23:07:15,657][lm-eval][INFO] - Setting fewshot random generator seed to 23
[2025-12-29 23:07:15,658][lm-eval][INFO] - Building contexts for _ro_arc_challenge on rank 0...
[2025-12-29 23:07:17,241][lm-eval][INFO] - Running loglikelihood requests
[2025-12-29 23:08:47,494][lm-eval][WARNING] - Failed to get model SHA for outputs/milestone_meta-llama_Llama-3.2-1B_r16/merged/checkpoint-7 at revision main. Error: Repo id must be in the form 'repo_name' or 'namespace/repo_name': 'outputs/milestone_meta-llama_Llama-3.2-1B_r16/merged/checkpoint-7'. Use `repo_type` argument if needed.
[2025-12-29 23:08:48,555][__name__][INFO] - ✅ Finished _ro_arc_challenge
[2025-12-29 23:08:48,743][__name__][INFO] - 💾 Saved partial results: /home/dan-parii/Documents/ContinualPretrainRo/continual_pretrain/eval_results/outputs_milestone_meta-llama_Llama-3.2-1B_r16_merged_checkpoint-7/2025-12-29_23-04-40/_ro_arc_challenge.json
[2025-12-29 23:08:48,743][__name__][INFO] - 🚀 Running evaluation for arc_challenge | fewshot=5 | limit=1000
[2025-12-29 23:08:48,743][__name__][INFO] - Running outputs/milestone_meta-llama_Llama-3.2-1B_r16/merged/checkpoint-7 with apply_chat_template True
[2025-12-29 23:08:48,744][__name__][INFO] - 📝 Using fewshot_as_multiturn=True and custom system instruction
[2025-12-29 23:08:48,745][lm-eval][INFO] - Setting random seed to 23 | Setting numpy seed to 23 | Setting torch manual seed to 23
[2025-12-29 23:08:48,745][lm-eval][INFO] - Initializing hf model, with arguments: {'pretrained': 'outputs/milestone_meta-llama_Llama-3.2-1B_r16/merged/checkpoint-7', 'tokenizer': 'outputs/milestone_meta-llama_Llama-3.2-1B_r16/merged/checkpoint-7', 'max_length': 4096, 'eval_max_length': 16384, 'truncation': True, 'dtype': 'bfloat16'}
[2025-12-29 23:08:48,745][lm-eval][INFO] - Using device 'cuda'
[2025-12-29 23:08:49,388][lm-eval][INFO] - `group` and `group_alias` keys in tasks' configs will no longer be used in the next release of lm-eval. `tag` will be used to allow to call a collection of tasks just like `group`. `group` will be removed in order to not cause confusion with the new ConfigurableGroup which will be the offical way to create groups with addition of group-wide configuations.
[2025-12-29 23:08:54,135][lm-eval][WARNING] - Overwriting default num_fewshot of arc_challenge from None to 5
[2025-12-29 23:08:54,135][lm-eval][INFO] - Setting fewshot random generator seed to 23
[2025-12-29 23:08:54,136][lm-eval][INFO] - Building contexts for arc_challenge on rank 0...
[2025-12-29 23:08:58,515][lm-eval][INFO] - Running loglikelihood requests
[2025-12-29 23:09:56,332][lm-eval][WARNING] - Failed to get model SHA for outputs/milestone_meta-llama_Llama-3.2-1B_r16/merged/checkpoint-7 at revision main. Error: Repo id must be in the form 'repo_name' or 'namespace/repo_name': 'outputs/milestone_meta-llama_Llama-3.2-1B_r16/merged/checkpoint-7'. Use `repo_type` argument if needed.
[2025-12-29 23:09:57,352][__name__][INFO] - ✅ Finished arc_challenge
[2025-12-29 23:09:57,532][__name__][INFO] - 💾 Saved partial results: /home/dan-parii/Documents/ContinualPretrainRo/continual_pretrain/eval_results/outputs_milestone_meta-llama_Llama-3.2-1B_r16_merged_checkpoint-7/2025-12-29_23-04-40/arc_challenge.json
[2025-12-29 23:09:57,533][__name__][INFO] - 🚀 Running evaluation for winogrande | fewshot=5 | limit=1000
[2025-12-29 23:09:57,533][__name__][INFO] - Running outputs/milestone_meta-llama_Llama-3.2-1B_r16/merged/checkpoint-7 with apply_chat_template True
[2025-12-29 23:09:57,533][__name__][INFO] - 📝 Using fewshot_as_multiturn=True and custom system instruction
[2025-12-29 23:09:57,534][lm-eval][INFO] - Setting random seed to 23 | Setting numpy seed to 23 | Setting torch manual seed to 23
[2025-12-29 23:09:57,534][lm-eval][INFO] - Initializing hf model, with arguments: {'pretrained': 'outputs/milestone_meta-llama_Llama-3.2-1B_r16/merged/checkpoint-7', 'tokenizer': 'outputs/milestone_meta-llama_Llama-3.2-1B_r16/merged/checkpoint-7', 'max_length': 4096, 'eval_max_length': 16384, 'truncation': True, 'dtype': 'bfloat16'}
[2025-12-29 23:09:57,535][lm-eval][INFO] - Using device 'cuda'
[2025-12-29 23:09:58,190][lm-eval][INFO] - `group` and `group_alias` keys in tasks' configs will no longer be used in the next release of lm-eval. `tag` will be used to allow to call a collection of tasks just like `group`. `group` will be removed in order to not cause confusion with the new ConfigurableGroup which will be the offical way to create groups with addition of group-wide configuations.
[2025-12-29 23:10:01,116][datasets.load][ERROR] - `trust_remote_code` is not supported anymore.
Please check that the Hugging Face dataset 'winogrande' isn't based on a loading script and remove `trust_remote_code`.
If the dataset is based on a loading script, please ask the dataset author to remove it and convert it to a standard format like Parquet.
[2025-12-29 23:10:06,174][lm-eval][WARNING] - Overwriting default num_fewshot of winogrande from None to 5
[2025-12-29 23:10:06,175][lm-eval][INFO] - Setting fewshot random generator seed to 23
[2025-12-29 23:10:06,176][lm-eval][INFO] - Building contexts for winogrande on rank 0...
[2025-12-29 23:10:06,265][lm-eval][INFO] - Running loglikelihood requests
[2025-12-29 23:10:26,907][lm-eval][WARNING] - Failed to get model SHA for outputs/milestone_meta-llama_Llama-3.2-1B_r16/merged/checkpoint-7 at revision main. Error: Repo id must be in the form 'repo_name' or 'namespace/repo_name': 'outputs/milestone_meta-llama_Llama-3.2-1B_r16/merged/checkpoint-7'. Use `repo_type` argument if needed.
[2025-12-29 23:10:27,988][__name__][INFO] - ✅ Finished winogrande
[2025-12-29 23:10:28,077][__name__][INFO] - 💾 Saved partial results: /home/dan-parii/Documents/ContinualPretrainRo/continual_pretrain/eval_results/outputs_milestone_meta-llama_Llama-3.2-1B_r16_merged_checkpoint-7/2025-12-29_23-04-40/winogrande.json
[2025-12-29 23:10:28,078][__name__][INFO] - 🚀 Running evaluation for wikitext | fewshot=5 | limit=1000
[2025-12-29 23:10:28,078][__name__][INFO] - Running outputs/milestone_meta-llama_Llama-3.2-1B_r16/merged/checkpoint-7 with apply_chat_template True
[2025-12-29 23:10:28,079][lm-eval][INFO] - Setting random seed to 23 | Setting numpy seed to 23 | Setting torch manual seed to 23
[2025-12-29 23:10:28,079][lm-eval][INFO] - Initializing hf model, with arguments: {'pretrained': 'outputs/milestone_meta-llama_Llama-3.2-1B_r16/merged/checkpoint-7', 'tokenizer': 'outputs/milestone_meta-llama_Llama-3.2-1B_r16/merged/checkpoint-7', 'max_length': 4096, 'eval_max_length': 16384, 'truncation': True, 'dtype': 'bfloat16'}
[2025-12-29 23:10:28,080][lm-eval][INFO] - Using device 'cuda'
[2025-12-29 23:10:28,737][lm-eval][INFO] - `group` and `group_alias` keys in tasks' configs will no longer be used in the next release of lm-eval. `tag` will be used to allow to call a collection of tasks just like `group`. `group` will be removed in order to not cause confusion with the new ConfigurableGroup which will be the offical way to create groups with addition of group-wide configuations.
[2025-12-29 23:10:31,665][lm-eval][WARNING] - [Task: wikitext] metric word_perplexity is defined, but aggregation is not. using default aggregation=weighted_perplexity
[2025-12-29 23:10:31,666][lm-eval][WARNING] - [Task: wikitext] metric word_perplexity is defined, but higher_is_better is not. using default higher_is_better=False
[2025-12-29 23:10:31,666][lm-eval][WARNING] - [Task: wikitext] metric byte_perplexity is defined, but aggregation is not. using default aggregation=weighted_perplexity
[2025-12-29 23:10:31,667][lm-eval][WARNING] - [Task: wikitext] metric byte_perplexity is defined, but higher_is_better is not. using default higher_is_better=False
[2025-12-29 23:10:31,667][lm-eval][WARNING] - [Task: wikitext] metric bits_per_byte is defined, but aggregation is not. using default aggregation=bits_per_byte
[2025-12-29 23:10:31,667][lm-eval][WARNING] - [Task: wikitext] metric bits_per_byte is defined, but higher_is_better is not. using default higher_is_better=False
[2025-12-29 23:10:31,667][datasets.load][ERROR] - `trust_remote_code` is not supported anymore.
Please check that the Hugging Face dataset 'EleutherAI/wikitext_document_level' isn't based on a loading script and remove `trust_remote_code`.
If the dataset is based on a loading script, please ask the dataset author to remove it and convert it to a standard format like Parquet.
[2025-12-29 23:10:34,224][lm-eval][WARNING] - Overwriting default num_fewshot of wikitext from None to 5
[2025-12-29 23:10:34,224][lm-eval][INFO] - Setting fewshot random generator seed to 23
[2025-12-29 23:10:34,225][lm-eval][INFO] - Building contexts for wikitext on rank 0...
[2025-12-29 23:10:37,035][lm-eval][INFO] - Running loglikelihood_rolling requests
[2025-12-29 23:12:56,521][lm-eval][WARNING] - Failed to get model SHA for outputs/milestone_meta-llama_Llama-3.2-1B_r16/merged/checkpoint-7 at revision main. Error: Repo id must be in the form 'repo_name' or 'namespace/repo_name': 'outputs/milestone_meta-llama_Llama-3.2-1B_r16/merged/checkpoint-7'. Use `repo_type` argument if needed.
[2025-12-29 23:12:57,630][__name__][INFO] - ✅ Finished wikitext
[2025-12-29 23:12:58,058][__name__][INFO] - 💾 Saved partial results: /home/dan-parii/Documents/ContinualPretrainRo/continual_pretrain/eval_results/outputs_milestone_meta-llama_Llama-3.2-1B_r16_merged_checkpoint-7/2025-12-29_23-04-40/wikitext.json
[2025-12-29 23:12:58,944][__name__][INFO] - 📁 Combined results saved to: /home/dan-parii/Documents/ContinualPretrainRo/continual_pretrain/eval_results/outputs_milestone_meta-llama_Llama-3.2-1B_r16_merged_checkpoint-7/2025-12-29_23-04-40/eval_results.json
[2025-12-29 23:12:58,944][__name__][INFO] - 📊 Summary:
[2025-12-29 23:12:58,944][__name__][INFO] -   - _ro_winogrande: {'acc,none': 0.526, 'acc_stderr,none': 0.015797897758042797}
[2025-12-29 23:12:58,945][__name__][INFO] -   - _ro_belebele: {'acc_norm,none': 0.24555555555555555, 'acc_norm_stderr,none': 0.014355180865342843}
[2025-12-29 23:12:58,945][__name__][INFO] -   - ro_wiki: {'word_perplexity,none': 57.703372150229356, 'byte_perplexity,none': 1.8197776733248818, 'bits_per_byte,none': 0.8637622036194483}
[2025-12-29 23:12:58,945][__name__][INFO] -   - _ro_arc_challenge: {'acc_norm,none': 0.284, 'acc_norm_stderr,none': 0.014267009061031241}
[2025-12-29 23:12:58,945][__name__][INFO] -   - arc_challenge: {'acc,none': 0.315, 'acc_stderr,none': 0.014696631960792617, 'acc_norm,none': 0.32, 'acc_norm_stderr,none': 0.014758652303574937}
[2025-12-29 23:12:58,945][__name__][INFO] -   - winogrande: {'acc,none': 0.588, 'acc_stderr,none': 0.015572363292015072}
[2025-12-29 23:12:58,946][__name__][INFO] -   - wikitext: {'word_perplexity,none': 12.60724164621303, 'byte_perplexity,none': 1.609003600876979, 'bits_per_byte,none': 0.6861675547509474}
[2025-12-29 23:13:00,262][__name__][INFO] - 📊 W&B run finished
[2025-12-29 23:16:13,445][__name__][INFO] - Starting Romanian evaluation run
[2025-12-29 23:16:13,601][__name__][INFO] - 🚀 CUDA is available. Using GPU: NVIDIA GeForce RTX 3090
[2025-12-29 23:16:13,601][__name__][INFO] - 📁 Results will be saved in: /home/dan-parii/Documents/ContinualPretrainRo/continual_pretrain/eval_results/outputs_milestone_meta-llama_Llama-3.2-1B_r16_merged_checkpoint-15/2025-12-29_23-16-13
[2025-12-29 23:16:15,269][__name__][INFO] - 📊 W&B logging enabled with GPU monitoring
[2025-12-29 23:16:15,270][__name__][INFO] - 🚀 Running evaluation for _ro_winogrande | fewshot=5 | limit=1000
[2025-12-29 23:16:15,270][__name__][INFO] - Running outputs/milestone_meta-llama_Llama-3.2-1B_r16/merged/checkpoint-15 with apply_chat_template True
[2025-12-29 23:16:15,270][__name__][INFO] - 📝 Using fewshot_as_multiturn=True and custom system instruction
[2025-12-29 23:16:15,274][lm-eval][INFO] - Setting random seed to 23 | Setting numpy seed to 23 | Setting torch manual seed to 23
[2025-12-29 23:16:15,274][lm-eval][INFO] - Initializing hf model, with arguments: {'pretrained': 'outputs/milestone_meta-llama_Llama-3.2-1B_r16/merged/checkpoint-15', 'tokenizer': 'outputs/milestone_meta-llama_Llama-3.2-1B_r16/merged/checkpoint-15', 'max_length': 4096, 'eval_max_length': 16384, 'truncation': True, 'dtype': 'bfloat16'}
[2025-12-29 23:16:15,325][lm-eval][INFO] - Using device 'cuda'
[2025-12-29 23:16:16,109][lm-eval][INFO] - `group` and `group_alias` keys in tasks' configs will no longer be used in the next release of lm-eval. `tag` will be used to allow to call a collection of tasks just like `group`. `group` will be removed in order to not cause confusion with the new ConfigurableGroup which will be the offical way to create groups with addition of group-wide configuations.
[2025-12-29 23:16:22,169][lm-eval][WARNING] - Overwriting default num_fewshot of _ro_winogrande from None to 5
[2025-12-29 23:16:22,169][lm-eval][INFO] - Setting fewshot random generator seed to 23
[2025-12-29 23:16:22,173][lm-eval][INFO] - Building contexts for _ro_winogrande on rank 0...
[2025-12-29 23:16:22,286][lm-eval][INFO] - Running loglikelihood requests
[2025-12-29 23:16:52,127][lm-eval][WARNING] - Failed to get model SHA for outputs/milestone_meta-llama_Llama-3.2-1B_r16/merged/checkpoint-15 at revision main. Error: Repo id must be in the form 'repo_name' or 'namespace/repo_name': 'outputs/milestone_meta-llama_Llama-3.2-1B_r16/merged/checkpoint-15'. Use `repo_type` argument if needed.
[2025-12-29 23:16:53,136][__name__][INFO] - ✅ Finished _ro_winogrande
[2025-12-29 23:16:53,229][__name__][INFO] - 💾 Saved partial results: /home/dan-parii/Documents/ContinualPretrainRo/continual_pretrain/eval_results/outputs_milestone_meta-llama_Llama-3.2-1B_r16_merged_checkpoint-15/2025-12-29_23-16-13/_ro_winogrande.json
[2025-12-29 23:16:53,229][__name__][INFO] - 🚀 Running evaluation for _ro_belebele | fewshot=0 | limit=1000
[2025-12-29 23:16:53,230][__name__][INFO] - Running outputs/milestone_meta-llama_Llama-3.2-1B_r16/merged/checkpoint-15 with apply_chat_template True
[2025-12-29 23:16:53,230][__name__][INFO] - 📝 Using fewshot_as_multiturn=True and custom system instruction
[2025-12-29 23:16:53,231][lm-eval][INFO] - Setting random seed to 23 | Setting numpy seed to 23 | Setting torch manual seed to 23
[2025-12-29 23:16:53,231][lm-eval][INFO] - Initializing hf model, with arguments: {'pretrained': 'outputs/milestone_meta-llama_Llama-3.2-1B_r16/merged/checkpoint-15', 'tokenizer': 'outputs/milestone_meta-llama_Llama-3.2-1B_r16/merged/checkpoint-15', 'max_length': 4096, 'eval_max_length': 16384, 'truncation': True, 'dtype': 'bfloat16'}
[2025-12-29 23:16:53,232][lm-eval][INFO] - Using device 'cuda'
[2025-12-29 23:16:53,875][lm-eval][INFO] - `group` and `group_alias` keys in tasks' configs will no longer be used in the next release of lm-eval. `tag` will be used to allow to call a collection of tasks just like `group`. `group` will be removed in order to not cause confusion with the new ConfigurableGroup which will be the offical way to create groups with addition of group-wide configuations.
[2025-12-29 23:16:58,861][lm-eval][WARNING] - Overwriting default num_fewshot of _ro_belebele from None to 0
[2025-12-29 23:16:58,862][lm-eval][INFO] - Setting fewshot random generator seed to 23
[2025-12-29 23:16:58,862][lm-eval][INFO] - Building contexts for _ro_belebele on rank 0...
[2025-12-29 23:16:59,496][lm-eval][INFO] - Running loglikelihood requests
[2025-12-29 23:17:52,343][lm-eval][WARNING] - Failed to get model SHA for outputs/milestone_meta-llama_Llama-3.2-1B_r16/merged/checkpoint-15 at revision main. Error: Repo id must be in the form 'repo_name' or 'namespace/repo_name': 'outputs/milestone_meta-llama_Llama-3.2-1B_r16/merged/checkpoint-15'. Use `repo_type` argument if needed.
[2025-12-29 23:17:53,409][__name__][INFO] - ✅ Finished _ro_belebele
[2025-12-29 23:17:53,499][__name__][INFO] - 💾 Saved partial results: /home/dan-parii/Documents/ContinualPretrainRo/continual_pretrain/eval_results/outputs_milestone_meta-llama_Llama-3.2-1B_r16_merged_checkpoint-15/2025-12-29_23-16-13/_ro_belebele.json
[2025-12-29 23:17:53,500][__name__][INFO] - 🚀 Running evaluation for ro_wiki | fewshot=0 | limit=1000
[2025-12-29 23:17:53,500][__name__][INFO] - Running outputs/milestone_meta-llama_Llama-3.2-1B_r16/merged/checkpoint-15 with apply_chat_template True
[2025-12-29 23:17:53,502][lm-eval][INFO] - Setting random seed to 23 | Setting numpy seed to 23 | Setting torch manual seed to 23
[2025-12-29 23:17:53,502][lm-eval][INFO] - Initializing hf model, with arguments: {'pretrained': 'outputs/milestone_meta-llama_Llama-3.2-1B_r16/merged/checkpoint-15', 'tokenizer': 'outputs/milestone_meta-llama_Llama-3.2-1B_r16/merged/checkpoint-15', 'max_length': 4096, 'eval_max_length': 16384, 'truncation': True, 'dtype': 'bfloat16'}
[2025-12-29 23:17:53,503][lm-eval][INFO] - Using device 'cuda'
[2025-12-29 23:17:54,132][lm-eval][INFO] - `group` and `group_alias` keys in tasks' configs will no longer be used in the next release of lm-eval. `tag` will be used to allow to call a collection of tasks just like `group`. `group` will be removed in order to not cause confusion with the new ConfigurableGroup which will be the offical way to create groups with addition of group-wide configuations.
[2025-12-29 23:17:57,054][lm-eval][WARNING] - [Task: ro_wiki] metric word_perplexity is defined, but aggregation is not. using default aggregation=weighted_perplexity
[2025-12-29 23:17:57,054][lm-eval][WARNING] - [Task: ro_wiki] metric word_perplexity is defined, but higher_is_better is not. using default higher_is_better=False
[2025-12-29 23:17:57,054][lm-eval][WARNING] - [Task: ro_wiki] metric byte_perplexity is defined, but aggregation is not. using default aggregation=weighted_perplexity
[2025-12-29 23:17:57,055][lm-eval][WARNING] - [Task: ro_wiki] metric byte_perplexity is defined, but higher_is_better is not. using default higher_is_better=False
[2025-12-29 23:17:57,055][lm-eval][WARNING] - [Task: ro_wiki] metric bits_per_byte is defined, but aggregation is not. using default aggregation=bits_per_byte
[2025-12-29 23:17:57,055][lm-eval][WARNING] - [Task: ro_wiki] metric bits_per_byte is defined, but higher_is_better is not. using default higher_is_better=False
[2025-12-29 23:17:59,206][lm-eval][WARNING] - Overwriting default num_fewshot of ro_wiki from None to 0
[2025-12-29 23:17:59,206][lm-eval][INFO] - Setting fewshot random generator seed to 23
[2025-12-29 23:17:59,207][lm-eval][INFO] - Building contexts for ro_wiki on rank 0...
[2025-12-29 23:17:59,361][lm-eval][INFO] - Running loglikelihood_rolling requests
[2025-12-29 23:18:37,727][lm-eval][WARNING] - Failed to get model SHA for outputs/milestone_meta-llama_Llama-3.2-1B_r16/merged/checkpoint-15 at revision main. Error: Repo id must be in the form 'repo_name' or 'namespace/repo_name': 'outputs/milestone_meta-llama_Llama-3.2-1B_r16/merged/checkpoint-15'. Use `repo_type` argument if needed.
[2025-12-29 23:18:38,814][__name__][INFO] - ✅ Finished ro_wiki
[2025-12-29 23:18:38,932][__name__][INFO] - 💾 Saved partial results: /home/dan-parii/Documents/ContinualPretrainRo/continual_pretrain/eval_results/outputs_milestone_meta-llama_Llama-3.2-1B_r16_merged_checkpoint-15/2025-12-29_23-16-13/ro_wiki.json
[2025-12-29 23:18:38,932][__name__][INFO] - 🚀 Running evaluation for _ro_arc_challenge | fewshot=5 | limit=1000
[2025-12-29 23:18:38,932][__name__][INFO] - Running outputs/milestone_meta-llama_Llama-3.2-1B_r16/merged/checkpoint-15 with apply_chat_template True
[2025-12-29 23:18:38,933][__name__][INFO] - 📝 Using fewshot_as_multiturn=True and custom system instruction
[2025-12-29 23:18:38,934][lm-eval][INFO] - Setting random seed to 23 | Setting numpy seed to 23 | Setting torch manual seed to 23
[2025-12-29 23:18:38,934][lm-eval][INFO] - Initializing hf model, with arguments: {'pretrained': 'outputs/milestone_meta-llama_Llama-3.2-1B_r16/merged/checkpoint-15', 'tokenizer': 'outputs/milestone_meta-llama_Llama-3.2-1B_r16/merged/checkpoint-15', 'max_length': 4096, 'eval_max_length': 16384, 'truncation': True, 'dtype': 'bfloat16'}
[2025-12-29 23:18:38,935][lm-eval][INFO] - Using device 'cuda'
[2025-12-29 23:18:39,571][lm-eval][INFO] - `group` and `group_alias` keys in tasks' configs will no longer be used in the next release of lm-eval. `tag` will be used to allow to call a collection of tasks just like `group`. `group` will be removed in order to not cause confusion with the new ConfigurableGroup which will be the offical way to create groups with addition of group-wide configuations.
[2025-12-29 23:18:44,501][lm-eval][WARNING] - Overwriting default num_fewshot of _ro_arc_challenge from None to 5
[2025-12-29 23:18:44,501][lm-eval][INFO] - Setting fewshot random generator seed to 23
[2025-12-29 23:18:44,502][lm-eval][INFO] - Building contexts for _ro_arc_challenge on rank 0...
[2025-12-29 23:18:46,087][lm-eval][INFO] - Running loglikelihood requests
[2025-12-29 23:20:16,249][lm-eval][WARNING] - Failed to get model SHA for outputs/milestone_meta-llama_Llama-3.2-1B_r16/merged/checkpoint-15 at revision main. Error: Repo id must be in the form 'repo_name' or 'namespace/repo_name': 'outputs/milestone_meta-llama_Llama-3.2-1B_r16/merged/checkpoint-15'. Use `repo_type` argument if needed.
[2025-12-29 23:20:17,384][__name__][INFO] - ✅ Finished _ro_arc_challenge
[2025-12-29 23:20:17,573][__name__][INFO] - 💾 Saved partial results: /home/dan-parii/Documents/ContinualPretrainRo/continual_pretrain/eval_results/outputs_milestone_meta-llama_Llama-3.2-1B_r16_merged_checkpoint-15/2025-12-29_23-16-13/_ro_arc_challenge.json
[2025-12-29 23:20:17,574][__name__][INFO] - 🚀 Running evaluation for arc_challenge | fewshot=5 | limit=1000
[2025-12-29 23:20:17,574][__name__][INFO] - Running outputs/milestone_meta-llama_Llama-3.2-1B_r16/merged/checkpoint-15 with apply_chat_template True
[2025-12-29 23:20:17,574][__name__][INFO] - 📝 Using fewshot_as_multiturn=True and custom system instruction
[2025-12-29 23:20:17,575][lm-eval][INFO] - Setting random seed to 23 | Setting numpy seed to 23 | Setting torch manual seed to 23
[2025-12-29 23:20:17,575][lm-eval][INFO] - Initializing hf model, with arguments: {'pretrained': 'outputs/milestone_meta-llama_Llama-3.2-1B_r16/merged/checkpoint-15', 'tokenizer': 'outputs/milestone_meta-llama_Llama-3.2-1B_r16/merged/checkpoint-15', 'max_length': 4096, 'eval_max_length': 16384, 'truncation': True, 'dtype': 'bfloat16'}
[2025-12-29 23:20:17,576][lm-eval][INFO] - Using device 'cuda'
[2025-12-29 23:20:18,198][lm-eval][INFO] - `group` and `group_alias` keys in tasks' configs will no longer be used in the next release of lm-eval. `tag` will be used to allow to call a collection of tasks just like `group`. `group` will be removed in order to not cause confusion with the new ConfigurableGroup which will be the offical way to create groups with addition of group-wide configuations.
[2025-12-29 23:20:23,043][lm-eval][WARNING] - Overwriting default num_fewshot of arc_challenge from None to 5
[2025-12-29 23:20:23,043][lm-eval][INFO] - Setting fewshot random generator seed to 23
[2025-12-29 23:20:23,044][lm-eval][INFO] - Building contexts for arc_challenge on rank 0...
[2025-12-29 23:20:27,442][lm-eval][INFO] - Running loglikelihood requests
[2025-12-29 23:21:25,255][lm-eval][WARNING] - Failed to get model SHA for outputs/milestone_meta-llama_Llama-3.2-1B_r16/merged/checkpoint-15 at revision main. Error: Repo id must be in the form 'repo_name' or 'namespace/repo_name': 'outputs/milestone_meta-llama_Llama-3.2-1B_r16/merged/checkpoint-15'. Use `repo_type` argument if needed.
[2025-12-29 23:21:26,327][__name__][INFO] - ✅ Finished arc_challenge
[2025-12-29 23:21:26,510][__name__][INFO] - 💾 Saved partial results: /home/dan-parii/Documents/ContinualPretrainRo/continual_pretrain/eval_results/outputs_milestone_meta-llama_Llama-3.2-1B_r16_merged_checkpoint-15/2025-12-29_23-16-13/arc_challenge.json
[2025-12-29 23:21:26,511][__name__][INFO] - 🚀 Running evaluation for winogrande | fewshot=5 | limit=1000
[2025-12-29 23:21:26,511][__name__][INFO] - Running outputs/milestone_meta-llama_Llama-3.2-1B_r16/merged/checkpoint-15 with apply_chat_template True
[2025-12-29 23:21:26,511][__name__][INFO] - 📝 Using fewshot_as_multiturn=True and custom system instruction
[2025-12-29 23:21:26,512][lm-eval][INFO] - Setting random seed to 23 | Setting numpy seed to 23 | Setting torch manual seed to 23
[2025-12-29 23:21:26,512][lm-eval][INFO] - Initializing hf model, with arguments: {'pretrained': 'outputs/milestone_meta-llama_Llama-3.2-1B_r16/merged/checkpoint-15', 'tokenizer': 'outputs/milestone_meta-llama_Llama-3.2-1B_r16/merged/checkpoint-15', 'max_length': 4096, 'eval_max_length': 16384, 'truncation': True, 'dtype': 'bfloat16'}
[2025-12-29 23:21:26,513][lm-eval][INFO] - Using device 'cuda'
[2025-12-29 23:21:27,311][lm-eval][INFO] - `group` and `group_alias` keys in tasks' configs will no longer be used in the next release of lm-eval. `tag` will be used to allow to call a collection of tasks just like `group`. `group` will be removed in order to not cause confusion with the new ConfigurableGroup which will be the offical way to create groups with addition of group-wide configuations.
[2025-12-29 23:21:30,189][datasets.load][ERROR] - `trust_remote_code` is not supported anymore.
Please check that the Hugging Face dataset 'winogrande' isn't based on a loading script and remove `trust_remote_code`.
If the dataset is based on a loading script, please ask the dataset author to remove it and convert it to a standard format like Parquet.
[2025-12-29 23:21:34,420][lm-eval][WARNING] - Overwriting default num_fewshot of winogrande from None to 5
[2025-12-29 23:21:34,420][lm-eval][INFO] - Setting fewshot random generator seed to 23
[2025-12-29 23:21:34,424][lm-eval][INFO] - Building contexts for winogrande on rank 0...
[2025-12-29 23:21:34,518][lm-eval][INFO] - Running loglikelihood requests
[2025-12-29 23:21:55,025][lm-eval][WARNING] - Failed to get model SHA for outputs/milestone_meta-llama_Llama-3.2-1B_r16/merged/checkpoint-15 at revision main. Error: Repo id must be in the form 'repo_name' or 'namespace/repo_name': 'outputs/milestone_meta-llama_Llama-3.2-1B_r16/merged/checkpoint-15'. Use `repo_type` argument if needed.
[2025-12-29 23:21:56,140][__name__][INFO] - ✅ Finished winogrande
[2025-12-29 23:21:56,227][__name__][INFO] - 💾 Saved partial results: /home/dan-parii/Documents/ContinualPretrainRo/continual_pretrain/eval_results/outputs_milestone_meta-llama_Llama-3.2-1B_r16_merged_checkpoint-15/2025-12-29_23-16-13/winogrande.json
[2025-12-29 23:21:56,227][__name__][INFO] - 🚀 Running evaluation for wikitext | fewshot=5 | limit=1000
[2025-12-29 23:21:56,227][__name__][INFO] - Running outputs/milestone_meta-llama_Llama-3.2-1B_r16/merged/checkpoint-15 with apply_chat_template True
[2025-12-29 23:21:56,229][lm-eval][INFO] - Setting random seed to 23 | Setting numpy seed to 23 | Setting torch manual seed to 23
[2025-12-29 23:21:56,229][lm-eval][INFO] - Initializing hf model, with arguments: {'pretrained': 'outputs/milestone_meta-llama_Llama-3.2-1B_r16/merged/checkpoint-15', 'tokenizer': 'outputs/milestone_meta-llama_Llama-3.2-1B_r16/merged/checkpoint-15', 'max_length': 4096, 'eval_max_length': 16384, 'truncation': True, 'dtype': 'bfloat16'}
[2025-12-29 23:21:56,229][lm-eval][INFO] - Using device 'cuda'
[2025-12-29 23:21:56,864][lm-eval][INFO] - `group` and `group_alias` keys in tasks' configs will no longer be used in the next release of lm-eval. `tag` will be used to allow to call a collection of tasks just like `group`. `group` will be removed in order to not cause confusion with the new ConfigurableGroup which will be the offical way to create groups with addition of group-wide configuations.
[2025-12-29 23:21:59,756][lm-eval][WARNING] - [Task: wikitext] metric word_perplexity is defined, but aggregation is not. using default aggregation=weighted_perplexity
[2025-12-29 23:21:59,756][lm-eval][WARNING] - [Task: wikitext] metric word_perplexity is defined, but higher_is_better is not. using default higher_is_better=False
[2025-12-29 23:21:59,756][lm-eval][WARNING] - [Task: wikitext] metric byte_perplexity is defined, but aggregation is not. using default aggregation=weighted_perplexity
[2025-12-29 23:21:59,756][lm-eval][WARNING] - [Task: wikitext] metric byte_perplexity is defined, but higher_is_better is not. using default higher_is_better=False
[2025-12-29 23:21:59,757][lm-eval][WARNING] - [Task: wikitext] metric bits_per_byte is defined, but aggregation is not. using default aggregation=bits_per_byte
[2025-12-29 23:21:59,757][lm-eval][WARNING] - [Task: wikitext] metric bits_per_byte is defined, but higher_is_better is not. using default higher_is_better=False
[2025-12-29 23:21:59,757][datasets.load][ERROR] - `trust_remote_code` is not supported anymore.
Please check that the Hugging Face dataset 'EleutherAI/wikitext_document_level' isn't based on a loading script and remove `trust_remote_code`.
If the dataset is based on a loading script, please ask the dataset author to remove it and convert it to a standard format like Parquet.
[2025-12-29 23:22:01,737][lm-eval][WARNING] - Overwriting default num_fewshot of wikitext from None to 5
[2025-12-29 23:22:01,737][lm-eval][INFO] - Setting fewshot random generator seed to 23
[2025-12-29 23:22:01,738][lm-eval][INFO] - Building contexts for wikitext on rank 0...
[2025-12-29 23:22:04,539][lm-eval][INFO] - Running loglikelihood_rolling requests
[2025-12-29 23:24:24,324][lm-eval][WARNING] - Failed to get model SHA for outputs/milestone_meta-llama_Llama-3.2-1B_r16/merged/checkpoint-15 at revision main. Error: Repo id must be in the form 'repo_name' or 'namespace/repo_name': 'outputs/milestone_meta-llama_Llama-3.2-1B_r16/merged/checkpoint-15'. Use `repo_type` argument if needed.
[2025-12-29 23:24:25,492][__name__][INFO] - ✅ Finished wikitext
[2025-12-29 23:24:25,922][__name__][INFO] - 💾 Saved partial results: /home/dan-parii/Documents/ContinualPretrainRo/continual_pretrain/eval_results/outputs_milestone_meta-llama_Llama-3.2-1B_r16_merged_checkpoint-15/2025-12-29_23-16-13/wikitext.json
[2025-12-29 23:24:26,812][__name__][INFO] - 📁 Combined results saved to: /home/dan-parii/Documents/ContinualPretrainRo/continual_pretrain/eval_results/outputs_milestone_meta-llama_Llama-3.2-1B_r16_merged_checkpoint-15/2025-12-29_23-16-13/eval_results.json
[2025-12-29 23:24:26,813][__name__][INFO] - 📊 Summary:
[2025-12-29 23:24:26,813][__name__][INFO] -   - _ro_winogrande: {'acc,none': 0.524, 'acc_stderr,none': 0.01580106558665186}
[2025-12-29 23:24:26,813][__name__][INFO] -   - _ro_belebele: {'acc_norm,none': 0.24222222222222223, 'acc_norm_stderr,none': 0.014288876375699876}
[2025-12-29 23:24:26,814][__name__][INFO] -   - ro_wiki: {'word_perplexity,none': 57.60347284671599, 'byte_perplexity,none': 1.819312199508528, 'bits_per_byte,none': 0.8633931350920714}
[2025-12-29 23:24:26,814][__name__][INFO] -   - _ro_arc_challenge: {'acc_norm,none': 0.29, 'acc_norm_stderr,none': 0.014356395999905621}
[2025-12-29 23:24:26,814][__name__][INFO] -   - arc_challenge: {'acc,none': 0.316, 'acc_stderr,none': 0.014709193056057165, 'acc_norm,none': 0.321, 'acc_norm_stderr,none': 0.01477082181793475}
[2025-12-29 23:24:26,814][__name__][INFO] -   - winogrande: {'acc,none': 0.601, 'acc_stderr,none': 0.015493193313163012}
[2025-12-29 23:24:26,815][__name__][INFO] -   - wikitext: {'word_perplexity,none': 12.601399884216429, 'byte_perplexity,none': 1.6088636534015142, 'bits_per_byte,none': 0.6860420669585613}
[2025-12-29 23:24:28,311][__name__][INFO] - 📊 W&B run finished
[2025-12-29 23:27:14,893][__name__][INFO] - Starting Romanian evaluation run
[2025-12-29 23:27:15,081][__name__][INFO] - 🚀 CUDA is available. Using GPU: NVIDIA GeForce RTX 3090
[2025-12-29 23:27:15,082][__name__][INFO] - 📁 Results will be saved in: /home/dan-parii/Documents/ContinualPretrainRo/continual_pretrain/eval_results/outputs_milestone_meta-llama_Llama-3.2-1B_r16_merged_checkpoint-22/2025-12-29_23-27-15
[2025-12-29 23:27:16,876][__name__][INFO] - 📊 W&B logging enabled with GPU monitoring
[2025-12-29 23:27:16,876][__name__][INFO] - 🚀 Running evaluation for _ro_winogrande | fewshot=5 | limit=1000
[2025-12-29 23:27:16,876][__name__][INFO] - Running outputs/milestone_meta-llama_Llama-3.2-1B_r16/merged/checkpoint-22 with apply_chat_template True
[2025-12-29 23:27:16,876][__name__][INFO] - 📝 Using fewshot_as_multiturn=True and custom system instruction
[2025-12-29 23:27:16,881][lm-eval][INFO] - Setting random seed to 23 | Setting numpy seed to 23 | Setting torch manual seed to 23
[2025-12-29 23:27:16,882][lm-eval][INFO] - Initializing hf model, with arguments: {'pretrained': 'outputs/milestone_meta-llama_Llama-3.2-1B_r16/merged/checkpoint-22', 'tokenizer': 'outputs/milestone_meta-llama_Llama-3.2-1B_r16/merged/checkpoint-22', 'max_length': 4096, 'eval_max_length': 16384, 'truncation': True, 'dtype': 'bfloat16'}
[2025-12-29 23:27:16,933][lm-eval][INFO] - Using device 'cuda'
[2025-12-29 23:27:18,022][lm-eval][INFO] - `group` and `group_alias` keys in tasks' configs will no longer be used in the next release of lm-eval. `tag` will be used to allow to call a collection of tasks just like `group`. `group` will be removed in order to not cause confusion with the new ConfigurableGroup which will be the offical way to create groups with addition of group-wide configuations.
[2025-12-29 23:27:23,574][lm-eval][WARNING] - Overwriting default num_fewshot of _ro_winogrande from None to 5
[2025-12-29 23:27:23,575][lm-eval][INFO] - Setting fewshot random generator seed to 23
[2025-12-29 23:27:23,577][lm-eval][INFO] - Building contexts for _ro_winogrande on rank 0...
[2025-12-29 23:27:23,689][lm-eval][INFO] - Running loglikelihood requests
[2025-12-29 23:27:53,546][lm-eval][WARNING] - Failed to get model SHA for outputs/milestone_meta-llama_Llama-3.2-1B_r16/merged/checkpoint-22 at revision main. Error: Repo id must be in the form 'repo_name' or 'namespace/repo_name': 'outputs/milestone_meta-llama_Llama-3.2-1B_r16/merged/checkpoint-22'. Use `repo_type` argument if needed.
[2025-12-29 23:27:54,567][__name__][INFO] - ✅ Finished _ro_winogrande
[2025-12-29 23:27:54,659][__name__][INFO] - 💾 Saved partial results: /home/dan-parii/Documents/ContinualPretrainRo/continual_pretrain/eval_results/outputs_milestone_meta-llama_Llama-3.2-1B_r16_merged_checkpoint-22/2025-12-29_23-27-15/_ro_winogrande.json
[2025-12-29 23:27:54,659][__name__][INFO] - 🚀 Running evaluation for _ro_belebele | fewshot=0 | limit=1000
[2025-12-29 23:27:54,660][__name__][INFO] - Running outputs/milestone_meta-llama_Llama-3.2-1B_r16/merged/checkpoint-22 with apply_chat_template True
[2025-12-29 23:27:54,660][__name__][INFO] - 📝 Using fewshot_as_multiturn=True and custom system instruction
[2025-12-29 23:27:54,661][lm-eval][INFO] - Setting random seed to 23 | Setting numpy seed to 23 | Setting torch manual seed to 23
[2025-12-29 23:27:54,661][lm-eval][INFO] - Initializing hf model, with arguments: {'pretrained': 'outputs/milestone_meta-llama_Llama-3.2-1B_r16/merged/checkpoint-22', 'tokenizer': 'outputs/milestone_meta-llama_Llama-3.2-1B_r16/merged/checkpoint-22', 'max_length': 4096, 'eval_max_length': 16384, 'truncation': True, 'dtype': 'bfloat16'}
[2025-12-29 23:27:54,662][lm-eval][INFO] - Using device 'cuda'
[2025-12-29 23:27:55,335][lm-eval][INFO] - `group` and `group_alias` keys in tasks' configs will no longer be used in the next release of lm-eval. `tag` will be used to allow to call a collection of tasks just like `group`. `group` will be removed in order to not cause confusion with the new ConfigurableGroup which will be the offical way to create groups with addition of group-wide configuations.
[2025-12-29 23:28:01,011][lm-eval][WARNING] - Overwriting default num_fewshot of _ro_belebele from None to 0
[2025-12-29 23:28:01,012][lm-eval][INFO] - Setting fewshot random generator seed to 23
[2025-12-29 23:28:01,012][lm-eval][INFO] - Building contexts for _ro_belebele on rank 0...
[2025-12-29 23:28:01,668][lm-eval][INFO] - Running loglikelihood requests
[2025-12-29 23:28:54,562][lm-eval][WARNING] - Failed to get model SHA for outputs/milestone_meta-llama_Llama-3.2-1B_r16/merged/checkpoint-22 at revision main. Error: Repo id must be in the form 'repo_name' or 'namespace/repo_name': 'outputs/milestone_meta-llama_Llama-3.2-1B_r16/merged/checkpoint-22'. Use `repo_type` argument if needed.
[2025-12-29 23:28:55,654][__name__][INFO] - ✅ Finished _ro_belebele
[2025-12-29 23:28:55,745][__name__][INFO] - 💾 Saved partial results: /home/dan-parii/Documents/ContinualPretrainRo/continual_pretrain/eval_results/outputs_milestone_meta-llama_Llama-3.2-1B_r16_merged_checkpoint-22/2025-12-29_23-27-15/_ro_belebele.json
[2025-12-29 23:28:55,745][__name__][INFO] - 🚀 Running evaluation for ro_wiki | fewshot=0 | limit=1000
[2025-12-29 23:28:55,746][__name__][INFO] - Running outputs/milestone_meta-llama_Llama-3.2-1B_r16/merged/checkpoint-22 with apply_chat_template True
[2025-12-29 23:28:55,747][lm-eval][INFO] - Setting random seed to 23 | Setting numpy seed to 23 | Setting torch manual seed to 23
[2025-12-29 23:28:55,747][lm-eval][INFO] - Initializing hf model, with arguments: {'pretrained': 'outputs/milestone_meta-llama_Llama-3.2-1B_r16/merged/checkpoint-22', 'tokenizer': 'outputs/milestone_meta-llama_Llama-3.2-1B_r16/merged/checkpoint-22', 'max_length': 4096, 'eval_max_length': 16384, 'truncation': True, 'dtype': 'bfloat16'}
[2025-12-29 23:28:55,748][lm-eval][INFO] - Using device 'cuda'
[2025-12-29 23:28:56,399][lm-eval][INFO] - `group` and `group_alias` keys in tasks' configs will no longer be used in the next release of lm-eval. `tag` will be used to allow to call a collection of tasks just like `group`. `group` will be removed in order to not cause confusion with the new ConfigurableGroup which will be the offical way to create groups with addition of group-wide configuations.
[2025-12-29 23:28:59,293][lm-eval][WARNING] - [Task: ro_wiki] metric word_perplexity is defined, but aggregation is not. using default aggregation=weighted_perplexity
[2025-12-29 23:28:59,293][lm-eval][WARNING] - [Task: ro_wiki] metric word_perplexity is defined, but higher_is_better is not. using default higher_is_better=False
[2025-12-29 23:28:59,293][lm-eval][WARNING] - [Task: ro_wiki] metric byte_perplexity is defined, but aggregation is not. using default aggregation=weighted_perplexity
[2025-12-29 23:28:59,294][lm-eval][WARNING] - [Task: ro_wiki] metric byte_perplexity is defined, but higher_is_better is not. using default higher_is_better=False
[2025-12-29 23:28:59,294][lm-eval][WARNING] - [Task: ro_wiki] metric bits_per_byte is defined, but aggregation is not. using default aggregation=bits_per_byte
[2025-12-29 23:28:59,294][lm-eval][WARNING] - [Task: ro_wiki] metric bits_per_byte is defined, but higher_is_better is not. using default higher_is_better=False
[2025-12-29 23:29:05,200][lm-eval][WARNING] - Overwriting default num_fewshot of ro_wiki from None to 0
[2025-12-29 23:29:05,200][lm-eval][INFO] - Setting fewshot random generator seed to 23
[2025-12-29 23:29:05,201][lm-eval][INFO] - Building contexts for ro_wiki on rank 0...
[2025-12-29 23:29:05,357][lm-eval][INFO] - Running loglikelihood_rolling requests
[2025-12-29 23:29:43,646][lm-eval][WARNING] - Failed to get model SHA for outputs/milestone_meta-llama_Llama-3.2-1B_r16/merged/checkpoint-22 at revision main. Error: Repo id must be in the form 'repo_name' or 'namespace/repo_name': 'outputs/milestone_meta-llama_Llama-3.2-1B_r16/merged/checkpoint-22'. Use `repo_type` argument if needed.
[2025-12-29 23:29:44,720][__name__][INFO] - ✅ Finished ro_wiki
[2025-12-29 23:29:44,839][__name__][INFO] - 💾 Saved partial results: /home/dan-parii/Documents/ContinualPretrainRo/continual_pretrain/eval_results/outputs_milestone_meta-llama_Llama-3.2-1B_r16_merged_checkpoint-22/2025-12-29_23-27-15/ro_wiki.json
[2025-12-29 23:29:44,840][__name__][INFO] - 🚀 Running evaluation for _ro_arc_challenge | fewshot=5 | limit=1000
[2025-12-29 23:29:44,840][__name__][INFO] - Running outputs/milestone_meta-llama_Llama-3.2-1B_r16/merged/checkpoint-22 with apply_chat_template True
[2025-12-29 23:29:44,840][__name__][INFO] - 📝 Using fewshot_as_multiturn=True and custom system instruction
[2025-12-29 23:29:44,841][lm-eval][INFO] - Setting random seed to 23 | Setting numpy seed to 23 | Setting torch manual seed to 23
[2025-12-29 23:29:44,841][lm-eval][INFO] - Initializing hf model, with arguments: {'pretrained': 'outputs/milestone_meta-llama_Llama-3.2-1B_r16/merged/checkpoint-22', 'tokenizer': 'outputs/milestone_meta-llama_Llama-3.2-1B_r16/merged/checkpoint-22', 'max_length': 4096, 'eval_max_length': 16384, 'truncation': True, 'dtype': 'bfloat16'}
[2025-12-29 23:29:44,842][lm-eval][INFO] - Using device 'cuda'
[2025-12-29 23:29:45,486][lm-eval][INFO] - `group` and `group_alias` keys in tasks' configs will no longer be used in the next release of lm-eval. `tag` will be used to allow to call a collection of tasks just like `group`. `group` will be removed in order to not cause confusion with the new ConfigurableGroup which will be the offical way to create groups with addition of group-wide configuations.
[2025-12-29 23:29:51,087][lm-eval][WARNING] - Overwriting default num_fewshot of _ro_arc_challenge from None to 5
[2025-12-29 23:29:51,087][lm-eval][INFO] - Setting fewshot random generator seed to 23
[2025-12-29 23:29:51,091][lm-eval][INFO] - Building contexts for _ro_arc_challenge on rank 0...
[2025-12-29 23:29:52,694][lm-eval][INFO] - Running loglikelihood requests
[2025-12-29 23:31:22,881][lm-eval][WARNING] - Failed to get model SHA for outputs/milestone_meta-llama_Llama-3.2-1B_r16/merged/checkpoint-22 at revision main. Error: Repo id must be in the form 'repo_name' or 'namespace/repo_name': 'outputs/milestone_meta-llama_Llama-3.2-1B_r16/merged/checkpoint-22'. Use `repo_type` argument if needed.
[2025-12-29 23:31:23,965][__name__][INFO] - ✅ Finished _ro_arc_challenge
[2025-12-29 23:31:24,149][__name__][INFO] - 💾 Saved partial results: /home/dan-parii/Documents/ContinualPretrainRo/continual_pretrain/eval_results/outputs_milestone_meta-llama_Llama-3.2-1B_r16_merged_checkpoint-22/2025-12-29_23-27-15/_ro_arc_challenge.json
[2025-12-29 23:31:24,150][__name__][INFO] - 🚀 Running evaluation for arc_challenge | fewshot=5 | limit=1000
[2025-12-29 23:31:24,150][__name__][INFO] - Running outputs/milestone_meta-llama_Llama-3.2-1B_r16/merged/checkpoint-22 with apply_chat_template True
[2025-12-29 23:31:24,151][__name__][INFO] - 📝 Using fewshot_as_multiturn=True and custom system instruction
[2025-12-29 23:31:24,152][lm-eval][INFO] - Setting random seed to 23 | Setting numpy seed to 23 | Setting torch manual seed to 23
[2025-12-29 23:31:24,152][lm-eval][INFO] - Initializing hf model, with arguments: {'pretrained': 'outputs/milestone_meta-llama_Llama-3.2-1B_r16/merged/checkpoint-22', 'tokenizer': 'outputs/milestone_meta-llama_Llama-3.2-1B_r16/merged/checkpoint-22', 'max_length': 4096, 'eval_max_length': 16384, 'truncation': True, 'dtype': 'bfloat16'}
[2025-12-29 23:31:24,153][lm-eval][INFO] - Using device 'cuda'
[2025-12-29 23:31:24,791][lm-eval][INFO] - `group` and `group_alias` keys in tasks' configs will no longer be used in the next release of lm-eval. `tag` will be used to allow to call a collection of tasks just like `group`. `group` will be removed in order to not cause confusion with the new ConfigurableGroup which will be the offical way to create groups with addition of group-wide configuations.
[2025-12-29 23:31:29,543][lm-eval][WARNING] - Overwriting default num_fewshot of arc_challenge from None to 5
[2025-12-29 23:31:29,543][lm-eval][INFO] - Setting fewshot random generator seed to 23
[2025-12-29 23:31:29,543][lm-eval][INFO] - Building contexts for arc_challenge on rank 0...
[2025-12-29 23:31:33,927][lm-eval][INFO] - Running loglikelihood requests
[2025-12-29 23:32:31,626][lm-eval][WARNING] - Failed to get model SHA for outputs/milestone_meta-llama_Llama-3.2-1B_r16/merged/checkpoint-22 at revision main. Error: Repo id must be in the form 'repo_name' or 'namespace/repo_name': 'outputs/milestone_meta-llama_Llama-3.2-1B_r16/merged/checkpoint-22'. Use `repo_type` argument if needed.
[2025-12-29 23:32:32,661][__name__][INFO] - ✅ Finished arc_challenge
[2025-12-29 23:32:32,841][__name__][INFO] - 💾 Saved partial results: /home/dan-parii/Documents/ContinualPretrainRo/continual_pretrain/eval_results/outputs_milestone_meta-llama_Llama-3.2-1B_r16_merged_checkpoint-22/2025-12-29_23-27-15/arc_challenge.json
[2025-12-29 23:32:32,842][__name__][INFO] - 🚀 Running evaluation for winogrande | fewshot=5 | limit=1000
[2025-12-29 23:32:32,842][__name__][INFO] - Running outputs/milestone_meta-llama_Llama-3.2-1B_r16/merged/checkpoint-22 with apply_chat_template True
[2025-12-29 23:32:32,843][__name__][INFO] - 📝 Using fewshot_as_multiturn=True and custom system instruction
[2025-12-29 23:32:32,844][lm-eval][INFO] - Setting random seed to 23 | Setting numpy seed to 23 | Setting torch manual seed to 23
[2025-12-29 23:32:32,844][lm-eval][INFO] - Initializing hf model, with arguments: {'pretrained': 'outputs/milestone_meta-llama_Llama-3.2-1B_r16/merged/checkpoint-22', 'tokenizer': 'outputs/milestone_meta-llama_Llama-3.2-1B_r16/merged/checkpoint-22', 'max_length': 4096, 'eval_max_length': 16384, 'truncation': True, 'dtype': 'bfloat16'}
[2025-12-29 23:32:32,845][lm-eval][INFO] - Using device 'cuda'
[2025-12-29 23:32:33,500][lm-eval][INFO] - `group` and `group_alias` keys in tasks' configs will no longer be used in the next release of lm-eval. `tag` will be used to allow to call a collection of tasks just like `group`. `group` will be removed in order to not cause confusion with the new ConfigurableGroup which will be the offical way to create groups with addition of group-wide configuations.
[2025-12-29 23:32:36,414][datasets.load][ERROR] - `trust_remote_code` is not supported anymore.
Please check that the Hugging Face dataset 'winogrande' isn't based on a loading script and remove `trust_remote_code`.
If the dataset is based on a loading script, please ask the dataset author to remove it and convert it to a standard format like Parquet.
[2025-12-29 23:32:40,466][lm-eval][WARNING] - Overwriting default num_fewshot of winogrande from None to 5
[2025-12-29 23:32:40,467][lm-eval][INFO] - Setting fewshot random generator seed to 23
[2025-12-29 23:32:40,471][lm-eval][INFO] - Building contexts for winogrande on rank 0...
[2025-12-29 23:32:40,562][lm-eval][INFO] - Running loglikelihood requests
[2025-12-29 23:33:01,023][lm-eval][WARNING] - Failed to get model SHA for outputs/milestone_meta-llama_Llama-3.2-1B_r16/merged/checkpoint-22 at revision main. Error: Repo id must be in the form 'repo_name' or 'namespace/repo_name': 'outputs/milestone_meta-llama_Llama-3.2-1B_r16/merged/checkpoint-22'. Use `repo_type` argument if needed.
[2025-12-29 23:33:02,129][__name__][INFO] - ✅ Finished winogrande
[2025-12-29 23:33:02,212][__name__][INFO] - 💾 Saved partial results: /home/dan-parii/Documents/ContinualPretrainRo/continual_pretrain/eval_results/outputs_milestone_meta-llama_Llama-3.2-1B_r16_merged_checkpoint-22/2025-12-29_23-27-15/winogrande.json
[2025-12-29 23:33:02,213][__name__][INFO] - 🚀 Running evaluation for wikitext | fewshot=5 | limit=1000
[2025-12-29 23:33:02,213][__name__][INFO] - Running outputs/milestone_meta-llama_Llama-3.2-1B_r16/merged/checkpoint-22 with apply_chat_template True
[2025-12-29 23:33:02,214][lm-eval][INFO] - Setting random seed to 23 | Setting numpy seed to 23 | Setting torch manual seed to 23
[2025-12-29 23:33:02,214][lm-eval][INFO] - Initializing hf model, with arguments: {'pretrained': 'outputs/milestone_meta-llama_Llama-3.2-1B_r16/merged/checkpoint-22', 'tokenizer': 'outputs/milestone_meta-llama_Llama-3.2-1B_r16/merged/checkpoint-22', 'max_length': 4096, 'eval_max_length': 16384, 'truncation': True, 'dtype': 'bfloat16'}
[2025-12-29 23:33:02,215][lm-eval][INFO] - Using device 'cuda'
[2025-12-29 23:33:02,868][lm-eval][INFO] - `group` and `group_alias` keys in tasks' configs will no longer be used in the next release of lm-eval. `tag` will be used to allow to call a collection of tasks just like `group`. `group` will be removed in order to not cause confusion with the new ConfigurableGroup which will be the offical way to create groups with addition of group-wide configuations.
[2025-12-29 23:33:05,761][lm-eval][WARNING] - [Task: wikitext] metric word_perplexity is defined, but aggregation is not. using default aggregation=weighted_perplexity
[2025-12-29 23:33:05,761][lm-eval][WARNING] - [Task: wikitext] metric word_perplexity is defined, but higher_is_better is not. using default higher_is_better=False
[2025-12-29 23:33:05,762][lm-eval][WARNING] - [Task: wikitext] metric byte_perplexity is defined, but aggregation is not. using default aggregation=weighted_perplexity
[2025-12-29 23:33:05,762][lm-eval][WARNING] - [Task: wikitext] metric byte_perplexity is defined, but higher_is_better is not. using default higher_is_better=False
[2025-12-29 23:33:05,762][lm-eval][WARNING] - [Task: wikitext] metric bits_per_byte is defined, but aggregation is not. using default aggregation=bits_per_byte
[2025-12-29 23:33:05,762][lm-eval][WARNING] - [Task: wikitext] metric bits_per_byte is defined, but higher_is_better is not. using default higher_is_better=False
[2025-12-29 23:33:05,762][datasets.load][ERROR] - `trust_remote_code` is not supported anymore.
Please check that the Hugging Face dataset 'EleutherAI/wikitext_document_level' isn't based on a loading script and remove `trust_remote_code`.
If the dataset is based on a loading script, please ask the dataset author to remove it and convert it to a standard format like Parquet.
[2025-12-29 23:33:09,134][lm-eval][WARNING] - Overwriting default num_fewshot of wikitext from None to 5
[2025-12-29 23:33:09,134][lm-eval][INFO] - Setting fewshot random generator seed to 23
[2025-12-29 23:33:09,136][lm-eval][INFO] - Building contexts for wikitext on rank 0...
[2025-12-29 23:33:11,943][lm-eval][INFO] - Running loglikelihood_rolling requests
[2025-12-29 23:35:31,342][lm-eval][WARNING] - Failed to get model SHA for outputs/milestone_meta-llama_Llama-3.2-1B_r16/merged/checkpoint-22 at revision main. Error: Repo id must be in the form 'repo_name' or 'namespace/repo_name': 'outputs/milestone_meta-llama_Llama-3.2-1B_r16/merged/checkpoint-22'. Use `repo_type` argument if needed.
[2025-12-29 23:35:32,466][__name__][INFO] - ✅ Finished wikitext
[2025-12-29 23:35:32,897][__name__][INFO] - 💾 Saved partial results: /home/dan-parii/Documents/ContinualPretrainRo/continual_pretrain/eval_results/outputs_milestone_meta-llama_Llama-3.2-1B_r16_merged_checkpoint-22/2025-12-29_23-27-15/wikitext.json
[2025-12-29 23:35:33,786][__name__][INFO] - 📁 Combined results saved to: /home/dan-parii/Documents/ContinualPretrainRo/continual_pretrain/eval_results/outputs_milestone_meta-llama_Llama-3.2-1B_r16_merged_checkpoint-22/2025-12-29_23-27-15/eval_results.json
[2025-12-29 23:35:33,786][__name__][INFO] - 📊 Summary:
[2025-12-29 23:35:33,787][__name__][INFO] -   - _ro_winogrande: {'acc,none': 0.507, 'acc_stderr,none': 0.01581774956184353}
[2025-12-29 23:35:33,787][__name__][INFO] -   - _ro_belebele: {'acc_norm,none': 0.2511111111111111, 'acc_norm_stderr,none': 0.014463114105170876}
[2025-12-29 23:35:33,787][__name__][INFO] -   - ro_wiki: {'word_perplexity,none': 57.58284681054436, 'byte_perplexity,none': 1.8192160082468865, 'bits_per_byte,none': 0.8633168544377763}
[2025-12-29 23:35:33,787][__name__][INFO] -   - _ro_arc_challenge: {'acc_norm,none': 0.284, 'acc_norm_stderr,none': 0.014267009061031241}
[2025-12-29 23:35:33,788][__name__][INFO] -   - arc_challenge: {'acc,none': 0.319, 'acc_stderr,none': 0.014746404865473364, 'acc_norm,none': 0.321, 'acc_norm_stderr,none': 0.01477082181793475}
[2025-12-29 23:35:33,788][__name__][INFO] -   - winogrande: {'acc,none': 0.594, 'acc_stderr,none': 0.01553722643863458}
[2025-12-29 23:35:33,788][__name__][INFO] -   - wikitext: {'word_perplexity,none': 12.600477405025467, 'byte_perplexity,none': 1.608841549320747, 'bits_per_byte,none': 0.686022245722185}
[2025-12-29 23:35:34,949][__name__][INFO] - 📊 W&B run finished
[2025-12-29 23:38:40,683][__name__][INFO] - Starting Romanian evaluation run
[2025-12-29 23:38:40,838][__name__][INFO] - 🚀 CUDA is available. Using GPU: NVIDIA GeForce RTX 3090
[2025-12-29 23:38:40,838][__name__][INFO] - 📁 Results will be saved in: /home/dan-parii/Documents/ContinualPretrainRo/continual_pretrain/eval_results/outputs_milestone_meta-llama_Llama-3.2-1B_r16_merged_checkpoint-30/2025-12-29_23-38-40
[2025-12-29 23:38:42,564][__name__][INFO] - 📊 W&B logging enabled with GPU monitoring
[2025-12-29 23:38:42,565][__name__][INFO] - 🚀 Running evaluation for _ro_winogrande | fewshot=5 | limit=1000
[2025-12-29 23:38:42,565][__name__][INFO] - Running outputs/milestone_meta-llama_Llama-3.2-1B_r16/merged/checkpoint-30 with apply_chat_template True
[2025-12-29 23:38:42,565][__name__][INFO] - 📝 Using fewshot_as_multiturn=True and custom system instruction
[2025-12-29 23:38:42,568][lm-eval][INFO] - Setting random seed to 23 | Setting numpy seed to 23 | Setting torch manual seed to 23
[2025-12-29 23:38:42,568][lm-eval][INFO] - Initializing hf model, with arguments: {'pretrained': 'outputs/milestone_meta-llama_Llama-3.2-1B_r16/merged/checkpoint-30', 'tokenizer': 'outputs/milestone_meta-llama_Llama-3.2-1B_r16/merged/checkpoint-30', 'max_length': 4096, 'eval_max_length': 16384, 'truncation': True, 'dtype': 'bfloat16'}
[2025-12-29 23:38:42,618][lm-eval][INFO] - Using device 'cuda'
[2025-12-29 23:38:43,664][lm-eval][INFO] - `group` and `group_alias` keys in tasks' configs will no longer be used in the next release of lm-eval. `tag` will be used to allow to call a collection of tasks just like `group`. `group` will be removed in order to not cause confusion with the new ConfigurableGroup which will be the offical way to create groups with addition of group-wide configuations.
[2025-12-29 23:38:50,922][lm-eval][WARNING] - Overwriting default num_fewshot of _ro_winogrande from None to 5
[2025-12-29 23:38:50,923][lm-eval][INFO] - Setting fewshot random generator seed to 23
[2025-12-29 23:38:50,927][lm-eval][INFO] - Building contexts for _ro_winogrande on rank 0...
[2025-12-29 23:38:51,040][lm-eval][INFO] - Running loglikelihood requests
[2025-12-29 23:39:20,799][lm-eval][WARNING] - Failed to get model SHA for outputs/milestone_meta-llama_Llama-3.2-1B_r16/merged/checkpoint-30 at revision main. Error: Repo id must be in the form 'repo_name' or 'namespace/repo_name': 'outputs/milestone_meta-llama_Llama-3.2-1B_r16/merged/checkpoint-30'. Use `repo_type` argument if needed.
[2025-12-29 23:39:21,725][__name__][INFO] - ✅ Finished _ro_winogrande
[2025-12-29 23:39:21,816][__name__][INFO] - 💾 Saved partial results: /home/dan-parii/Documents/ContinualPretrainRo/continual_pretrain/eval_results/outputs_milestone_meta-llama_Llama-3.2-1B_r16_merged_checkpoint-30/2025-12-29_23-38-40/_ro_winogrande.json
[2025-12-29 23:39:21,816][__name__][INFO] - 🚀 Running evaluation for _ro_belebele | fewshot=0 | limit=1000
[2025-12-29 23:39:21,817][__name__][INFO] - Running outputs/milestone_meta-llama_Llama-3.2-1B_r16/merged/checkpoint-30 with apply_chat_template True
[2025-12-29 23:39:21,817][__name__][INFO] - 📝 Using fewshot_as_multiturn=True and custom system instruction
[2025-12-29 23:39:21,818][lm-eval][INFO] - Setting random seed to 23 | Setting numpy seed to 23 | Setting torch manual seed to 23
[2025-12-29 23:39:21,818][lm-eval][INFO] - Initializing hf model, with arguments: {'pretrained': 'outputs/milestone_meta-llama_Llama-3.2-1B_r16/merged/checkpoint-30', 'tokenizer': 'outputs/milestone_meta-llama_Llama-3.2-1B_r16/merged/checkpoint-30', 'max_length': 4096, 'eval_max_length': 16384, 'truncation': True, 'dtype': 'bfloat16'}
[2025-12-29 23:39:21,819][lm-eval][INFO] - Using device 'cuda'
[2025-12-29 23:39:22,468][lm-eval][INFO] - `group` and `group_alias` keys in tasks' configs will no longer be used in the next release of lm-eval. `tag` will be used to allow to call a collection of tasks just like `group`. `group` will be removed in order to not cause confusion with the new ConfigurableGroup which will be the offical way to create groups with addition of group-wide configuations.
[2025-12-29 23:39:27,218][lm-eval][WARNING] - Overwriting default num_fewshot of _ro_belebele from None to 0
[2025-12-29 23:39:27,218][lm-eval][INFO] - Setting fewshot random generator seed to 23
[2025-12-29 23:39:27,219][lm-eval][INFO] - Building contexts for _ro_belebele on rank 0...
[2025-12-29 23:39:27,866][lm-eval][INFO] - Running loglikelihood requests
[2025-12-29 23:40:20,587][lm-eval][WARNING] - Failed to get model SHA for outputs/milestone_meta-llama_Llama-3.2-1B_r16/merged/checkpoint-30 at revision main. Error: Repo id must be in the form 'repo_name' or 'namespace/repo_name': 'outputs/milestone_meta-llama_Llama-3.2-1B_r16/merged/checkpoint-30'. Use `repo_type` argument if needed.
[2025-12-29 23:40:21,559][__name__][INFO] - ✅ Finished _ro_belebele
[2025-12-29 23:40:21,649][__name__][INFO] - 💾 Saved partial results: /home/dan-parii/Documents/ContinualPretrainRo/continual_pretrain/eval_results/outputs_milestone_meta-llama_Llama-3.2-1B_r16_merged_checkpoint-30/2025-12-29_23-38-40/_ro_belebele.json
[2025-12-29 23:40:21,650][__name__][INFO] - 🚀 Running evaluation for ro_wiki | fewshot=0 | limit=1000
[2025-12-29 23:40:21,650][__name__][INFO] - Running outputs/milestone_meta-llama_Llama-3.2-1B_r16/merged/checkpoint-30 with apply_chat_template True
[2025-12-29 23:40:21,651][lm-eval][INFO] - Setting random seed to 23 | Setting numpy seed to 23 | Setting torch manual seed to 23
[2025-12-29 23:40:21,651][lm-eval][INFO] - Initializing hf model, with arguments: {'pretrained': 'outputs/milestone_meta-llama_Llama-3.2-1B_r16/merged/checkpoint-30', 'tokenizer': 'outputs/milestone_meta-llama_Llama-3.2-1B_r16/merged/checkpoint-30', 'max_length': 4096, 'eval_max_length': 16384, 'truncation': True, 'dtype': 'bfloat16'}
[2025-12-29 23:40:21,652][lm-eval][INFO] - Using device 'cuda'
[2025-12-29 23:40:22,289][lm-eval][INFO] - `group` and `group_alias` keys in tasks' configs will no longer be used in the next release of lm-eval. `tag` will be used to allow to call a collection of tasks just like `group`. `group` will be removed in order to not cause confusion with the new ConfigurableGroup which will be the offical way to create groups with addition of group-wide configuations.
[2025-12-29 23:40:25,217][lm-eval][WARNING] - [Task: ro_wiki] metric word_perplexity is defined, but aggregation is not. using default aggregation=weighted_perplexity
[2025-12-29 23:40:25,218][lm-eval][WARNING] - [Task: ro_wiki] metric word_perplexity is defined, but higher_is_better is not. using default higher_is_better=False
[2025-12-29 23:40:25,218][lm-eval][WARNING] - [Task: ro_wiki] metric byte_perplexity is defined, but aggregation is not. using default aggregation=weighted_perplexity
[2025-12-29 23:40:25,218][lm-eval][WARNING] - [Task: ro_wiki] metric byte_perplexity is defined, but higher_is_better is not. using default higher_is_better=False
[2025-12-29 23:40:25,218][lm-eval][WARNING] - [Task: ro_wiki] metric bits_per_byte is defined, but aggregation is not. using default aggregation=bits_per_byte
[2025-12-29 23:40:25,218][lm-eval][WARNING] - [Task: ro_wiki] metric bits_per_byte is defined, but higher_is_better is not. using default higher_is_better=False
[2025-12-29 23:40:28,147][lm-eval][WARNING] - Overwriting default num_fewshot of ro_wiki from None to 0
[2025-12-29 23:40:28,147][lm-eval][INFO] - Setting fewshot random generator seed to 23
[2025-12-29 23:40:28,148][lm-eval][INFO] - Building contexts for ro_wiki on rank 0...
[2025-12-29 23:40:28,305][lm-eval][INFO] - Running loglikelihood_rolling requests
[2025-12-29 23:41:06,507][lm-eval][WARNING] - Failed to get model SHA for outputs/milestone_meta-llama_Llama-3.2-1B_r16/merged/checkpoint-30 at revision main. Error: Repo id must be in the form 'repo_name' or 'namespace/repo_name': 'outputs/milestone_meta-llama_Llama-3.2-1B_r16/merged/checkpoint-30'. Use `repo_type` argument if needed.
[2025-12-29 23:41:07,485][__name__][INFO] - ✅ Finished ro_wiki
[2025-12-29 23:41:07,603][__name__][INFO] - 💾 Saved partial results: /home/dan-parii/Documents/ContinualPretrainRo/continual_pretrain/eval_results/outputs_milestone_meta-llama_Llama-3.2-1B_r16_merged_checkpoint-30/2025-12-29_23-38-40/ro_wiki.json
[2025-12-29 23:41:07,604][__name__][INFO] - 🚀 Running evaluation for _ro_arc_challenge | fewshot=5 | limit=1000
[2025-12-29 23:41:07,604][__name__][INFO] - Running outputs/milestone_meta-llama_Llama-3.2-1B_r16/merged/checkpoint-30 with apply_chat_template True
[2025-12-29 23:41:07,604][__name__][INFO] - 📝 Using fewshot_as_multiturn=True and custom system instruction
[2025-12-29 23:41:07,605][lm-eval][INFO] - Setting random seed to 23 | Setting numpy seed to 23 | Setting torch manual seed to 23
[2025-12-29 23:41:07,605][lm-eval][INFO] - Initializing hf model, with arguments: {'pretrained': 'outputs/milestone_meta-llama_Llama-3.2-1B_r16/merged/checkpoint-30', 'tokenizer': 'outputs/milestone_meta-llama_Llama-3.2-1B_r16/merged/checkpoint-30', 'max_length': 4096, 'eval_max_length': 16384, 'truncation': True, 'dtype': 'bfloat16'}
[2025-12-29 23:41:07,606][lm-eval][INFO] - Using device 'cuda'
[2025-12-29 23:41:08,247][lm-eval][INFO] - `group` and `group_alias` keys in tasks' configs will no longer be used in the next release of lm-eval. `tag` will be used to allow to call a collection of tasks just like `group`. `group` will be removed in order to not cause confusion with the new ConfigurableGroup which will be the offical way to create groups with addition of group-wide configuations.
[2025-12-29 23:41:14,942][lm-eval][WARNING] - Overwriting default num_fewshot of _ro_arc_challenge from None to 5
[2025-12-29 23:41:14,943][lm-eval][INFO] - Setting fewshot random generator seed to 23
[2025-12-29 23:41:14,945][lm-eval][INFO] - Building contexts for _ro_arc_challenge on rank 0...
[2025-12-29 23:41:16,402][lm-eval][INFO] - Running loglikelihood requests
[2026-01-01 16:29:27,986][__name__][INFO] - Starting Romanian evaluation run
[2026-01-01 16:29:28,213][__name__][INFO] - 🚀 CUDA is available. Using GPU: NVIDIA GeForce RTX 3090
[2026-01-01 16:29:28,213][__name__][INFO] - 📁 Results will be saved in: /home/dan-parii/Documents/ContinualPretrainRo/continual_pretrain/eval_results/outputs_milestone_meta-llama_Llama-3.2-1B_r16_merged_checkpoint-0/2026-01-01_16-29-28
[2026-01-01 16:29:29,830][__name__][INFO] - 📊 W&B logging enabled with GPU monitoring
[2026-01-01 16:29:29,830][__name__][INFO] - 🚀 Running evaluation for _ro_winogrande | fewshot=5 | limit=1000
[2026-01-01 16:29:29,831][__name__][INFO] - Running outputs/milestone_meta-llama_Llama-3.2-1B_r16/merged/checkpoint-0 with apply_chat_template True
[2026-01-01 16:29:29,831][__name__][INFO] - 📝 Using fewshot_as_multiturn=True and custom system instruction
[2026-01-01 16:29:29,837][lm-eval][INFO] - Setting random seed to 23 | Setting numpy seed to 23 | Setting torch manual seed to 23
[2026-01-01 16:29:29,837][lm-eval][INFO] - Initializing hf model, with arguments: {'pretrained': 'outputs/milestone_meta-llama_Llama-3.2-1B_r16/merged/checkpoint-0', 'tokenizer': 'outputs/milestone_meta-llama_Llama-3.2-1B_r16/merged/checkpoint-0', 'max_length': 4096, 'eval_max_length': 16384, 'truncation': True, 'dtype': 'bfloat16'}
[2026-01-01 16:29:29,896][lm-eval][INFO] - Using device 'cuda'
[2026-01-01 16:29:30,721][lm-eval][INFO] - `group` and `group_alias` keys in tasks' configs will no longer be used in the next release of lm-eval. `tag` will be used to allow to call a collection of tasks just like `group`. `group` will be removed in order to not cause confusion with the new ConfigurableGroup which will be the offical way to create groups with addition of group-wide configuations.
[2026-01-01 16:29:36,651][lm-eval][WARNING] - Overwriting default num_fewshot of _ro_winogrande from None to 5
[2026-01-01 16:29:36,651][lm-eval][INFO] - Setting fewshot random generator seed to 23
[2026-01-01 16:29:36,653][lm-eval][INFO] - Building contexts for _ro_winogrande on rank 0...
[2026-01-01 16:29:36,777][lm-eval][INFO] - Running loglikelihood requests
[2026-01-01 16:30:07,174][lm-eval][WARNING] - Failed to get model SHA for outputs/milestone_meta-llama_Llama-3.2-1B_r16/merged/checkpoint-0 at revision main. Error: Repo id must be in the form 'repo_name' or 'namespace/repo_name': 'outputs/milestone_meta-llama_Llama-3.2-1B_r16/merged/checkpoint-0'. Use `repo_type` argument if needed.
[2026-01-01 16:30:08,218][__name__][INFO] - ✅ Finished _ro_winogrande
[2026-01-01 16:30:08,316][__name__][INFO] - 💾 Saved partial results: /home/dan-parii/Documents/ContinualPretrainRo/continual_pretrain/eval_results/outputs_milestone_meta-llama_Llama-3.2-1B_r16_merged_checkpoint-0/2026-01-01_16-29-28/_ro_winogrande.json
[2026-01-01 16:30:08,317][__name__][INFO] - 🚀 Running evaluation for _ro_belebele | fewshot=0 | limit=1000
[2026-01-01 16:30:08,317][__name__][INFO] - Running outputs/milestone_meta-llama_Llama-3.2-1B_r16/merged/checkpoint-0 with apply_chat_template True
[2026-01-01 16:30:08,317][__name__][INFO] - 📝 Using fewshot_as_multiturn=True and custom system instruction
[2026-01-01 16:30:08,318][lm-eval][INFO] - Setting random seed to 23 | Setting numpy seed to 23 | Setting torch manual seed to 23
[2026-01-01 16:30:08,318][lm-eval][INFO] - Initializing hf model, with arguments: {'pretrained': 'outputs/milestone_meta-llama_Llama-3.2-1B_r16/merged/checkpoint-0', 'tokenizer': 'outputs/milestone_meta-llama_Llama-3.2-1B_r16/merged/checkpoint-0', 'max_length': 4096, 'eval_max_length': 16384, 'truncation': True, 'dtype': 'bfloat16'}
[2026-01-01 16:30:08,319][lm-eval][INFO] - Using device 'cuda'
[2026-01-01 16:30:09,019][lm-eval][INFO] - `group` and `group_alias` keys in tasks' configs will no longer be used in the next release of lm-eval. `tag` will be used to allow to call a collection of tasks just like `group`. `group` will be removed in order to not cause confusion with the new ConfigurableGroup which will be the offical way to create groups with addition of group-wide configuations.
[2026-01-01 16:30:13,920][lm-eval][WARNING] - Overwriting default num_fewshot of _ro_belebele from None to 0
[2026-01-01 16:30:13,920][lm-eval][INFO] - Setting fewshot random generator seed to 23
[2026-01-01 16:30:13,920][lm-eval][INFO] - Building contexts for _ro_belebele on rank 0...
[2026-01-01 16:30:14,597][lm-eval][INFO] - Running loglikelihood requests
[2026-01-01 16:31:08,647][lm-eval][WARNING] - Failed to get model SHA for outputs/milestone_meta-llama_Llama-3.2-1B_r16/merged/checkpoint-0 at revision main. Error: Repo id must be in the form 'repo_name' or 'namespace/repo_name': 'outputs/milestone_meta-llama_Llama-3.2-1B_r16/merged/checkpoint-0'. Use `repo_type` argument if needed.
[2026-01-01 16:31:09,963][__name__][INFO] - ✅ Finished _ro_belebele
[2026-01-01 16:31:10,080][__name__][INFO] - 💾 Saved partial results: /home/dan-parii/Documents/ContinualPretrainRo/continual_pretrain/eval_results/outputs_milestone_meta-llama_Llama-3.2-1B_r16_merged_checkpoint-0/2026-01-01_16-29-28/_ro_belebele.json
[2026-01-01 16:31:10,081][__name__][INFO] - 🚀 Running evaluation for ro_wiki | fewshot=0 | limit=1000
[2026-01-01 16:31:10,081][__name__][INFO] - Running outputs/milestone_meta-llama_Llama-3.2-1B_r16/merged/checkpoint-0 with apply_chat_template True
[2026-01-01 16:31:10,082][lm-eval][INFO] - Setting random seed to 23 | Setting numpy seed to 23 | Setting torch manual seed to 23
[2026-01-01 16:31:10,083][lm-eval][INFO] - Initializing hf model, with arguments: {'pretrained': 'outputs/milestone_meta-llama_Llama-3.2-1B_r16/merged/checkpoint-0', 'tokenizer': 'outputs/milestone_meta-llama_Llama-3.2-1B_r16/merged/checkpoint-0', 'max_length': 4096, 'eval_max_length': 16384, 'truncation': True, 'dtype': 'bfloat16'}
[2026-01-01 16:31:10,084][lm-eval][INFO] - Using device 'cuda'
[2026-01-01 16:31:10,875][lm-eval][INFO] - `group` and `group_alias` keys in tasks' configs will no longer be used in the next release of lm-eval. `tag` will be used to allow to call a collection of tasks just like `group`. `group` will be removed in order to not cause confusion with the new ConfigurableGroup which will be the offical way to create groups with addition of group-wide configuations.
[2026-01-01 16:31:14,226][lm-eval][WARNING] - [Task: ro_wiki] metric word_perplexity is defined, but aggregation is not. using default aggregation=weighted_perplexity
[2026-01-01 16:31:14,227][lm-eval][WARNING] - [Task: ro_wiki] metric word_perplexity is defined, but higher_is_better is not. using default higher_is_better=False
[2026-01-01 16:31:14,227][lm-eval][WARNING] - [Task: ro_wiki] metric byte_perplexity is defined, but aggregation is not. using default aggregation=weighted_perplexity
[2026-01-01 16:31:14,228][lm-eval][WARNING] - [Task: ro_wiki] metric byte_perplexity is defined, but higher_is_better is not. using default higher_is_better=False
[2026-01-01 16:31:14,228][lm-eval][WARNING] - [Task: ro_wiki] metric bits_per_byte is defined, but aggregation is not. using default aggregation=bits_per_byte
[2026-01-01 16:31:14,228][lm-eval][WARNING] - [Task: ro_wiki] metric bits_per_byte is defined, but higher_is_better is not. using default higher_is_better=False
[2026-01-01 16:31:16,369][lm-eval][WARNING] - Overwriting default num_fewshot of ro_wiki from None to 0
[2026-01-01 16:31:16,370][lm-eval][INFO] - Setting fewshot random generator seed to 23
[2026-01-01 16:31:16,371][lm-eval][INFO] - Building contexts for ro_wiki on rank 0...
[2026-01-01 16:31:16,551][lm-eval][INFO] - Running loglikelihood_rolling requests
[2026-01-01 16:31:55,995][lm-eval][WARNING] - Failed to get model SHA for outputs/milestone_meta-llama_Llama-3.2-1B_r16/merged/checkpoint-0 at revision main. Error: Repo id must be in the form 'repo_name' or 'namespace/repo_name': 'outputs/milestone_meta-llama_Llama-3.2-1B_r16/merged/checkpoint-0'. Use `repo_type` argument if needed.
[2026-01-01 16:31:57,079][__name__][INFO] - ✅ Finished ro_wiki
[2026-01-01 16:31:57,202][__name__][INFO] - 💾 Saved partial results: /home/dan-parii/Documents/ContinualPretrainRo/continual_pretrain/eval_results/outputs_milestone_meta-llama_Llama-3.2-1B_r16_merged_checkpoint-0/2026-01-01_16-29-28/ro_wiki.json
[2026-01-01 16:31:57,203][__name__][INFO] - 🚀 Running evaluation for _ro_arc_challenge | fewshot=5 | limit=1000
[2026-01-01 16:31:57,203][__name__][INFO] - Running outputs/milestone_meta-llama_Llama-3.2-1B_r16/merged/checkpoint-0 with apply_chat_template True
[2026-01-01 16:31:57,203][__name__][INFO] - 📝 Using fewshot_as_multiturn=True and custom system instruction
[2026-01-01 16:31:57,204][lm-eval][INFO] - Setting random seed to 23 | Setting numpy seed to 23 | Setting torch manual seed to 23
[2026-01-01 16:31:57,204][lm-eval][INFO] - Initializing hf model, with arguments: {'pretrained': 'outputs/milestone_meta-llama_Llama-3.2-1B_r16/merged/checkpoint-0', 'tokenizer': 'outputs/milestone_meta-llama_Llama-3.2-1B_r16/merged/checkpoint-0', 'max_length': 4096, 'eval_max_length': 16384, 'truncation': True, 'dtype': 'bfloat16'}
[2026-01-01 16:31:57,206][lm-eval][INFO] - Using device 'cuda'
[2026-01-01 16:31:57,891][lm-eval][INFO] - `group` and `group_alias` keys in tasks' configs will no longer be used in the next release of lm-eval. `tag` will be used to allow to call a collection of tasks just like `group`. `group` will be removed in order to not cause confusion with the new ConfigurableGroup which will be the offical way to create groups with addition of group-wide configuations.
[2026-01-01 16:32:00,967][asyncio][WARNING] - socket.send() raised exception.
[2026-01-01 16:32:02,313][asyncio][WARNING] - socket.send() raised exception.
[2026-01-01 18:03:56,257][__name__][INFO] - Starting Romanian evaluation run
[2026-01-01 18:03:56,391][__name__][INFO] - 🚀 CUDA is available. Using GPU: NVIDIA GeForce RTX 3090
[2026-01-01 18:03:56,391][__name__][INFO] - 📁 Results will be saved in: /home/dan-parii/Documents/ContinualPretrainRo/continual_pretrain/eval_results/outputs_milestone_meta-llama_Llama-3.2-1B_r16_merged_checkpoint-76/2026-01-01_18-03-56
[2026-01-01 18:03:58,040][__name__][INFO] - 📊 W&B logging enabled with GPU monitoring
[2026-01-01 18:03:58,041][__name__][INFO] - 🚀 Running evaluation for _ro_winogrande | fewshot=5 | limit=1000
[2026-01-01 18:03:58,041][__name__][INFO] - Running outputs/milestone_meta-llama_Llama-3.2-1B_r16/merged/checkpoint-76 with apply_chat_template True
[2026-01-01 18:03:58,041][__name__][INFO] - 📝 Using fewshot_as_multiturn=True and custom system instruction
[2026-01-01 18:03:58,043][lm-eval][INFO] - Setting random seed to 23 | Setting numpy seed to 23 | Setting torch manual seed to 23
[2026-01-01 18:03:58,043][lm-eval][INFO] - Initializing hf model, with arguments: {'pretrained': 'outputs/milestone_meta-llama_Llama-3.2-1B_r16/merged/checkpoint-76', 'tokenizer': 'outputs/milestone_meta-llama_Llama-3.2-1B_r16/merged/checkpoint-76', 'max_length': 4096, 'eval_max_length': 16384, 'truncation': True, 'dtype': 'bfloat16'}
[2026-01-01 18:03:58,094][lm-eval][INFO] - Using device 'cuda'
[2026-01-01 18:03:58,874][lm-eval][INFO] - `group` and `group_alias` keys in tasks' configs will no longer be used in the next release of lm-eval. `tag` will be used to allow to call a collection of tasks just like `group`. `group` will be removed in order to not cause confusion with the new ConfigurableGroup which will be the offical way to create groups with addition of group-wide configuations.
[2026-01-01 18:04:04,381][lm-eval][WARNING] - Overwriting default num_fewshot of _ro_winogrande from None to 5
[2026-01-01 18:04:04,382][lm-eval][INFO] - Setting fewshot random generator seed to 23
[2026-01-01 18:04:04,383][lm-eval][INFO] - Building contexts for _ro_winogrande on rank 0...
[2026-01-01 18:04:04,496][lm-eval][INFO] - Running loglikelihood requests
[2026-01-01 18:04:35,227][lm-eval][WARNING] - Failed to get model SHA for outputs/milestone_meta-llama_Llama-3.2-1B_r16/merged/checkpoint-76 at revision main. Error: Repo id must be in the form 'repo_name' or 'namespace/repo_name': 'outputs/milestone_meta-llama_Llama-3.2-1B_r16/merged/checkpoint-76'. Use `repo_type` argument if needed.
[2026-01-01 18:04:36,322][__name__][INFO] - ✅ Finished _ro_winogrande
[2026-01-01 18:04:36,434][__name__][INFO] - 💾 Saved partial results: /home/dan-parii/Documents/ContinualPretrainRo/continual_pretrain/eval_results/outputs_milestone_meta-llama_Llama-3.2-1B_r16_merged_checkpoint-76/2026-01-01_18-03-56/_ro_winogrande.json
[2026-01-01 18:04:36,435][__name__][INFO] - 🚀 Running evaluation for _ro_belebele | fewshot=0 | limit=1000
[2026-01-01 18:04:36,435][__name__][INFO] - Running outputs/milestone_meta-llama_Llama-3.2-1B_r16/merged/checkpoint-76 with apply_chat_template True
[2026-01-01 18:04:36,436][__name__][INFO] - 📝 Using fewshot_as_multiturn=True and custom system instruction
[2026-01-01 18:04:36,437][lm-eval][INFO] - Setting random seed to 23 | Setting numpy seed to 23 | Setting torch manual seed to 23
[2026-01-01 18:04:36,437][lm-eval][INFO] - Initializing hf model, with arguments: {'pretrained': 'outputs/milestone_meta-llama_Llama-3.2-1B_r16/merged/checkpoint-76', 'tokenizer': 'outputs/milestone_meta-llama_Llama-3.2-1B_r16/merged/checkpoint-76', 'max_length': 4096, 'eval_max_length': 16384, 'truncation': True, 'dtype': 'bfloat16'}
[2026-01-01 18:04:36,439][lm-eval][INFO] - Using device 'cuda'
[2026-01-01 18:04:37,143][lm-eval][INFO] - `group` and `group_alias` keys in tasks' configs will no longer be used in the next release of lm-eval. `tag` will be used to allow to call a collection of tasks just like `group`. `group` will be removed in order to not cause confusion with the new ConfigurableGroup which will be the offical way to create groups with addition of group-wide configuations.
[2026-01-01 18:04:48,228][lm-eval][WARNING] - Overwriting default num_fewshot of _ro_belebele from None to 0
[2026-01-01 18:04:48,228][lm-eval][INFO] - Setting fewshot random generator seed to 23
[2026-01-01 18:04:48,229][lm-eval][INFO] - Building contexts for _ro_belebele on rank 0...
[2026-01-01 18:04:48,891][lm-eval][INFO] - Running loglikelihood requests
[2026-01-01 18:05:43,277][lm-eval][WARNING] - Failed to get model SHA for outputs/milestone_meta-llama_Llama-3.2-1B_r16/merged/checkpoint-76 at revision main. Error: Repo id must be in the form 'repo_name' or 'namespace/repo_name': 'outputs/milestone_meta-llama_Llama-3.2-1B_r16/merged/checkpoint-76'. Use `repo_type` argument if needed.
[2026-01-01 18:05:44,478][__name__][INFO] - ✅ Finished _ro_belebele
[2026-01-01 18:05:44,581][__name__][INFO] - 💾 Saved partial results: /home/dan-parii/Documents/ContinualPretrainRo/continual_pretrain/eval_results/outputs_milestone_meta-llama_Llama-3.2-1B_r16_merged_checkpoint-76/2026-01-01_18-03-56/_ro_belebele.json
[2026-01-01 18:05:44,581][__name__][INFO] - 🚀 Running evaluation for ro_wiki | fewshot=0 | limit=1000
[2026-01-01 18:05:44,581][__name__][INFO] - Running outputs/milestone_meta-llama_Llama-3.2-1B_r16/merged/checkpoint-76 with apply_chat_template True
[2026-01-01 18:05:44,583][lm-eval][INFO] - Setting random seed to 23 | Setting numpy seed to 23 | Setting torch manual seed to 23
[2026-01-01 18:05:44,583][lm-eval][INFO] - Initializing hf model, with arguments: {'pretrained': 'outputs/milestone_meta-llama_Llama-3.2-1B_r16/merged/checkpoint-76', 'tokenizer': 'outputs/milestone_meta-llama_Llama-3.2-1B_r16/merged/checkpoint-76', 'max_length': 4096, 'eval_max_length': 16384, 'truncation': True, 'dtype': 'bfloat16'}
[2026-01-01 18:05:44,585][lm-eval][INFO] - Using device 'cuda'
[2026-01-01 18:05:45,252][lm-eval][INFO] - `group` and `group_alias` keys in tasks' configs will no longer be used in the next release of lm-eval. `tag` will be used to allow to call a collection of tasks just like `group`. `group` will be removed in order to not cause confusion with the new ConfigurableGroup which will be the offical way to create groups with addition of group-wide configuations.
[2026-01-01 18:05:48,183][lm-eval][WARNING] - [Task: ro_wiki] metric word_perplexity is defined, but aggregation is not. using default aggregation=weighted_perplexity
[2026-01-01 18:05:48,184][lm-eval][WARNING] - [Task: ro_wiki] metric word_perplexity is defined, but higher_is_better is not. using default higher_is_better=False
[2026-01-01 18:05:48,184][lm-eval][WARNING] - [Task: ro_wiki] metric byte_perplexity is defined, but aggregation is not. using default aggregation=weighted_perplexity
[2026-01-01 18:05:48,184][lm-eval][WARNING] - [Task: ro_wiki] metric byte_perplexity is defined, but higher_is_better is not. using default higher_is_better=False
[2026-01-01 18:05:48,184][lm-eval][WARNING] - [Task: ro_wiki] metric bits_per_byte is defined, but aggregation is not. using default aggregation=bits_per_byte
[2026-01-01 18:05:48,184][lm-eval][WARNING] - [Task: ro_wiki] metric bits_per_byte is defined, but higher_is_better is not. using default higher_is_better=False
[2026-01-01 18:06:00,995][lm-eval][WARNING] - Overwriting default num_fewshot of ro_wiki from None to 0
[2026-01-01 18:06:00,996][lm-eval][INFO] - Setting fewshot random generator seed to 23
[2026-01-01 18:06:00,997][lm-eval][INFO] - Building contexts for ro_wiki on rank 0...
[2026-01-01 18:06:01,164][lm-eval][INFO] - Running loglikelihood_rolling requests
[2026-01-01 18:06:40,366][lm-eval][WARNING] - Failed to get model SHA for outputs/milestone_meta-llama_Llama-3.2-1B_r16/merged/checkpoint-76 at revision main. Error: Repo id must be in the form 'repo_name' or 'namespace/repo_name': 'outputs/milestone_meta-llama_Llama-3.2-1B_r16/merged/checkpoint-76'. Use `repo_type` argument if needed.
[2026-01-01 18:06:41,524][__name__][INFO] - ✅ Finished ro_wiki
[2026-01-01 18:06:41,654][__name__][INFO] - 💾 Saved partial results: /home/dan-parii/Documents/ContinualPretrainRo/continual_pretrain/eval_results/outputs_milestone_meta-llama_Llama-3.2-1B_r16_merged_checkpoint-76/2026-01-01_18-03-56/ro_wiki.json
[2026-01-01 18:06:41,654][__name__][INFO] - 🚀 Running evaluation for _ro_arc_challenge | fewshot=5 | limit=1000
[2026-01-01 18:06:41,654][__name__][INFO] - Running outputs/milestone_meta-llama_Llama-3.2-1B_r16/merged/checkpoint-76 with apply_chat_template True
[2026-01-01 18:06:41,655][__name__][INFO] - 📝 Using fewshot_as_multiturn=True and custom system instruction
[2026-01-01 18:06:41,656][lm-eval][INFO] - Setting random seed to 23 | Setting numpy seed to 23 | Setting torch manual seed to 23
[2026-01-01 18:06:41,656][lm-eval][INFO] - Initializing hf model, with arguments: {'pretrained': 'outputs/milestone_meta-llama_Llama-3.2-1B_r16/merged/checkpoint-76', 'tokenizer': 'outputs/milestone_meta-llama_Llama-3.2-1B_r16/merged/checkpoint-76', 'max_length': 4096, 'eval_max_length': 16384, 'truncation': True, 'dtype': 'bfloat16'}
[2026-01-01 18:06:41,657][lm-eval][INFO] - Using device 'cuda'
[2026-01-01 18:06:42,312][lm-eval][INFO] - `group` and `group_alias` keys in tasks' configs will no longer be used in the next release of lm-eval. `tag` will be used to allow to call a collection of tasks just like `group`. `group` will be removed in order to not cause confusion with the new ConfigurableGroup which will be the offical way to create groups with addition of group-wide configuations.
[2026-01-01 18:06:47,541][lm-eval][WARNING] - Overwriting default num_fewshot of _ro_arc_challenge from None to 5
[2026-01-01 18:06:47,542][lm-eval][INFO] - Setting fewshot random generator seed to 23
[2026-01-01 18:06:47,542][lm-eval][INFO] - Building contexts for _ro_arc_challenge on rank 0...
[2026-01-01 18:06:49,186][lm-eval][INFO] - Running loglikelihood requests
[2026-01-01 18:08:21,641][lm-eval][WARNING] - Failed to get model SHA for outputs/milestone_meta-llama_Llama-3.2-1B_r16/merged/checkpoint-76 at revision main. Error: Repo id must be in the form 'repo_name' or 'namespace/repo_name': 'outputs/milestone_meta-llama_Llama-3.2-1B_r16/merged/checkpoint-76'. Use `repo_type` argument if needed.
[2026-01-01 18:08:22,817][__name__][INFO] - ✅ Finished _ro_arc_challenge
[2026-01-01 18:08:23,015][__name__][INFO] - 💾 Saved partial results: /home/dan-parii/Documents/ContinualPretrainRo/continual_pretrain/eval_results/outputs_milestone_meta-llama_Llama-3.2-1B_r16_merged_checkpoint-76/2026-01-01_18-03-56/_ro_arc_challenge.json
[2026-01-01 18:08:23,015][__name__][INFO] - 🚀 Running evaluation for arc_challenge | fewshot=5 | limit=1000
[2026-01-01 18:08:23,015][__name__][INFO] - Running outputs/milestone_meta-llama_Llama-3.2-1B_r16/merged/checkpoint-76 with apply_chat_template True
[2026-01-01 18:08:23,016][__name__][INFO] - 📝 Using fewshot_as_multiturn=True and custom system instruction
[2026-01-01 18:08:23,017][lm-eval][INFO] - Setting random seed to 23 | Setting numpy seed to 23 | Setting torch manual seed to 23
[2026-01-01 18:08:23,017][lm-eval][INFO] - Initializing hf model, with arguments: {'pretrained': 'outputs/milestone_meta-llama_Llama-3.2-1B_r16/merged/checkpoint-76', 'tokenizer': 'outputs/milestone_meta-llama_Llama-3.2-1B_r16/merged/checkpoint-76', 'max_length': 4096, 'eval_max_length': 16384, 'truncation': True, 'dtype': 'bfloat16'}
[2026-01-01 18:08:23,018][lm-eval][INFO] - Using device 'cuda'
[2026-01-01 18:08:23,654][lm-eval][INFO] - `group` and `group_alias` keys in tasks' configs will no longer be used in the next release of lm-eval. `tag` will be used to allow to call a collection of tasks just like `group`. `group` will be removed in order to not cause confusion with the new ConfigurableGroup which will be the offical way to create groups with addition of group-wide configuations.
[2026-01-01 18:08:28,631][lm-eval][WARNING] - Overwriting default num_fewshot of arc_challenge from None to 5
[2026-01-01 18:08:28,631][lm-eval][INFO] - Setting fewshot random generator seed to 23
[2026-01-01 18:08:28,632][lm-eval][INFO] - Building contexts for arc_challenge on rank 0...
[2026-01-01 18:08:33,048][lm-eval][INFO] - Running loglikelihood requests
[2026-01-01 18:09:32,348][lm-eval][WARNING] - Failed to get model SHA for outputs/milestone_meta-llama_Llama-3.2-1B_r16/merged/checkpoint-76 at revision main. Error: Repo id must be in the form 'repo_name' or 'namespace/repo_name': 'outputs/milestone_meta-llama_Llama-3.2-1B_r16/merged/checkpoint-76'. Use `repo_type` argument if needed.
[2026-01-01 18:09:33,457][__name__][INFO] - ✅ Finished arc_challenge
[2026-01-01 18:09:33,650][__name__][INFO] - 💾 Saved partial results: /home/dan-parii/Documents/ContinualPretrainRo/continual_pretrain/eval_results/outputs_milestone_meta-llama_Llama-3.2-1B_r16_merged_checkpoint-76/2026-01-01_18-03-56/arc_challenge.json
[2026-01-01 18:09:33,651][__name__][INFO] - 🚀 Running evaluation for winogrande | fewshot=5 | limit=1000
[2026-01-01 18:09:33,651][__name__][INFO] - Running outputs/milestone_meta-llama_Llama-3.2-1B_r16/merged/checkpoint-76 with apply_chat_template True
[2026-01-01 18:09:33,651][__name__][INFO] - 📝 Using fewshot_as_multiturn=True and custom system instruction
[2026-01-01 18:09:33,652][lm-eval][INFO] - Setting random seed to 23 | Setting numpy seed to 23 | Setting torch manual seed to 23
[2026-01-01 18:09:33,652][lm-eval][INFO] - Initializing hf model, with arguments: {'pretrained': 'outputs/milestone_meta-llama_Llama-3.2-1B_r16/merged/checkpoint-76', 'tokenizer': 'outputs/milestone_meta-llama_Llama-3.2-1B_r16/merged/checkpoint-76', 'max_length': 4096, 'eval_max_length': 16384, 'truncation': True, 'dtype': 'bfloat16'}
[2026-01-01 18:09:33,653][lm-eval][INFO] - Using device 'cuda'
[2026-01-01 18:09:34,307][lm-eval][INFO] - `group` and `group_alias` keys in tasks' configs will no longer be used in the next release of lm-eval. `tag` will be used to allow to call a collection of tasks just like `group`. `group` will be removed in order to not cause confusion with the new ConfigurableGroup which will be the offical way to create groups with addition of group-wide configuations.
[2026-01-01 18:09:37,259][datasets.load][ERROR] - `trust_remote_code` is not supported anymore.
Please check that the Hugging Face dataset 'winogrande' isn't based on a loading script and remove `trust_remote_code`.
If the dataset is based on a loading script, please ask the dataset author to remove it and convert it to a standard format like Parquet.
[2026-01-01 18:09:42,195][lm-eval][WARNING] - Overwriting default num_fewshot of winogrande from None to 5
[2026-01-01 18:09:42,196][lm-eval][INFO] - Setting fewshot random generator seed to 23
[2026-01-01 18:09:42,197][lm-eval][INFO] - Building contexts for winogrande on rank 0...
[2026-01-01 18:09:42,334][lm-eval][INFO] - Running loglikelihood requests
[2026-01-01 18:10:03,392][lm-eval][WARNING] - Failed to get model SHA for outputs/milestone_meta-llama_Llama-3.2-1B_r16/merged/checkpoint-76 at revision main. Error: Repo id must be in the form 'repo_name' or 'namespace/repo_name': 'outputs/milestone_meta-llama_Llama-3.2-1B_r16/merged/checkpoint-76'. Use `repo_type` argument if needed.
[2026-01-01 18:10:04,586][__name__][INFO] - ✅ Finished winogrande
[2026-01-01 18:10:04,684][__name__][INFO] - 💾 Saved partial results: /home/dan-parii/Documents/ContinualPretrainRo/continual_pretrain/eval_results/outputs_milestone_meta-llama_Llama-3.2-1B_r16_merged_checkpoint-76/2026-01-01_18-03-56/winogrande.json
[2026-01-01 18:10:04,685][__name__][INFO] - 🚀 Running evaluation for wikitext | fewshot=5 | limit=1000
[2026-01-01 18:10:04,685][__name__][INFO] - Running outputs/milestone_meta-llama_Llama-3.2-1B_r16/merged/checkpoint-76 with apply_chat_template True
[2026-01-01 18:10:04,686][lm-eval][INFO] - Setting random seed to 23 | Setting numpy seed to 23 | Setting torch manual seed to 23
[2026-01-01 18:10:04,686][lm-eval][INFO] - Initializing hf model, with arguments: {'pretrained': 'outputs/milestone_meta-llama_Llama-3.2-1B_r16/merged/checkpoint-76', 'tokenizer': 'outputs/milestone_meta-llama_Llama-3.2-1B_r16/merged/checkpoint-76', 'max_length': 4096, 'eval_max_length': 16384, 'truncation': True, 'dtype': 'bfloat16'}
[2026-01-01 18:10:04,688][lm-eval][INFO] - Using device 'cuda'
[2026-01-01 18:10:05,343][lm-eval][INFO] - `group` and `group_alias` keys in tasks' configs will no longer be used in the next release of lm-eval. `tag` will be used to allow to call a collection of tasks just like `group`. `group` will be removed in order to not cause confusion with the new ConfigurableGroup which will be the offical way to create groups with addition of group-wide configuations.
[2026-01-01 18:10:08,304][lm-eval][WARNING] - [Task: wikitext] metric word_perplexity is defined, but aggregation is not. using default aggregation=weighted_perplexity
[2026-01-01 18:10:08,304][lm-eval][WARNING] - [Task: wikitext] metric word_perplexity is defined, but higher_is_better is not. using default higher_is_better=False
[2026-01-01 18:10:08,305][lm-eval][WARNING] - [Task: wikitext] metric byte_perplexity is defined, but aggregation is not. using default aggregation=weighted_perplexity
[2026-01-01 18:10:08,305][lm-eval][WARNING] - [Task: wikitext] metric byte_perplexity is defined, but higher_is_better is not. using default higher_is_better=False
[2026-01-01 18:10:08,305][lm-eval][WARNING] - [Task: wikitext] metric bits_per_byte is defined, but aggregation is not. using default aggregation=bits_per_byte
[2026-01-01 18:10:08,305][lm-eval][WARNING] - [Task: wikitext] metric bits_per_byte is defined, but higher_is_better is not. using default higher_is_better=False
[2026-01-01 18:10:08,305][datasets.load][ERROR] - `trust_remote_code` is not supported anymore.
Please check that the Hugging Face dataset 'EleutherAI/wikitext_document_level' isn't based on a loading script and remove `trust_remote_code`.
If the dataset is based on a loading script, please ask the dataset author to remove it and convert it to a standard format like Parquet.
[2026-01-01 18:10:10,797][lm-eval][WARNING] - Overwriting default num_fewshot of wikitext from None to 5
[2026-01-01 18:10:10,797][lm-eval][INFO] - Setting fewshot random generator seed to 23
[2026-01-01 18:10:10,798][lm-eval][INFO] - Building contexts for wikitext on rank 0...
[2026-01-01 18:10:13,615][lm-eval][INFO] - Running loglikelihood_rolling requests
[2026-01-01 18:12:36,781][lm-eval][WARNING] - Failed to get model SHA for outputs/milestone_meta-llama_Llama-3.2-1B_r16/merged/checkpoint-76 at revision main. Error: Repo id must be in the form 'repo_name' or 'namespace/repo_name': 'outputs/milestone_meta-llama_Llama-3.2-1B_r16/merged/checkpoint-76'. Use `repo_type` argument if needed.
[2026-01-01 18:12:38,034][__name__][INFO] - ✅ Finished wikitext
[2026-01-01 18:12:38,484][__name__][INFO] - 💾 Saved partial results: /home/dan-parii/Documents/ContinualPretrainRo/continual_pretrain/eval_results/outputs_milestone_meta-llama_Llama-3.2-1B_r16_merged_checkpoint-76/2026-01-01_18-03-56/wikitext.json
[2026-01-01 18:12:39,411][__name__][INFO] - 📁 Combined results saved to: /home/dan-parii/Documents/ContinualPretrainRo/continual_pretrain/eval_results/outputs_milestone_meta-llama_Llama-3.2-1B_r16_merged_checkpoint-76/2026-01-01_18-03-56/eval_results.json
[2026-01-01 18:12:39,412][__name__][INFO] - 📊 Summary:
[2026-01-01 18:12:39,412][__name__][INFO] -   - _ro_winogrande: {'acc,none': 0.513, 'acc_stderr,none': 0.015813952101896636}
[2026-01-01 18:12:39,412][__name__][INFO] -   - _ro_belebele: {'acc_norm,none': 0.2411111111111111, 'acc_norm_stderr,none': 0.014266513886578852}
[2026-01-01 18:12:39,412][__name__][INFO] -   - ro_wiki: {'word_perplexity,none': 58.79781335673752, 'byte_perplexity,none': 1.824832667853331, 'bits_per_byte,none': 0.8677641788824492}
[2026-01-01 18:12:39,413][__name__][INFO] -   - _ro_arc_challenge: {'acc_norm,none': 0.287, 'acc_norm_stderr,none': 0.014312087053810001}
[2026-01-01 18:12:39,413][__name__][INFO] -   - arc_challenge: {'acc,none': 0.332, 'acc_stderr,none': 0.014899597242811565, 'acc_norm,none': 0.333, 'acc_norm_stderr,none': 0.014910846164230029}
[2026-01-01 18:12:39,413][__name__][INFO] -   - winogrande: {'acc,none': 0.606, 'acc_stderr,none': 0.015459721957493382}
[2026-01-01 18:12:39,413][__name__][INFO] -   - wikitext: {'word_perplexity,none': 12.698405222315694, 'byte_perplexity,none': 1.6111807540172611, 'bits_per_byte,none': 0.6881183551841907}
[2026-01-01 18:12:40,566][__name__][INFO] - 📊 W&B run finished
[2026-01-01 18:35:22,608][__name__][INFO] - Starting Romanian evaluation run
[2026-01-01 18:35:22,764][__name__][INFO] - 🚀 CUDA is available. Using GPU: NVIDIA GeForce RTX 3090
[2026-01-01 18:35:22,764][__name__][INFO] - 📁 Results will be saved in: /home/dan-parii/Documents/ContinualPretrainRo/continual_pretrain/eval_results/outputs_milestone_meta-llama_Llama-3.2-1B_r16_merged_checkpoint-152/2026-01-01_18-35-22
[2026-01-01 18:35:24,361][__name__][INFO] - 📊 W&B logging enabled with GPU monitoring
[2026-01-01 18:35:24,361][__name__][INFO] - 🚀 Running evaluation for _ro_winogrande | fewshot=5 | limit=1000
[2026-01-01 18:35:24,361][__name__][INFO] - Running outputs/milestone_meta-llama_Llama-3.2-1B_r16/merged/checkpoint-152 with apply_chat_template True
[2026-01-01 18:35:24,362][__name__][INFO] - 📝 Using fewshot_as_multiturn=True and custom system instruction
[2026-01-01 18:35:24,363][lm-eval][INFO] - Setting random seed to 23 | Setting numpy seed to 23 | Setting torch manual seed to 23
[2026-01-01 18:35:24,364][lm-eval][INFO] - Initializing hf model, with arguments: {'pretrained': 'outputs/milestone_meta-llama_Llama-3.2-1B_r16/merged/checkpoint-152', 'tokenizer': 'outputs/milestone_meta-llama_Llama-3.2-1B_r16/merged/checkpoint-152', 'max_length': 4096, 'eval_max_length': 16384, 'truncation': True, 'dtype': 'bfloat16'}
[2026-01-01 18:35:24,416][lm-eval][INFO] - Using device 'cuda'
[2026-01-01 18:35:25,278][lm-eval][INFO] - `group` and `group_alias` keys in tasks' configs will no longer be used in the next release of lm-eval. `tag` will be used to allow to call a collection of tasks just like `group`. `group` will be removed in order to not cause confusion with the new ConfigurableGroup which will be the offical way to create groups with addition of group-wide configuations.
[2026-01-01 18:35:31,339][lm-eval][WARNING] - Overwriting default num_fewshot of _ro_winogrande from None to 5
[2026-01-01 18:35:31,339][lm-eval][INFO] - Setting fewshot random generator seed to 23
[2026-01-01 18:35:31,340][lm-eval][INFO] - Building contexts for _ro_winogrande on rank 0...
[2026-01-01 18:35:31,462][lm-eval][INFO] - Running loglikelihood requests
[2026-01-01 18:36:01,289][lm-eval][WARNING] - Failed to get model SHA for outputs/milestone_meta-llama_Llama-3.2-1B_r16/merged/checkpoint-152 at revision main. Error: Repo id must be in the form 'repo_name' or 'namespace/repo_name': 'outputs/milestone_meta-llama_Llama-3.2-1B_r16/merged/checkpoint-152'. Use `repo_type` argument if needed.
[2026-01-01 18:36:02,313][__name__][INFO] - ✅ Finished _ro_winogrande
[2026-01-01 18:36:02,406][__name__][INFO] - 💾 Saved partial results: /home/dan-parii/Documents/ContinualPretrainRo/continual_pretrain/eval_results/outputs_milestone_meta-llama_Llama-3.2-1B_r16_merged_checkpoint-152/2026-01-01_18-35-22/_ro_winogrande.json
[2026-01-01 18:36:02,407][__name__][INFO] - 🚀 Running evaluation for _ro_belebele | fewshot=0 | limit=1000
[2026-01-01 18:36:02,407][__name__][INFO] - Running outputs/milestone_meta-llama_Llama-3.2-1B_r16/merged/checkpoint-152 with apply_chat_template True
[2026-01-01 18:36:02,407][__name__][INFO] - 📝 Using fewshot_as_multiturn=True and custom system instruction
[2026-01-01 18:36:02,408][lm-eval][INFO] - Setting random seed to 23 | Setting numpy seed to 23 | Setting torch manual seed to 23
[2026-01-01 18:36:02,408][lm-eval][INFO] - Initializing hf model, with arguments: {'pretrained': 'outputs/milestone_meta-llama_Llama-3.2-1B_r16/merged/checkpoint-152', 'tokenizer': 'outputs/milestone_meta-llama_Llama-3.2-1B_r16/merged/checkpoint-152', 'max_length': 4096, 'eval_max_length': 16384, 'truncation': True, 'dtype': 'bfloat16'}
[2026-01-01 18:36:02,409][lm-eval][INFO] - Using device 'cuda'
[2026-01-01 18:36:03,104][lm-eval][INFO] - `group` and `group_alias` keys in tasks' configs will no longer be used in the next release of lm-eval. `tag` will be used to allow to call a collection of tasks just like `group`. `group` will be removed in order to not cause confusion with the new ConfigurableGroup which will be the offical way to create groups with addition of group-wide configuations.
[2026-01-01 18:36:09,390][lm-eval][WARNING] - Overwriting default num_fewshot of _ro_belebele from None to 0
[2026-01-01 18:36:09,390][lm-eval][INFO] - Setting fewshot random generator seed to 23
[2026-01-01 18:36:09,391][lm-eval][INFO] - Building contexts for _ro_belebele on rank 0...
[2026-01-01 18:36:10,051][lm-eval][INFO] - Running loglikelihood requests
[2026-01-01 18:37:02,921][lm-eval][WARNING] - Failed to get model SHA for outputs/milestone_meta-llama_Llama-3.2-1B_r16/merged/checkpoint-152 at revision main. Error: Repo id must be in the form 'repo_name' or 'namespace/repo_name': 'outputs/milestone_meta-llama_Llama-3.2-1B_r16/merged/checkpoint-152'. Use `repo_type` argument if needed.
[2026-01-01 18:37:03,969][__name__][INFO] - ✅ Finished _ro_belebele
[2026-01-01 18:37:04,065][__name__][INFO] - 💾 Saved partial results: /home/dan-parii/Documents/ContinualPretrainRo/continual_pretrain/eval_results/outputs_milestone_meta-llama_Llama-3.2-1B_r16_merged_checkpoint-152/2026-01-01_18-35-22/_ro_belebele.json
[2026-01-01 18:37:04,066][__name__][INFO] - 🚀 Running evaluation for ro_wiki | fewshot=0 | limit=1000
[2026-01-01 18:37:04,066][__name__][INFO] - Running outputs/milestone_meta-llama_Llama-3.2-1B_r16/merged/checkpoint-152 with apply_chat_template True
[2026-01-01 18:37:04,067][lm-eval][INFO] - Setting random seed to 23 | Setting numpy seed to 23 | Setting torch manual seed to 23
[2026-01-01 18:37:04,068][lm-eval][INFO] - Initializing hf model, with arguments: {'pretrained': 'outputs/milestone_meta-llama_Llama-3.2-1B_r16/merged/checkpoint-152', 'tokenizer': 'outputs/milestone_meta-llama_Llama-3.2-1B_r16/merged/checkpoint-152', 'max_length': 4096, 'eval_max_length': 16384, 'truncation': True, 'dtype': 'bfloat16'}
[2026-01-01 18:37:04,069][lm-eval][INFO] - Using device 'cuda'
[2026-01-01 18:37:04,746][lm-eval][INFO] - `group` and `group_alias` keys in tasks' configs will no longer be used in the next release of lm-eval. `tag` will be used to allow to call a collection of tasks just like `group`. `group` will be removed in order to not cause confusion with the new ConfigurableGroup which will be the offical way to create groups with addition of group-wide configuations.
[2026-01-01 18:37:07,715][lm-eval][WARNING] - [Task: ro_wiki] metric word_perplexity is defined, but aggregation is not. using default aggregation=weighted_perplexity
[2026-01-01 18:37:07,716][lm-eval][WARNING] - [Task: ro_wiki] metric word_perplexity is defined, but higher_is_better is not. using default higher_is_better=False
[2026-01-01 18:37:07,716][lm-eval][WARNING] - [Task: ro_wiki] metric byte_perplexity is defined, but aggregation is not. using default aggregation=weighted_perplexity
[2026-01-01 18:37:07,716][lm-eval][WARNING] - [Task: ro_wiki] metric byte_perplexity is defined, but higher_is_better is not. using default higher_is_better=False
[2026-01-01 18:37:07,716][lm-eval][WARNING] - [Task: ro_wiki] metric bits_per_byte is defined, but aggregation is not. using default aggregation=bits_per_byte
[2026-01-01 18:37:07,716][lm-eval][WARNING] - [Task: ro_wiki] metric bits_per_byte is defined, but higher_is_better is not. using default higher_is_better=False
[2026-01-01 18:37:09,701][lm-eval][WARNING] - Overwriting default num_fewshot of ro_wiki from None to 0
[2026-01-01 18:37:09,702][lm-eval][INFO] - Setting fewshot random generator seed to 23
[2026-01-01 18:37:09,702][lm-eval][INFO] - Building contexts for ro_wiki on rank 0...
[2026-01-01 18:37:09,859][lm-eval][INFO] - Running loglikelihood_rolling requests
[2026-01-01 18:37:48,051][lm-eval][WARNING] - Failed to get model SHA for outputs/milestone_meta-llama_Llama-3.2-1B_r16/merged/checkpoint-152 at revision main. Error: Repo id must be in the form 'repo_name' or 'namespace/repo_name': 'outputs/milestone_meta-llama_Llama-3.2-1B_r16/merged/checkpoint-152'. Use `repo_type` argument if needed.
[2026-01-01 18:37:49,155][__name__][INFO] - ✅ Finished ro_wiki
[2026-01-01 18:37:49,282][__name__][INFO] - 💾 Saved partial results: /home/dan-parii/Documents/ContinualPretrainRo/continual_pretrain/eval_results/outputs_milestone_meta-llama_Llama-3.2-1B_r16_merged_checkpoint-152/2026-01-01_18-35-22/ro_wiki.json
[2026-01-01 18:37:49,282][__name__][INFO] - 🚀 Running evaluation for _ro_arc_challenge | fewshot=5 | limit=1000
[2026-01-01 18:37:49,283][__name__][INFO] - Running outputs/milestone_meta-llama_Llama-3.2-1B_r16/merged/checkpoint-152 with apply_chat_template True
[2026-01-01 18:37:49,283][__name__][INFO] - 📝 Using fewshot_as_multiturn=True and custom system instruction
[2026-01-01 18:37:49,285][lm-eval][INFO] - Setting random seed to 23 | Setting numpy seed to 23 | Setting torch manual seed to 23
[2026-01-01 18:37:49,285][lm-eval][INFO] - Initializing hf model, with arguments: {'pretrained': 'outputs/milestone_meta-llama_Llama-3.2-1B_r16/merged/checkpoint-152', 'tokenizer': 'outputs/milestone_meta-llama_Llama-3.2-1B_r16/merged/checkpoint-152', 'max_length': 4096, 'eval_max_length': 16384, 'truncation': True, 'dtype': 'bfloat16'}
[2026-01-01 18:37:49,286][lm-eval][INFO] - Using device 'cuda'
[2026-01-01 18:37:49,967][lm-eval][INFO] - `group` and `group_alias` keys in tasks' configs will no longer be used in the next release of lm-eval. `tag` will be used to allow to call a collection of tasks just like `group`. `group` will be removed in order to not cause confusion with the new ConfigurableGroup which will be the offical way to create groups with addition of group-wide configuations.
[2026-01-01 18:38:00,820][lm-eval][WARNING] - Overwriting default num_fewshot of _ro_arc_challenge from None to 5
[2026-01-01 18:38:00,820][lm-eval][INFO] - Setting fewshot random generator seed to 23
[2026-01-01 18:38:00,821][lm-eval][INFO] - Building contexts for _ro_arc_challenge on rank 0...
[2026-01-01 18:38:02,274][lm-eval][INFO] - Running loglikelihood requests
[2026-01-01 18:39:32,560][lm-eval][WARNING] - Failed to get model SHA for outputs/milestone_meta-llama_Llama-3.2-1B_r16/merged/checkpoint-152 at revision main. Error: Repo id must be in the form 'repo_name' or 'namespace/repo_name': 'outputs/milestone_meta-llama_Llama-3.2-1B_r16/merged/checkpoint-152'. Use `repo_type` argument if needed.
[2026-01-01 18:39:33,701][__name__][INFO] - ✅ Finished _ro_arc_challenge
[2026-01-01 18:39:33,886][__name__][INFO] - 💾 Saved partial results: /home/dan-parii/Documents/ContinualPretrainRo/continual_pretrain/eval_results/outputs_milestone_meta-llama_Llama-3.2-1B_r16_merged_checkpoint-152/2026-01-01_18-35-22/_ro_arc_challenge.json
[2026-01-01 18:39:33,886][__name__][INFO] - 🚀 Running evaluation for arc_challenge | fewshot=5 | limit=1000
[2026-01-01 18:39:33,887][__name__][INFO] - Running outputs/milestone_meta-llama_Llama-3.2-1B_r16/merged/checkpoint-152 with apply_chat_template True
[2026-01-01 18:39:33,887][__name__][INFO] - 📝 Using fewshot_as_multiturn=True and custom system instruction
[2026-01-01 18:39:33,888][lm-eval][INFO] - Setting random seed to 23 | Setting numpy seed to 23 | Setting torch manual seed to 23
[2026-01-01 18:39:33,888][lm-eval][INFO] - Initializing hf model, with arguments: {'pretrained': 'outputs/milestone_meta-llama_Llama-3.2-1B_r16/merged/checkpoint-152', 'tokenizer': 'outputs/milestone_meta-llama_Llama-3.2-1B_r16/merged/checkpoint-152', 'max_length': 4096, 'eval_max_length': 16384, 'truncation': True, 'dtype': 'bfloat16'}
[2026-01-01 18:39:33,889][lm-eval][INFO] - Using device 'cuda'
[2026-01-01 18:39:34,564][lm-eval][INFO] - `group` and `group_alias` keys in tasks' configs will no longer be used in the next release of lm-eval. `tag` will be used to allow to call a collection of tasks just like `group`. `group` will be removed in order to not cause confusion with the new ConfigurableGroup which will be the offical way to create groups with addition of group-wide configuations.
[2026-01-01 18:39:39,525][lm-eval][WARNING] - Overwriting default num_fewshot of arc_challenge from None to 5
[2026-01-01 18:39:39,525][lm-eval][INFO] - Setting fewshot random generator seed to 23
[2026-01-01 18:39:39,526][lm-eval][INFO] - Building contexts for arc_challenge on rank 0...
[2026-01-01 18:39:43,954][lm-eval][INFO] - Running loglikelihood requests
[2026-01-01 18:40:41,741][lm-eval][WARNING] - Failed to get model SHA for outputs/milestone_meta-llama_Llama-3.2-1B_r16/merged/checkpoint-152 at revision main. Error: Repo id must be in the form 'repo_name' or 'namespace/repo_name': 'outputs/milestone_meta-llama_Llama-3.2-1B_r16/merged/checkpoint-152'. Use `repo_type` argument if needed.
[2026-01-01 18:40:42,800][__name__][INFO] - ✅ Finished arc_challenge
[2026-01-01 18:40:42,985][__name__][INFO] - 💾 Saved partial results: /home/dan-parii/Documents/ContinualPretrainRo/continual_pretrain/eval_results/outputs_milestone_meta-llama_Llama-3.2-1B_r16_merged_checkpoint-152/2026-01-01_18-35-22/arc_challenge.json
[2026-01-01 18:40:42,985][__name__][INFO] - 🚀 Running evaluation for winogrande | fewshot=5 | limit=1000
[2026-01-01 18:40:42,986][__name__][INFO] - Running outputs/milestone_meta-llama_Llama-3.2-1B_r16/merged/checkpoint-152 with apply_chat_template True
[2026-01-01 18:40:42,986][__name__][INFO] - 📝 Using fewshot_as_multiturn=True and custom system instruction
[2026-01-01 18:40:42,987][lm-eval][INFO] - Setting random seed to 23 | Setting numpy seed to 23 | Setting torch manual seed to 23
[2026-01-01 18:40:42,987][lm-eval][INFO] - Initializing hf model, with arguments: {'pretrained': 'outputs/milestone_meta-llama_Llama-3.2-1B_r16/merged/checkpoint-152', 'tokenizer': 'outputs/milestone_meta-llama_Llama-3.2-1B_r16/merged/checkpoint-152', 'max_length': 4096, 'eval_max_length': 16384, 'truncation': True, 'dtype': 'bfloat16'}
[2026-01-01 18:40:42,988][lm-eval][INFO] - Using device 'cuda'
[2026-01-01 18:40:43,673][lm-eval][INFO] - `group` and `group_alias` keys in tasks' configs will no longer be used in the next release of lm-eval. `tag` will be used to allow to call a collection of tasks just like `group`. `group` will be removed in order to not cause confusion with the new ConfigurableGroup which will be the offical way to create groups with addition of group-wide configuations.
[2026-01-01 18:40:46,678][datasets.load][ERROR] - `trust_remote_code` is not supported anymore.
Please check that the Hugging Face dataset 'winogrande' isn't based on a loading script and remove `trust_remote_code`.
If the dataset is based on a loading script, please ask the dataset author to remove it and convert it to a standard format like Parquet.
[2026-01-01 18:40:50,679][lm-eval][WARNING] - Overwriting default num_fewshot of winogrande from None to 5
[2026-01-01 18:40:50,680][lm-eval][INFO] - Setting fewshot random generator seed to 23
[2026-01-01 18:40:50,681][lm-eval][INFO] - Building contexts for winogrande on rank 0...
[2026-01-01 18:40:50,769][lm-eval][INFO] - Running loglikelihood requests
[2026-01-01 18:41:11,279][lm-eval][WARNING] - Failed to get model SHA for outputs/milestone_meta-llama_Llama-3.2-1B_r16/merged/checkpoint-152 at revision main. Error: Repo id must be in the form 'repo_name' or 'namespace/repo_name': 'outputs/milestone_meta-llama_Llama-3.2-1B_r16/merged/checkpoint-152'. Use `repo_type` argument if needed.
[2026-01-01 18:41:12,420][__name__][INFO] - ✅ Finished winogrande
[2026-01-01 18:41:12,507][__name__][INFO] - 💾 Saved partial results: /home/dan-parii/Documents/ContinualPretrainRo/continual_pretrain/eval_results/outputs_milestone_meta-llama_Llama-3.2-1B_r16_merged_checkpoint-152/2026-01-01_18-35-22/winogrande.json
[2026-01-01 18:41:12,507][__name__][INFO] - 🚀 Running evaluation for wikitext | fewshot=5 | limit=1000
[2026-01-01 18:41:12,508][__name__][INFO] - Running outputs/milestone_meta-llama_Llama-3.2-1B_r16/merged/checkpoint-152 with apply_chat_template True
[2026-01-01 18:41:12,509][lm-eval][INFO] - Setting random seed to 23 | Setting numpy seed to 23 | Setting torch manual seed to 23
[2026-01-01 18:41:12,509][lm-eval][INFO] - Initializing hf model, with arguments: {'pretrained': 'outputs/milestone_meta-llama_Llama-3.2-1B_r16/merged/checkpoint-152', 'tokenizer': 'outputs/milestone_meta-llama_Llama-3.2-1B_r16/merged/checkpoint-152', 'max_length': 4096, 'eval_max_length': 16384, 'truncation': True, 'dtype': 'bfloat16'}
[2026-01-01 18:41:12,510][lm-eval][INFO] - Using device 'cuda'
[2026-01-01 18:41:13,189][lm-eval][INFO] - `group` and `group_alias` keys in tasks' configs will no longer be used in the next release of lm-eval. `tag` will be used to allow to call a collection of tasks just like `group`. `group` will be removed in order to not cause confusion with the new ConfigurableGroup which will be the offical way to create groups with addition of group-wide configuations.
[2026-01-01 18:41:16,164][lm-eval][WARNING] - [Task: wikitext] metric word_perplexity is defined, but aggregation is not. using default aggregation=weighted_perplexity
[2026-01-01 18:41:16,164][lm-eval][WARNING] - [Task: wikitext] metric word_perplexity is defined, but higher_is_better is not. using default higher_is_better=False
[2026-01-01 18:41:16,164][lm-eval][WARNING] - [Task: wikitext] metric byte_perplexity is defined, but aggregation is not. using default aggregation=weighted_perplexity
[2026-01-01 18:41:16,165][lm-eval][WARNING] - [Task: wikitext] metric byte_perplexity is defined, but higher_is_better is not. using default higher_is_better=False
[2026-01-01 18:41:16,165][lm-eval][WARNING] - [Task: wikitext] metric bits_per_byte is defined, but aggregation is not. using default aggregation=bits_per_byte
[2026-01-01 18:41:16,165][lm-eval][WARNING] - [Task: wikitext] metric bits_per_byte is defined, but higher_is_better is not. using default higher_is_better=False
[2026-01-01 18:41:16,165][datasets.load][ERROR] - `trust_remote_code` is not supported anymore.
Please check that the Hugging Face dataset 'EleutherAI/wikitext_document_level' isn't based on a loading script and remove `trust_remote_code`.
If the dataset is based on a loading script, please ask the dataset author to remove it and convert it to a standard format like Parquet.
[2026-01-01 18:41:19,881][lm-eval][WARNING] - Overwriting default num_fewshot of wikitext from None to 5
[2026-01-01 18:41:19,881][lm-eval][INFO] - Setting fewshot random generator seed to 23
[2026-01-01 18:41:19,882][lm-eval][INFO] - Building contexts for wikitext on rank 0...
[2026-01-01 18:41:22,704][lm-eval][INFO] - Running loglikelihood_rolling requests
[2026-01-01 18:43:42,010][lm-eval][WARNING] - Failed to get model SHA for outputs/milestone_meta-llama_Llama-3.2-1B_r16/merged/checkpoint-152 at revision main. Error: Repo id must be in the form 'repo_name' or 'namespace/repo_name': 'outputs/milestone_meta-llama_Llama-3.2-1B_r16/merged/checkpoint-152'. Use `repo_type` argument if needed.
[2026-01-01 18:43:43,164][__name__][INFO] - ✅ Finished wikitext
[2026-01-01 18:43:43,611][__name__][INFO] - 💾 Saved partial results: /home/dan-parii/Documents/ContinualPretrainRo/continual_pretrain/eval_results/outputs_milestone_meta-llama_Llama-3.2-1B_r16_merged_checkpoint-152/2026-01-01_18-35-22/wikitext.json
[2026-01-01 18:43:44,530][__name__][INFO] - 📁 Combined results saved to: /home/dan-parii/Documents/ContinualPretrainRo/continual_pretrain/eval_results/outputs_milestone_meta-llama_Llama-3.2-1B_r16_merged_checkpoint-152/2026-01-01_18-35-22/eval_results.json
[2026-01-01 18:43:44,531][__name__][INFO] - 📊 Summary:
[2026-01-01 18:43:44,531][__name__][INFO] -   - _ro_winogrande: {'acc,none': 0.531, 'acc_stderr,none': 0.015788865959538965}
[2026-01-01 18:43:44,531][__name__][INFO] -   - _ro_belebele: {'acc_norm,none': 0.2644444444444444, 'acc_norm_stderr,none': 0.014709405413413016}
[2026-01-01 18:43:44,532][__name__][INFO] -   - ro_wiki: {'word_perplexity,none': 59.89466282896689, 'byte_perplexity,none': 1.8298189507596616, 'bits_per_byte,none': 0.8717009098411377}
[2026-01-01 18:43:44,532][__name__][INFO] -   - _ro_arc_challenge: {'acc_norm,none': 0.279, 'acc_norm_stderr,none': 0.014190150117611877}
[2026-01-01 18:43:44,532][__name__][INFO] -   - arc_challenge: {'acc,none': 0.325, 'acc_stderr,none': 0.01481872445909548, 'acc_norm,none': 0.341, 'acc_norm_stderr,none': 0.01499813134840284}
[2026-01-01 18:43:44,532][__name__][INFO] -   - winogrande: {'acc,none': 0.594, 'acc_stderr,none': 0.01553722643863458}
[2026-01-01 18:43:44,532][__name__][INFO] -   - wikitext: {'word_perplexity,none': 12.80044991919247, 'byte_perplexity,none': 1.6136027592668167, 'bits_per_byte,none': 0.6902854560795938}
[2026-01-01 18:43:45,632][__name__][INFO] - 📊 W&B run finished
[2026-01-01 19:06:19,897][__name__][INFO] - Starting Romanian evaluation run
[2026-01-01 19:06:20,049][__name__][INFO] - 🚀 CUDA is available. Using GPU: NVIDIA GeForce RTX 3090
[2026-01-01 19:06:20,050][__name__][INFO] - 📁 Results will be saved in: /home/dan-parii/Documents/ContinualPretrainRo/continual_pretrain/eval_results/outputs_milestone_meta-llama_Llama-3.2-1B_r16_merged_checkpoint-228/2026-01-01_19-06-20
[2026-01-01 19:06:21,702][__name__][INFO] - 📊 W&B logging enabled with GPU monitoring
[2026-01-01 19:06:21,702][__name__][INFO] - 🚀 Running evaluation for _ro_winogrande | fewshot=5 | limit=1000
[2026-01-01 19:06:21,702][__name__][INFO] - Running outputs/milestone_meta-llama_Llama-3.2-1B_r16/merged/checkpoint-228 with apply_chat_template True
[2026-01-01 19:06:21,702][__name__][INFO] - 📝 Using fewshot_as_multiturn=True and custom system instruction
[2026-01-01 19:06:21,704][lm-eval][INFO] - Setting random seed to 23 | Setting numpy seed to 23 | Setting torch manual seed to 23
[2026-01-01 19:06:21,704][lm-eval][INFO] - Initializing hf model, with arguments: {'pretrained': 'outputs/milestone_meta-llama_Llama-3.2-1B_r16/merged/checkpoint-228', 'tokenizer': 'outputs/milestone_meta-llama_Llama-3.2-1B_r16/merged/checkpoint-228', 'max_length': 4096, 'eval_max_length': 16384, 'truncation': True, 'dtype': 'bfloat16'}
[2026-01-01 19:06:21,763][lm-eval][INFO] - Using device 'cuda'
[2026-01-01 19:06:22,797][lm-eval][INFO] - `group` and `group_alias` keys in tasks' configs will no longer be used in the next release of lm-eval. `tag` will be used to allow to call a collection of tasks just like `group`. `group` will be removed in order to not cause confusion with the new ConfigurableGroup which will be the offical way to create groups with addition of group-wide configuations.
[2026-01-01 19:06:28,520][lm-eval][WARNING] - Overwriting default num_fewshot of _ro_winogrande from None to 5
[2026-01-01 19:06:28,520][lm-eval][INFO] - Setting fewshot random generator seed to 23
[2026-01-01 19:06:28,522][lm-eval][INFO] - Building contexts for _ro_winogrande on rank 0...
[2026-01-01 19:06:28,642][lm-eval][INFO] - Running loglikelihood requests
[2026-01-01 19:06:58,553][lm-eval][WARNING] - Failed to get model SHA for outputs/milestone_meta-llama_Llama-3.2-1B_r16/merged/checkpoint-228 at revision main. Error: Repo id must be in the form 'repo_name' or 'namespace/repo_name': 'outputs/milestone_meta-llama_Llama-3.2-1B_r16/merged/checkpoint-228'. Use `repo_type` argument if needed.
[2026-01-01 19:06:59,560][__name__][INFO] - ✅ Finished _ro_winogrande
[2026-01-01 19:06:59,660][__name__][INFO] - 💾 Saved partial results: /home/dan-parii/Documents/ContinualPretrainRo/continual_pretrain/eval_results/outputs_milestone_meta-llama_Llama-3.2-1B_r16_merged_checkpoint-228/2026-01-01_19-06-20/_ro_winogrande.json
[2026-01-01 19:06:59,661][__name__][INFO] - 🚀 Running evaluation for _ro_belebele | fewshot=0 | limit=1000
[2026-01-01 19:06:59,661][__name__][INFO] - Running outputs/milestone_meta-llama_Llama-3.2-1B_r16/merged/checkpoint-228 with apply_chat_template True
[2026-01-01 19:06:59,661][__name__][INFO] - 📝 Using fewshot_as_multiturn=True and custom system instruction
[2026-01-01 19:06:59,662][lm-eval][INFO] - Setting random seed to 23 | Setting numpy seed to 23 | Setting torch manual seed to 23
[2026-01-01 19:06:59,662][lm-eval][INFO] - Initializing hf model, with arguments: {'pretrained': 'outputs/milestone_meta-llama_Llama-3.2-1B_r16/merged/checkpoint-228', 'tokenizer': 'outputs/milestone_meta-llama_Llama-3.2-1B_r16/merged/checkpoint-228', 'max_length': 4096, 'eval_max_length': 16384, 'truncation': True, 'dtype': 'bfloat16'}
[2026-01-01 19:06:59,664][lm-eval][INFO] - Using device 'cuda'
[2026-01-01 19:07:00,348][lm-eval][INFO] - `group` and `group_alias` keys in tasks' configs will no longer be used in the next release of lm-eval. `tag` will be used to allow to call a collection of tasks just like `group`. `group` will be removed in order to not cause confusion with the new ConfigurableGroup which will be the offical way to create groups with addition of group-wide configuations.
[2026-01-01 19:07:05,248][lm-eval][WARNING] - Overwriting default num_fewshot of _ro_belebele from None to 0
[2026-01-01 19:07:05,248][lm-eval][INFO] - Setting fewshot random generator seed to 23
[2026-01-01 19:07:05,249][lm-eval][INFO] - Building contexts for _ro_belebele on rank 0...
[2026-01-01 19:07:05,957][lm-eval][INFO] - Running loglikelihood requests
[2026-01-01 19:07:58,899][lm-eval][WARNING] - Failed to get model SHA for outputs/milestone_meta-llama_Llama-3.2-1B_r16/merged/checkpoint-228 at revision main. Error: Repo id must be in the form 'repo_name' or 'namespace/repo_name': 'outputs/milestone_meta-llama_Llama-3.2-1B_r16/merged/checkpoint-228'. Use `repo_type` argument if needed.
[2026-01-01 19:07:59,958][__name__][INFO] - ✅ Finished _ro_belebele
[2026-01-01 19:08:00,056][__name__][INFO] - 💾 Saved partial results: /home/dan-parii/Documents/ContinualPretrainRo/continual_pretrain/eval_results/outputs_milestone_meta-llama_Llama-3.2-1B_r16_merged_checkpoint-228/2026-01-01_19-06-20/_ro_belebele.json
[2026-01-01 19:08:00,057][__name__][INFO] - 🚀 Running evaluation for ro_wiki | fewshot=0 | limit=1000
[2026-01-01 19:08:00,057][__name__][INFO] - Running outputs/milestone_meta-llama_Llama-3.2-1B_r16/merged/checkpoint-228 with apply_chat_template True
[2026-01-01 19:08:00,058][lm-eval][INFO] - Setting random seed to 23 | Setting numpy seed to 23 | Setting torch manual seed to 23
[2026-01-01 19:08:00,059][lm-eval][INFO] - Initializing hf model, with arguments: {'pretrained': 'outputs/milestone_meta-llama_Llama-3.2-1B_r16/merged/checkpoint-228', 'tokenizer': 'outputs/milestone_meta-llama_Llama-3.2-1B_r16/merged/checkpoint-228', 'max_length': 4096, 'eval_max_length': 16384, 'truncation': True, 'dtype': 'bfloat16'}
[2026-01-01 19:08:00,060][lm-eval][INFO] - Using device 'cuda'
[2026-01-01 19:08:00,730][lm-eval][INFO] - `group` and `group_alias` keys in tasks' configs will no longer be used in the next release of lm-eval. `tag` will be used to allow to call a collection of tasks just like `group`. `group` will be removed in order to not cause confusion with the new ConfigurableGroup which will be the offical way to create groups with addition of group-wide configuations.
[2026-01-01 19:08:03,679][lm-eval][WARNING] - [Task: ro_wiki] metric word_perplexity is defined, but aggregation is not. using default aggregation=weighted_perplexity
[2026-01-01 19:08:03,680][lm-eval][WARNING] - [Task: ro_wiki] metric word_perplexity is defined, but higher_is_better is not. using default higher_is_better=False
[2026-01-01 19:08:03,680][lm-eval][WARNING] - [Task: ro_wiki] metric byte_perplexity is defined, but aggregation is not. using default aggregation=weighted_perplexity
[2026-01-01 19:08:03,680][lm-eval][WARNING] - [Task: ro_wiki] metric byte_perplexity is defined, but higher_is_better is not. using default higher_is_better=False
[2026-01-01 19:08:03,681][lm-eval][WARNING] - [Task: ro_wiki] metric bits_per_byte is defined, but aggregation is not. using default aggregation=bits_per_byte
[2026-01-01 19:08:03,681][lm-eval][WARNING] - [Task: ro_wiki] metric bits_per_byte is defined, but higher_is_better is not. using default higher_is_better=False
[2026-01-01 19:08:06,226][lm-eval][WARNING] - Overwriting default num_fewshot of ro_wiki from None to 0
[2026-01-01 19:08:06,226][lm-eval][INFO] - Setting fewshot random generator seed to 23
[2026-01-01 19:08:06,227][lm-eval][INFO] - Building contexts for ro_wiki on rank 0...
[2026-01-01 19:08:06,407][lm-eval][INFO] - Running loglikelihood_rolling requests
[2026-01-01 19:08:44,842][lm-eval][WARNING] - Failed to get model SHA for outputs/milestone_meta-llama_Llama-3.2-1B_r16/merged/checkpoint-228 at revision main. Error: Repo id must be in the form 'repo_name' or 'namespace/repo_name': 'outputs/milestone_meta-llama_Llama-3.2-1B_r16/merged/checkpoint-228'. Use `repo_type` argument if needed.
[2026-01-01 19:08:45,932][__name__][INFO] - ✅ Finished ro_wiki
[2026-01-01 19:08:46,058][__name__][INFO] - 💾 Saved partial results: /home/dan-parii/Documents/ContinualPretrainRo/continual_pretrain/eval_results/outputs_milestone_meta-llama_Llama-3.2-1B_r16_merged_checkpoint-228/2026-01-01_19-06-20/ro_wiki.json
[2026-01-01 19:08:46,059][__name__][INFO] - 🚀 Running evaluation for _ro_arc_challenge | fewshot=5 | limit=1000
[2026-01-01 19:08:46,059][__name__][INFO] - Running outputs/milestone_meta-llama_Llama-3.2-1B_r16/merged/checkpoint-228 with apply_chat_template True
[2026-01-01 19:08:46,059][__name__][INFO] - 📝 Using fewshot_as_multiturn=True and custom system instruction
[2026-01-01 19:08:46,060][lm-eval][INFO] - Setting random seed to 23 | Setting numpy seed to 23 | Setting torch manual seed to 23
[2026-01-01 19:08:46,061][lm-eval][INFO] - Initializing hf model, with arguments: {'pretrained': 'outputs/milestone_meta-llama_Llama-3.2-1B_r16/merged/checkpoint-228', 'tokenizer': 'outputs/milestone_meta-llama_Llama-3.2-1B_r16/merged/checkpoint-228', 'max_length': 4096, 'eval_max_length': 16384, 'truncation': True, 'dtype': 'bfloat16'}
[2026-01-01 19:08:46,062][lm-eval][INFO] - Using device 'cuda'
[2026-01-01 19:08:46,740][lm-eval][INFO] - `group` and `group_alias` keys in tasks' configs will no longer be used in the next release of lm-eval. `tag` will be used to allow to call a collection of tasks just like `group`. `group` will be removed in order to not cause confusion with the new ConfigurableGroup which will be the offical way to create groups with addition of group-wide configuations.
[2026-01-01 19:08:52,465][lm-eval][WARNING] - Overwriting default num_fewshot of _ro_arc_challenge from None to 5
[2026-01-01 19:08:52,465][lm-eval][INFO] - Setting fewshot random generator seed to 23
[2026-01-01 19:08:52,466][lm-eval][INFO] - Building contexts for _ro_arc_challenge on rank 0...
[2026-01-01 19:08:54,200][lm-eval][INFO] - Running loglikelihood requests
[2026-01-01 19:10:26,779][lm-eval][WARNING] - Failed to get model SHA for outputs/milestone_meta-llama_Llama-3.2-1B_r16/merged/checkpoint-228 at revision main. Error: Repo id must be in the form 'repo_name' or 'namespace/repo_name': 'outputs/milestone_meta-llama_Llama-3.2-1B_r16/merged/checkpoint-228'. Use `repo_type` argument if needed.
[2026-01-01 19:10:27,902][__name__][INFO] - ✅ Finished _ro_arc_challenge
[2026-01-01 19:10:28,104][__name__][INFO] - 💾 Saved partial results: /home/dan-parii/Documents/ContinualPretrainRo/continual_pretrain/eval_results/outputs_milestone_meta-llama_Llama-3.2-1B_r16_merged_checkpoint-228/2026-01-01_19-06-20/_ro_arc_challenge.json
[2026-01-01 19:10:28,105][__name__][INFO] - 🚀 Running evaluation for arc_challenge | fewshot=5 | limit=1000
[2026-01-01 19:10:28,105][__name__][INFO] - Running outputs/milestone_meta-llama_Llama-3.2-1B_r16/merged/checkpoint-228 with apply_chat_template True
[2026-01-01 19:10:28,105][__name__][INFO] - 📝 Using fewshot_as_multiturn=True and custom system instruction
[2026-01-01 19:10:28,107][lm-eval][INFO] - Setting random seed to 23 | Setting numpy seed to 23 | Setting torch manual seed to 23
[2026-01-01 19:10:28,107][lm-eval][INFO] - Initializing hf model, with arguments: {'pretrained': 'outputs/milestone_meta-llama_Llama-3.2-1B_r16/merged/checkpoint-228', 'tokenizer': 'outputs/milestone_meta-llama_Llama-3.2-1B_r16/merged/checkpoint-228', 'max_length': 4096, 'eval_max_length': 16384, 'truncation': True, 'dtype': 'bfloat16'}
[2026-01-01 19:10:28,108][lm-eval][INFO] - Using device 'cuda'
[2026-01-01 19:10:28,809][lm-eval][INFO] - `group` and `group_alias` keys in tasks' configs will no longer be used in the next release of lm-eval. `tag` will be used to allow to call a collection of tasks just like `group`. `group` will be removed in order to not cause confusion with the new ConfigurableGroup which will be the offical way to create groups with addition of group-wide configuations.
[2026-01-01 19:10:33,631][lm-eval][WARNING] - Overwriting default num_fewshot of arc_challenge from None to 5
[2026-01-01 19:10:33,631][lm-eval][INFO] - Setting fewshot random generator seed to 23
[2026-01-01 19:10:33,632][lm-eval][INFO] - Building contexts for arc_challenge on rank 0...
[2026-01-01 19:10:38,424][lm-eval][INFO] - Running loglikelihood requests
[2026-01-01 19:11:37,781][lm-eval][WARNING] - Failed to get model SHA for outputs/milestone_meta-llama_Llama-3.2-1B_r16/merged/checkpoint-228 at revision main. Error: Repo id must be in the form 'repo_name' or 'namespace/repo_name': 'outputs/milestone_meta-llama_Llama-3.2-1B_r16/merged/checkpoint-228'. Use `repo_type` argument if needed.
[2026-01-01 19:11:38,873][__name__][INFO] - ✅ Finished arc_challenge
[2026-01-01 19:11:39,067][__name__][INFO] - 💾 Saved partial results: /home/dan-parii/Documents/ContinualPretrainRo/continual_pretrain/eval_results/outputs_milestone_meta-llama_Llama-3.2-1B_r16_merged_checkpoint-228/2026-01-01_19-06-20/arc_challenge.json
[2026-01-01 19:11:39,068][__name__][INFO] - 🚀 Running evaluation for winogrande | fewshot=5 | limit=1000
[2026-01-01 19:11:39,068][__name__][INFO] - Running outputs/milestone_meta-llama_Llama-3.2-1B_r16/merged/checkpoint-228 with apply_chat_template True
[2026-01-01 19:11:39,068][__name__][INFO] - 📝 Using fewshot_as_multiturn=True and custom system instruction
[2026-01-01 19:11:39,069][lm-eval][INFO] - Setting random seed to 23 | Setting numpy seed to 23 | Setting torch manual seed to 23
[2026-01-01 19:11:39,070][lm-eval][INFO] - Initializing hf model, with arguments: {'pretrained': 'outputs/milestone_meta-llama_Llama-3.2-1B_r16/merged/checkpoint-228', 'tokenizer': 'outputs/milestone_meta-llama_Llama-3.2-1B_r16/merged/checkpoint-228', 'max_length': 4096, 'eval_max_length': 16384, 'truncation': True, 'dtype': 'bfloat16'}
[2026-01-01 19:11:39,071][lm-eval][INFO] - Using device 'cuda'
[2026-01-01 19:11:39,774][lm-eval][INFO] - `group` and `group_alias` keys in tasks' configs will no longer be used in the next release of lm-eval. `tag` will be used to allow to call a collection of tasks just like `group`. `group` will be removed in order to not cause confusion with the new ConfigurableGroup which will be the offical way to create groups with addition of group-wide configuations.
[2026-01-01 19:11:42,739][datasets.load][ERROR] - `trust_remote_code` is not supported anymore.
Please check that the Hugging Face dataset 'winogrande' isn't based on a loading script and remove `trust_remote_code`.
If the dataset is based on a loading script, please ask the dataset author to remove it and convert it to a standard format like Parquet.
[2026-01-01 19:11:46,790][lm-eval][WARNING] - Overwriting default num_fewshot of winogrande from None to 5
[2026-01-01 19:11:46,791][lm-eval][INFO] - Setting fewshot random generator seed to 23
[2026-01-01 19:11:46,792][lm-eval][INFO] - Building contexts for winogrande on rank 0...
[2026-01-01 19:11:46,898][lm-eval][INFO] - Running loglikelihood requests
[2026-01-01 19:12:08,018][lm-eval][WARNING] - Failed to get model SHA for outputs/milestone_meta-llama_Llama-3.2-1B_r16/merged/checkpoint-228 at revision main. Error: Repo id must be in the form 'repo_name' or 'namespace/repo_name': 'outputs/milestone_meta-llama_Llama-3.2-1B_r16/merged/checkpoint-228'. Use `repo_type` argument if needed.
[2026-01-01 19:12:09,144][__name__][INFO] - ✅ Finished winogrande
[2026-01-01 19:12:09,238][__name__][INFO] - 💾 Saved partial results: /home/dan-parii/Documents/ContinualPretrainRo/continual_pretrain/eval_results/outputs_milestone_meta-llama_Llama-3.2-1B_r16_merged_checkpoint-228/2026-01-01_19-06-20/winogrande.json
[2026-01-01 19:12:09,239][__name__][INFO] - 🚀 Running evaluation for wikitext | fewshot=5 | limit=1000
[2026-01-01 19:12:09,239][__name__][INFO] - Running outputs/milestone_meta-llama_Llama-3.2-1B_r16/merged/checkpoint-228 with apply_chat_template True
[2026-01-01 19:12:09,240][lm-eval][INFO] - Setting random seed to 23 | Setting numpy seed to 23 | Setting torch manual seed to 23
[2026-01-01 19:12:09,240][lm-eval][INFO] - Initializing hf model, with arguments: {'pretrained': 'outputs/milestone_meta-llama_Llama-3.2-1B_r16/merged/checkpoint-228', 'tokenizer': 'outputs/milestone_meta-llama_Llama-3.2-1B_r16/merged/checkpoint-228', 'max_length': 4096, 'eval_max_length': 16384, 'truncation': True, 'dtype': 'bfloat16'}
[2026-01-01 19:12:09,242][lm-eval][INFO] - Using device 'cuda'
[2026-01-01 19:12:09,928][lm-eval][INFO] - `group` and `group_alias` keys in tasks' configs will no longer be used in the next release of lm-eval. `tag` will be used to allow to call a collection of tasks just like `group`. `group` will be removed in order to not cause confusion with the new ConfigurableGroup which will be the offical way to create groups with addition of group-wide configuations.
[2026-01-01 19:12:12,897][lm-eval][WARNING] - [Task: wikitext] metric word_perplexity is defined, but aggregation is not. using default aggregation=weighted_perplexity
[2026-01-01 19:12:12,897][lm-eval][WARNING] - [Task: wikitext] metric word_perplexity is defined, but higher_is_better is not. using default higher_is_better=False
[2026-01-01 19:12:12,897][lm-eval][WARNING] - [Task: wikitext] metric byte_perplexity is defined, but aggregation is not. using default aggregation=weighted_perplexity
[2026-01-01 19:12:12,898][lm-eval][WARNING] - [Task: wikitext] metric byte_perplexity is defined, but higher_is_better is not. using default higher_is_better=False
[2026-01-01 19:12:12,898][lm-eval][WARNING] - [Task: wikitext] metric bits_per_byte is defined, but aggregation is not. using default aggregation=bits_per_byte
[2026-01-01 19:12:12,898][lm-eval][WARNING] - [Task: wikitext] metric bits_per_byte is defined, but higher_is_better is not. using default higher_is_better=False
[2026-01-01 19:12:12,898][datasets.load][ERROR] - `trust_remote_code` is not supported anymore.
Please check that the Hugging Face dataset 'EleutherAI/wikitext_document_level' isn't based on a loading script and remove `trust_remote_code`.
If the dataset is based on a loading script, please ask the dataset author to remove it and convert it to a standard format like Parquet.
[2026-01-01 19:12:21,545][lm-eval][WARNING] - Overwriting default num_fewshot of wikitext from None to 5
[2026-01-01 19:12:21,545][lm-eval][INFO] - Setting fewshot random generator seed to 23
[2026-01-01 19:12:21,546][lm-eval][INFO] - Building contexts for wikitext on rank 0...
[2026-01-01 19:12:24,533][lm-eval][INFO] - Running loglikelihood_rolling requests
[2026-01-01 19:14:47,834][lm-eval][WARNING] - Failed to get model SHA for outputs/milestone_meta-llama_Llama-3.2-1B_r16/merged/checkpoint-228 at revision main. Error: Repo id must be in the form 'repo_name' or 'namespace/repo_name': 'outputs/milestone_meta-llama_Llama-3.2-1B_r16/merged/checkpoint-228'. Use `repo_type` argument if needed.
[2026-01-01 19:14:49,008][__name__][INFO] - ✅ Finished wikitext
[2026-01-01 19:14:49,445][__name__][INFO] - 💾 Saved partial results: /home/dan-parii/Documents/ContinualPretrainRo/continual_pretrain/eval_results/outputs_milestone_meta-llama_Llama-3.2-1B_r16_merged_checkpoint-228/2026-01-01_19-06-20/wikitext.json
[2026-01-01 19:14:50,341][__name__][INFO] - 📁 Combined results saved to: /home/dan-parii/Documents/ContinualPretrainRo/continual_pretrain/eval_results/outputs_milestone_meta-llama_Llama-3.2-1B_r16_merged_checkpoint-228/2026-01-01_19-06-20/eval_results.json
[2026-01-01 19:14:50,342][__name__][INFO] - 📊 Summary:
[2026-01-01 19:14:50,342][__name__][INFO] -   - _ro_winogrande: {'acc,none': 0.538, 'acc_stderr,none': 0.015773547629015002}
[2026-01-01 19:14:50,342][__name__][INFO] -   - _ro_belebele: {'acc_norm,none': 0.2722222222222222, 'acc_norm_stderr,none': 0.014845038794434004}
[2026-01-01 19:14:50,342][__name__][INFO] -   - ro_wiki: {'word_perplexity,none': 60.762182697959005, 'byte_perplexity,none': 1.833707872085799, 'bits_per_byte,none': 0.8747638215599854}
[2026-01-01 19:14:50,343][__name__][INFO] -   - _ro_arc_challenge: {'acc_norm,none': 0.27, 'acc_norm_stderr,none': 0.01404625563263382}
[2026-01-01 19:14:50,343][__name__][INFO] -   - arc_challenge: {'acc,none': 0.328, 'acc_stderr,none': 0.01485384248727031, 'acc_norm,none': 0.336, 'acc_norm_stderr,none': 0.014944140233794895}
[2026-01-01 19:14:50,343][__name__][INFO] -   - winogrande: {'acc,none': 0.601, 'acc_stderr,none': 0.015493193313163012}
[2026-01-01 19:14:50,343][__name__][INFO] -   - wikitext: {'word_perplexity,none': 12.872761936124904, 'byte_perplexity,none': 1.615309588822611, 'bits_per_byte,none': 0.6918106970893727}
[2026-01-01 19:14:51,485][__name__][INFO] - 📊 W&B run finished
[2026-01-01 19:37:17,923][__name__][INFO] - Starting Romanian evaluation run
[2026-01-01 19:37:18,083][__name__][INFO] - 🚀 CUDA is available. Using GPU: NVIDIA GeForce RTX 3090
[2026-01-01 19:37:18,083][__name__][INFO] - 📁 Results will be saved in: /home/dan-parii/Documents/ContinualPretrainRo/continual_pretrain/eval_results/outputs_milestone_meta-llama_Llama-3.2-1B_r16_merged_checkpoint-305/2026-01-01_19-37-18
[2026-01-01 19:37:19,791][__name__][INFO] - 📊 W&B logging enabled with GPU monitoring
[2026-01-01 19:37:19,791][__name__][INFO] - 🚀 Running evaluation for _ro_winogrande | fewshot=5 | limit=1000
[2026-01-01 19:37:19,792][__name__][INFO] - Running outputs/milestone_meta-llama_Llama-3.2-1B_r16/merged/checkpoint-305 with apply_chat_template True
[2026-01-01 19:37:19,792][__name__][INFO] - 📝 Using fewshot_as_multiturn=True and custom system instruction
[2026-01-01 19:37:19,796][lm-eval][INFO] - Setting random seed to 23 | Setting numpy seed to 23 | Setting torch manual seed to 23
[2026-01-01 19:37:19,797][lm-eval][INFO] - Initializing hf model, with arguments: {'pretrained': 'outputs/milestone_meta-llama_Llama-3.2-1B_r16/merged/checkpoint-305', 'tokenizer': 'outputs/milestone_meta-llama_Llama-3.2-1B_r16/merged/checkpoint-305', 'max_length': 4096, 'eval_max_length': 16384, 'truncation': True, 'dtype': 'bfloat16'}
[2026-01-01 19:37:19,852][lm-eval][INFO] - Using device 'cuda'
[2026-01-01 19:37:20,658][lm-eval][INFO] - `group` and `group_alias` keys in tasks' configs will no longer be used in the next release of lm-eval. `tag` will be used to allow to call a collection of tasks just like `group`. `group` will be removed in order to not cause confusion with the new ConfigurableGroup which will be the offical way to create groups with addition of group-wide configuations.
[2026-01-01 19:37:26,142][lm-eval][WARNING] - Overwriting default num_fewshot of _ro_winogrande from None to 5
[2026-01-01 19:37:26,142][lm-eval][INFO] - Setting fewshot random generator seed to 23
[2026-01-01 19:37:26,143][lm-eval][INFO] - Building contexts for _ro_winogrande on rank 0...
[2026-01-01 19:37:26,278][lm-eval][INFO] - Running loglikelihood requests
[2026-01-01 19:37:56,188][lm-eval][WARNING] - Failed to get model SHA for outputs/milestone_meta-llama_Llama-3.2-1B_r16/merged/checkpoint-305 at revision main. Error: Repo id must be in the form 'repo_name' or 'namespace/repo_name': 'outputs/milestone_meta-llama_Llama-3.2-1B_r16/merged/checkpoint-305'. Use `repo_type` argument if needed.
[2026-01-01 19:37:57,173][__name__][INFO] - ✅ Finished _ro_winogrande
[2026-01-01 19:37:57,272][__name__][INFO] - 💾 Saved partial results: /home/dan-parii/Documents/ContinualPretrainRo/continual_pretrain/eval_results/outputs_milestone_meta-llama_Llama-3.2-1B_r16_merged_checkpoint-305/2026-01-01_19-37-18/_ro_winogrande.json
[2026-01-01 19:37:57,273][__name__][INFO] - 🚀 Running evaluation for _ro_belebele | fewshot=0 | limit=1000
[2026-01-01 19:37:57,273][__name__][INFO] - Running outputs/milestone_meta-llama_Llama-3.2-1B_r16/merged/checkpoint-305 with apply_chat_template True
[2026-01-01 19:37:57,273][__name__][INFO] - 📝 Using fewshot_as_multiturn=True and custom system instruction
[2026-01-01 19:37:57,275][lm-eval][INFO] - Setting random seed to 23 | Setting numpy seed to 23 | Setting torch manual seed to 23
[2026-01-01 19:37:57,275][lm-eval][INFO] - Initializing hf model, with arguments: {'pretrained': 'outputs/milestone_meta-llama_Llama-3.2-1B_r16/merged/checkpoint-305', 'tokenizer': 'outputs/milestone_meta-llama_Llama-3.2-1B_r16/merged/checkpoint-305', 'max_length': 4096, 'eval_max_length': 16384, 'truncation': True, 'dtype': 'bfloat16'}
[2026-01-01 19:37:57,277][lm-eval][INFO] - Using device 'cuda'
[2026-01-01 19:37:57,936][lm-eval][INFO] - `group` and `group_alias` keys in tasks' configs will no longer be used in the next release of lm-eval. `tag` will be used to allow to call a collection of tasks just like `group`. `group` will be removed in order to not cause confusion with the new ConfigurableGroup which will be the offical way to create groups with addition of group-wide configuations.
[2026-01-01 19:38:03,259][lm-eval][WARNING] - Overwriting default num_fewshot of _ro_belebele from None to 0
[2026-01-01 19:38:03,259][lm-eval][INFO] - Setting fewshot random generator seed to 23
[2026-01-01 19:38:03,260][lm-eval][INFO] - Building contexts for _ro_belebele on rank 0...
[2026-01-01 19:38:03,981][lm-eval][INFO] - Running loglikelihood requests
[2026-01-01 19:38:56,890][lm-eval][WARNING] - Failed to get model SHA for outputs/milestone_meta-llama_Llama-3.2-1B_r16/merged/checkpoint-305 at revision main. Error: Repo id must be in the form 'repo_name' or 'namespace/repo_name': 'outputs/milestone_meta-llama_Llama-3.2-1B_r16/merged/checkpoint-305'. Use `repo_type` argument if needed.
[2026-01-01 19:38:57,946][__name__][INFO] - ✅ Finished _ro_belebele
[2026-01-01 19:38:58,048][__name__][INFO] - 💾 Saved partial results: /home/dan-parii/Documents/ContinualPretrainRo/continual_pretrain/eval_results/outputs_milestone_meta-llama_Llama-3.2-1B_r16_merged_checkpoint-305/2026-01-01_19-37-18/_ro_belebele.json
[2026-01-01 19:38:58,048][__name__][INFO] - 🚀 Running evaluation for ro_wiki | fewshot=0 | limit=1000
[2026-01-01 19:38:58,048][__name__][INFO] - Running outputs/milestone_meta-llama_Llama-3.2-1B_r16/merged/checkpoint-305 with apply_chat_template True
[2026-01-01 19:38:58,050][lm-eval][INFO] - Setting random seed to 23 | Setting numpy seed to 23 | Setting torch manual seed to 23
[2026-01-01 19:38:58,050][lm-eval][INFO] - Initializing hf model, with arguments: {'pretrained': 'outputs/milestone_meta-llama_Llama-3.2-1B_r16/merged/checkpoint-305', 'tokenizer': 'outputs/milestone_meta-llama_Llama-3.2-1B_r16/merged/checkpoint-305', 'max_length': 4096, 'eval_max_length': 16384, 'truncation': True, 'dtype': 'bfloat16'}
[2026-01-01 19:38:58,051][lm-eval][INFO] - Using device 'cuda'
[2026-01-01 19:38:58,718][lm-eval][INFO] - `group` and `group_alias` keys in tasks' configs will no longer be used in the next release of lm-eval. `tag` will be used to allow to call a collection of tasks just like `group`. `group` will be removed in order to not cause confusion with the new ConfigurableGroup which will be the offical way to create groups with addition of group-wide configuations.
[2026-01-01 19:39:01,685][lm-eval][WARNING] - [Task: ro_wiki] metric word_perplexity is defined, but aggregation is not. using default aggregation=weighted_perplexity
[2026-01-01 19:39:01,686][lm-eval][WARNING] - [Task: ro_wiki] metric word_perplexity is defined, but higher_is_better is not. using default higher_is_better=False
[2026-01-01 19:39:01,686][lm-eval][WARNING] - [Task: ro_wiki] metric byte_perplexity is defined, but aggregation is not. using default aggregation=weighted_perplexity
[2026-01-01 19:39:01,686][lm-eval][WARNING] - [Task: ro_wiki] metric byte_perplexity is defined, but higher_is_better is not. using default higher_is_better=False
[2026-01-01 19:39:01,687][lm-eval][WARNING] - [Task: ro_wiki] metric bits_per_byte is defined, but aggregation is not. using default aggregation=bits_per_byte
[2026-01-01 19:39:01,687][lm-eval][WARNING] - [Task: ro_wiki] metric bits_per_byte is defined, but higher_is_better is not. using default higher_is_better=False
[2026-01-01 19:39:05,099][lm-eval][WARNING] - Overwriting default num_fewshot of ro_wiki from None to 0
[2026-01-01 19:39:05,099][lm-eval][INFO] - Setting fewshot random generator seed to 23
[2026-01-01 19:39:05,100][lm-eval][INFO] - Building contexts for ro_wiki on rank 0...
[2026-01-01 19:39:05,277][lm-eval][INFO] - Running loglikelihood_rolling requests
[2026-01-01 19:39:43,713][lm-eval][WARNING] - Failed to get model SHA for outputs/milestone_meta-llama_Llama-3.2-1B_r16/merged/checkpoint-305 at revision main. Error: Repo id must be in the form 'repo_name' or 'namespace/repo_name': 'outputs/milestone_meta-llama_Llama-3.2-1B_r16/merged/checkpoint-305'. Use `repo_type` argument if needed.
[2026-01-01 19:39:44,788][__name__][INFO] - ✅ Finished ro_wiki
[2026-01-01 19:39:44,914][__name__][INFO] - 💾 Saved partial results: /home/dan-parii/Documents/ContinualPretrainRo/continual_pretrain/eval_results/outputs_milestone_meta-llama_Llama-3.2-1B_r16_merged_checkpoint-305/2026-01-01_19-37-18/ro_wiki.json
[2026-01-01 19:39:44,914][__name__][INFO] - 🚀 Running evaluation for _ro_arc_challenge | fewshot=5 | limit=1000
[2026-01-01 19:39:44,914][__name__][INFO] - Running outputs/milestone_meta-llama_Llama-3.2-1B_r16/merged/checkpoint-305 with apply_chat_template True
[2026-01-01 19:39:44,914][__name__][INFO] - 📝 Using fewshot_as_multiturn=True and custom system instruction
[2026-01-01 19:39:44,916][lm-eval][INFO] - Setting random seed to 23 | Setting numpy seed to 23 | Setting torch manual seed to 23
[2026-01-01 19:39:44,916][lm-eval][INFO] - Initializing hf model, with arguments: {'pretrained': 'outputs/milestone_meta-llama_Llama-3.2-1B_r16/merged/checkpoint-305', 'tokenizer': 'outputs/milestone_meta-llama_Llama-3.2-1B_r16/merged/checkpoint-305', 'max_length': 4096, 'eval_max_length': 16384, 'truncation': True, 'dtype': 'bfloat16'}
[2026-01-01 19:39:44,917][lm-eval][INFO] - Using device 'cuda'
[2026-01-01 19:39:45,556][lm-eval][INFO] - `group` and `group_alias` keys in tasks' configs will no longer be used in the next release of lm-eval. `tag` will be used to allow to call a collection of tasks just like `group`. `group` will be removed in order to not cause confusion with the new ConfigurableGroup which will be the offical way to create groups with addition of group-wide configuations.
[2026-01-01 19:39:50,744][lm-eval][WARNING] - Overwriting default num_fewshot of _ro_arc_challenge from None to 5
[2026-01-01 19:39:50,744][lm-eval][INFO] - Setting fewshot random generator seed to 23
[2026-01-01 19:39:50,745][lm-eval][INFO] - Building contexts for _ro_arc_challenge on rank 0...
[2026-01-01 19:39:52,474][lm-eval][INFO] - Running loglikelihood requests
[2026-01-01 19:41:22,609][lm-eval][WARNING] - Failed to get model SHA for outputs/milestone_meta-llama_Llama-3.2-1B_r16/merged/checkpoint-305 at revision main. Error: Repo id must be in the form 'repo_name' or 'namespace/repo_name': 'outputs/milestone_meta-llama_Llama-3.2-1B_r16/merged/checkpoint-305'. Use `repo_type` argument if needed.
[2026-01-01 19:41:23,731][__name__][INFO] - ✅ Finished _ro_arc_challenge
[2026-01-01 19:41:23,927][__name__][INFO] - 💾 Saved partial results: /home/dan-parii/Documents/ContinualPretrainRo/continual_pretrain/eval_results/outputs_milestone_meta-llama_Llama-3.2-1B_r16_merged_checkpoint-305/2026-01-01_19-37-18/_ro_arc_challenge.json
[2026-01-01 19:41:23,927][__name__][INFO] - 🚀 Running evaluation for arc_challenge | fewshot=5 | limit=1000
[2026-01-01 19:41:23,928][__name__][INFO] - Running outputs/milestone_meta-llama_Llama-3.2-1B_r16/merged/checkpoint-305 with apply_chat_template True
[2026-01-01 19:41:23,928][__name__][INFO] - 📝 Using fewshot_as_multiturn=True and custom system instruction
[2026-01-01 19:41:23,929][lm-eval][INFO] - Setting random seed to 23 | Setting numpy seed to 23 | Setting torch manual seed to 23
[2026-01-01 19:41:23,929][lm-eval][INFO] - Initializing hf model, with arguments: {'pretrained': 'outputs/milestone_meta-llama_Llama-3.2-1B_r16/merged/checkpoint-305', 'tokenizer': 'outputs/milestone_meta-llama_Llama-3.2-1B_r16/merged/checkpoint-305', 'max_length': 4096, 'eval_max_length': 16384, 'truncation': True, 'dtype': 'bfloat16'}
[2026-01-01 19:41:23,931][lm-eval][INFO] - Using device 'cuda'
[2026-01-01 19:41:24,560][lm-eval][INFO] - `group` and `group_alias` keys in tasks' configs will no longer be used in the next release of lm-eval. `tag` will be used to allow to call a collection of tasks just like `group`. `group` will be removed in order to not cause confusion with the new ConfigurableGroup which will be the offical way to create groups with addition of group-wide configuations.
[2026-01-01 19:41:29,920][lm-eval][WARNING] - Overwriting default num_fewshot of arc_challenge from None to 5
[2026-01-01 19:41:29,920][lm-eval][INFO] - Setting fewshot random generator seed to 23
[2026-01-01 19:41:29,921][lm-eval][INFO] - Building contexts for arc_challenge on rank 0...
[2026-01-01 19:41:34,687][lm-eval][INFO] - Running loglikelihood requests
[2026-01-01 19:42:32,528][lm-eval][WARNING] - Failed to get model SHA for outputs/milestone_meta-llama_Llama-3.2-1B_r16/merged/checkpoint-305 at revision main. Error: Repo id must be in the form 'repo_name' or 'namespace/repo_name': 'outputs/milestone_meta-llama_Llama-3.2-1B_r16/merged/checkpoint-305'. Use `repo_type` argument if needed.
[2026-01-01 19:42:33,565][__name__][INFO] - ✅ Finished arc_challenge
[2026-01-01 19:42:33,761][__name__][INFO] - 💾 Saved partial results: /home/dan-parii/Documents/ContinualPretrainRo/continual_pretrain/eval_results/outputs_milestone_meta-llama_Llama-3.2-1B_r16_merged_checkpoint-305/2026-01-01_19-37-18/arc_challenge.json
[2026-01-01 19:42:33,762][__name__][INFO] - 🚀 Running evaluation for winogrande | fewshot=5 | limit=1000
[2026-01-01 19:42:33,762][__name__][INFO] - Running outputs/milestone_meta-llama_Llama-3.2-1B_r16/merged/checkpoint-305 with apply_chat_template True
[2026-01-01 19:42:33,762][__name__][INFO] - 📝 Using fewshot_as_multiturn=True and custom system instruction
[2026-01-01 19:42:33,763][lm-eval][INFO] - Setting random seed to 23 | Setting numpy seed to 23 | Setting torch manual seed to 23
[2026-01-01 19:42:33,764][lm-eval][INFO] - Initializing hf model, with arguments: {'pretrained': 'outputs/milestone_meta-llama_Llama-3.2-1B_r16/merged/checkpoint-305', 'tokenizer': 'outputs/milestone_meta-llama_Llama-3.2-1B_r16/merged/checkpoint-305', 'max_length': 4096, 'eval_max_length': 16384, 'truncation': True, 'dtype': 'bfloat16'}
[2026-01-01 19:42:33,765][lm-eval][INFO] - Using device 'cuda'
[2026-01-01 19:42:34,422][lm-eval][INFO] - `group` and `group_alias` keys in tasks' configs will no longer be used in the next release of lm-eval. `tag` will be used to allow to call a collection of tasks just like `group`. `group` will be removed in order to not cause confusion with the new ConfigurableGroup which will be the offical way to create groups with addition of group-wide configuations.
[2026-01-01 19:42:37,358][datasets.load][ERROR] - `trust_remote_code` is not supported anymore.
Please check that the Hugging Face dataset 'winogrande' isn't based on a loading script and remove `trust_remote_code`.
If the dataset is based on a loading script, please ask the dataset author to remove it and convert it to a standard format like Parquet.
[2026-01-01 19:42:41,699][lm-eval][WARNING] - Overwriting default num_fewshot of winogrande from None to 5
[2026-01-01 19:42:41,699][lm-eval][INFO] - Setting fewshot random generator seed to 23
[2026-01-01 19:42:41,703][lm-eval][INFO] - Building contexts for winogrande on rank 0...
[2026-01-01 19:42:41,813][lm-eval][INFO] - Running loglikelihood requests
[2026-01-01 19:43:02,370][lm-eval][WARNING] - Failed to get model SHA for outputs/milestone_meta-llama_Llama-3.2-1B_r16/merged/checkpoint-305 at revision main. Error: Repo id must be in the form 'repo_name' or 'namespace/repo_name': 'outputs/milestone_meta-llama_Llama-3.2-1B_r16/merged/checkpoint-305'. Use `repo_type` argument if needed.
[2026-01-01 19:43:03,499][__name__][INFO] - ✅ Finished winogrande
[2026-01-01 19:43:03,594][__name__][INFO] - 💾 Saved partial results: /home/dan-parii/Documents/ContinualPretrainRo/continual_pretrain/eval_results/outputs_milestone_meta-llama_Llama-3.2-1B_r16_merged_checkpoint-305/2026-01-01_19-37-18/winogrande.json
[2026-01-01 19:43:03,594][__name__][INFO] - 🚀 Running evaluation for wikitext | fewshot=5 | limit=1000
[2026-01-01 19:43:03,595][__name__][INFO] - Running outputs/milestone_meta-llama_Llama-3.2-1B_r16/merged/checkpoint-305 with apply_chat_template True
[2026-01-01 19:43:03,596][lm-eval][INFO] - Setting random seed to 23 | Setting numpy seed to 23 | Setting torch manual seed to 23
[2026-01-01 19:43:03,596][lm-eval][INFO] - Initializing hf model, with arguments: {'pretrained': 'outputs/milestone_meta-llama_Llama-3.2-1B_r16/merged/checkpoint-305', 'tokenizer': 'outputs/milestone_meta-llama_Llama-3.2-1B_r16/merged/checkpoint-305', 'max_length': 4096, 'eval_max_length': 16384, 'truncation': True, 'dtype': 'bfloat16'}
[2026-01-01 19:43:03,597][lm-eval][INFO] - Using device 'cuda'
[2026-01-01 19:43:04,241][lm-eval][INFO] - `group` and `group_alias` keys in tasks' configs will no longer be used in the next release of lm-eval. `tag` will be used to allow to call a collection of tasks just like `group`. `group` will be removed in order to not cause confusion with the new ConfigurableGroup which will be the offical way to create groups with addition of group-wide configuations.
[2026-01-01 19:43:07,185][lm-eval][WARNING] - [Task: wikitext] metric word_perplexity is defined, but aggregation is not. using default aggregation=weighted_perplexity
[2026-01-01 19:43:07,185][lm-eval][WARNING] - [Task: wikitext] metric word_perplexity is defined, but higher_is_better is not. using default higher_is_better=False
[2026-01-01 19:43:07,185][lm-eval][WARNING] - [Task: wikitext] metric byte_perplexity is defined, but aggregation is not. using default aggregation=weighted_perplexity
[2026-01-01 19:43:07,186][lm-eval][WARNING] - [Task: wikitext] metric byte_perplexity is defined, but higher_is_better is not. using default higher_is_better=False
[2026-01-01 19:43:07,186][lm-eval][WARNING] - [Task: wikitext] metric bits_per_byte is defined, but aggregation is not. using default aggregation=bits_per_byte
[2026-01-01 19:43:07,186][lm-eval][WARNING] - [Task: wikitext] metric bits_per_byte is defined, but higher_is_better is not. using default higher_is_better=False
[2026-01-01 19:43:07,186][datasets.load][ERROR] - `trust_remote_code` is not supported anymore.
Please check that the Hugging Face dataset 'EleutherAI/wikitext_document_level' isn't based on a loading script and remove `trust_remote_code`.
If the dataset is based on a loading script, please ask the dataset author to remove it and convert it to a standard format like Parquet.
[2026-01-01 19:43:09,885][lm-eval][WARNING] - Overwriting default num_fewshot of wikitext from None to 5
[2026-01-01 19:43:09,885][lm-eval][INFO] - Setting fewshot random generator seed to 23
[2026-01-01 19:43:09,886][lm-eval][INFO] - Building contexts for wikitext on rank 0...
[2026-01-01 19:43:12,834][lm-eval][INFO] - Running loglikelihood_rolling requests
[2026-01-01 19:45:32,719][lm-eval][WARNING] - Failed to get model SHA for outputs/milestone_meta-llama_Llama-3.2-1B_r16/merged/checkpoint-305 at revision main. Error: Repo id must be in the form 'repo_name' or 'namespace/repo_name': 'outputs/milestone_meta-llama_Llama-3.2-1B_r16/merged/checkpoint-305'. Use `repo_type` argument if needed.
[2026-01-01 19:45:33,878][__name__][INFO] - ✅ Finished wikitext
[2026-01-01 19:45:34,315][__name__][INFO] - 💾 Saved partial results: /home/dan-parii/Documents/ContinualPretrainRo/continual_pretrain/eval_results/outputs_milestone_meta-llama_Llama-3.2-1B_r16_merged_checkpoint-305/2026-01-01_19-37-18/wikitext.json
[2026-01-01 19:45:35,219][__name__][INFO] - 📁 Combined results saved to: /home/dan-parii/Documents/ContinualPretrainRo/continual_pretrain/eval_results/outputs_milestone_meta-llama_Llama-3.2-1B_r16_merged_checkpoint-305/2026-01-01_19-37-18/eval_results.json
[2026-01-01 19:45:35,219][__name__][INFO] - 📊 Summary:
[2026-01-01 19:45:35,219][__name__][INFO] -   - _ro_winogrande: {'acc,none': 0.531, 'acc_stderr,none': 0.015788865959538965}
[2026-01-01 19:45:35,219][__name__][INFO] -   - _ro_belebele: {'acc_norm,none': 0.27, 'acc_norm_stderr,none': 0.014806876915962034}
[2026-01-01 19:45:35,220][__name__][INFO] -   - ro_wiki: {'word_perplexity,none': 62.66083408167789, 'byte_perplexity,none': 1.8420566954315762, 'bits_per_byte,none': 0.8813174658587918}
[2026-01-01 19:45:35,220][__name__][INFO] -   - _ro_arc_challenge: {'acc_norm,none': 0.279, 'acc_norm_stderr,none': 0.014190150117611877}
[2026-01-01 19:45:35,220][__name__][INFO] -   - arc_challenge: {'acc,none': 0.326, 'acc_stderr,none': 0.014830507204541047, 'acc_norm,none': 0.342, 'acc_norm_stderr,none': 0.015008706182121804}
[2026-01-01 19:45:35,220][__name__][INFO] -   - winogrande: {'acc,none': 0.598, 'acc_stderr,none': 0.015512467135714959}
[2026-01-01 19:45:35,220][__name__][INFO] -   - wikitext: {'word_perplexity,none': 12.95138276308097, 'byte_perplexity,none': 1.6171565146532245, 'bits_per_byte,none': 0.69345931516695}
[2026-01-01 19:45:36,656][__name__][INFO] - 📊 W&B run finished
[2026-01-01 20:08:09,506][__name__][INFO] - Starting Romanian evaluation run
[2026-01-01 20:08:09,673][__name__][INFO] - 🚀 CUDA is available. Using GPU: NVIDIA GeForce RTX 3090
[2026-01-01 20:08:09,674][__name__][INFO] - 📁 Results will be saved in: /home/dan-parii/Documents/ContinualPretrainRo/continual_pretrain/eval_results/outputs_milestone_meta-llama_Llama-3.2-1B_r16_merged_checkpoint-381/2026-01-01_20-08-09
[2026-01-01 20:08:11,269][__name__][INFO] - 📊 W&B logging enabled with GPU monitoring
[2026-01-01 20:08:11,270][__name__][INFO] - 🚀 Running evaluation for _ro_winogrande | fewshot=5 | limit=1000
[2026-01-01 20:08:11,270][__name__][INFO] - Running outputs/milestone_meta-llama_Llama-3.2-1B_r16/merged/checkpoint-381 with apply_chat_template True
[2026-01-01 20:08:11,270][__name__][INFO] - 📝 Using fewshot_as_multiturn=True and custom system instruction
[2026-01-01 20:08:11,275][lm-eval][INFO] - Setting random seed to 23 | Setting numpy seed to 23 | Setting torch manual seed to 23
[2026-01-01 20:08:11,276][lm-eval][INFO] - Initializing hf model, with arguments: {'pretrained': 'outputs/milestone_meta-llama_Llama-3.2-1B_r16/merged/checkpoint-381', 'tokenizer': 'outputs/milestone_meta-llama_Llama-3.2-1B_r16/merged/checkpoint-381', 'max_length': 4096, 'eval_max_length': 16384, 'truncation': True, 'dtype': 'bfloat16'}
[2026-01-01 20:08:11,337][lm-eval][INFO] - Using device 'cuda'
[2026-01-01 20:08:12,141][lm-eval][INFO] - `group` and `group_alias` keys in tasks' configs will no longer be used in the next release of lm-eval. `tag` will be used to allow to call a collection of tasks just like `group`. `group` will be removed in order to not cause confusion with the new ConfigurableGroup which will be the offical way to create groups with addition of group-wide configuations.
[2026-01-01 20:08:17,858][lm-eval][WARNING] - Overwriting default num_fewshot of _ro_winogrande from None to 5
[2026-01-01 20:08:17,858][lm-eval][INFO] - Setting fewshot random generator seed to 23
[2026-01-01 20:08:17,862][lm-eval][INFO] - Building contexts for _ro_winogrande on rank 0...
[2026-01-01 20:08:17,997][lm-eval][INFO] - Running loglikelihood requests
[2026-01-01 20:08:47,902][lm-eval][WARNING] - Failed to get model SHA for outputs/milestone_meta-llama_Llama-3.2-1B_r16/merged/checkpoint-381 at revision main. Error: Repo id must be in the form 'repo_name' or 'namespace/repo_name': 'outputs/milestone_meta-llama_Llama-3.2-1B_r16/merged/checkpoint-381'. Use `repo_type` argument if needed.
[2026-01-01 20:08:48,959][__name__][INFO] - ✅ Finished _ro_winogrande
[2026-01-01 20:08:49,058][__name__][INFO] - 💾 Saved partial results: /home/dan-parii/Documents/ContinualPretrainRo/continual_pretrain/eval_results/outputs_milestone_meta-llama_Llama-3.2-1B_r16_merged_checkpoint-381/2026-01-01_20-08-09/_ro_winogrande.json
[2026-01-01 20:08:49,058][__name__][INFO] - 🚀 Running evaluation for _ro_belebele | fewshot=0 | limit=1000
[2026-01-01 20:08:49,058][__name__][INFO] - Running outputs/milestone_meta-llama_Llama-3.2-1B_r16/merged/checkpoint-381 with apply_chat_template True
[2026-01-01 20:08:49,059][__name__][INFO] - 📝 Using fewshot_as_multiturn=True and custom system instruction
[2026-01-01 20:08:49,060][lm-eval][INFO] - Setting random seed to 23 | Setting numpy seed to 23 | Setting torch manual seed to 23
[2026-01-01 20:08:49,060][lm-eval][INFO] - Initializing hf model, with arguments: {'pretrained': 'outputs/milestone_meta-llama_Llama-3.2-1B_r16/merged/checkpoint-381', 'tokenizer': 'outputs/milestone_meta-llama_Llama-3.2-1B_r16/merged/checkpoint-381', 'max_length': 4096, 'eval_max_length': 16384, 'truncation': True, 'dtype': 'bfloat16'}
[2026-01-01 20:08:49,061][lm-eval][INFO] - Using device 'cuda'
[2026-01-01 20:08:49,723][lm-eval][INFO] - `group` and `group_alias` keys in tasks' configs will no longer be used in the next release of lm-eval. `tag` will be used to allow to call a collection of tasks just like `group`. `group` will be removed in order to not cause confusion with the new ConfigurableGroup which will be the offical way to create groups with addition of group-wide configuations.
[2026-01-01 20:08:54,814][lm-eval][WARNING] - Overwriting default num_fewshot of _ro_belebele from None to 0
[2026-01-01 20:08:54,815][lm-eval][INFO] - Setting fewshot random generator seed to 23
[2026-01-01 20:08:54,815][lm-eval][INFO] - Building contexts for _ro_belebele on rank 0...
[2026-01-01 20:08:55,533][lm-eval][INFO] - Running loglikelihood requests
[2026-01-01 20:09:48,447][lm-eval][WARNING] - Failed to get model SHA for outputs/milestone_meta-llama_Llama-3.2-1B_r16/merged/checkpoint-381 at revision main. Error: Repo id must be in the form 'repo_name' or 'namespace/repo_name': 'outputs/milestone_meta-llama_Llama-3.2-1B_r16/merged/checkpoint-381'. Use `repo_type` argument if needed.
[2026-01-01 20:09:49,549][__name__][INFO] - ✅ Finished _ro_belebele
[2026-01-01 20:09:49,647][__name__][INFO] - 💾 Saved partial results: /home/dan-parii/Documents/ContinualPretrainRo/continual_pretrain/eval_results/outputs_milestone_meta-llama_Llama-3.2-1B_r16_merged_checkpoint-381/2026-01-01_20-08-09/_ro_belebele.json
[2026-01-01 20:09:49,647][__name__][INFO] - 🚀 Running evaluation for ro_wiki | fewshot=0 | limit=1000
[2026-01-01 20:09:49,648][__name__][INFO] - Running outputs/milestone_meta-llama_Llama-3.2-1B_r16/merged/checkpoint-381 with apply_chat_template True
[2026-01-01 20:09:49,649][lm-eval][INFO] - Setting random seed to 23 | Setting numpy seed to 23 | Setting torch manual seed to 23
[2026-01-01 20:09:49,649][lm-eval][INFO] - Initializing hf model, with arguments: {'pretrained': 'outputs/milestone_meta-llama_Llama-3.2-1B_r16/merged/checkpoint-381', 'tokenizer': 'outputs/milestone_meta-llama_Llama-3.2-1B_r16/merged/checkpoint-381', 'max_length': 4096, 'eval_max_length': 16384, 'truncation': True, 'dtype': 'bfloat16'}
[2026-01-01 20:09:49,651][lm-eval][INFO] - Using device 'cuda'
[2026-01-01 20:09:50,296][lm-eval][INFO] - `group` and `group_alias` keys in tasks' configs will no longer be used in the next release of lm-eval. `tag` will be used to allow to call a collection of tasks just like `group`. `group` will be removed in order to not cause confusion with the new ConfigurableGroup which will be the offical way to create groups with addition of group-wide configuations.
[2026-01-01 20:09:53,261][lm-eval][WARNING] - [Task: ro_wiki] metric word_perplexity is defined, but aggregation is not. using default aggregation=weighted_perplexity
[2026-01-01 20:09:53,261][lm-eval][WARNING] - [Task: ro_wiki] metric word_perplexity is defined, but higher_is_better is not. using default higher_is_better=False
[2026-01-01 20:09:53,261][lm-eval][WARNING] - [Task: ro_wiki] metric byte_perplexity is defined, but aggregation is not. using default aggregation=weighted_perplexity
[2026-01-01 20:09:53,262][lm-eval][WARNING] - [Task: ro_wiki] metric byte_perplexity is defined, but higher_is_better is not. using default higher_is_better=False
[2026-01-01 20:09:53,262][lm-eval][WARNING] - [Task: ro_wiki] metric bits_per_byte is defined, but aggregation is not. using default aggregation=bits_per_byte
[2026-01-01 20:09:53,262][lm-eval][WARNING] - [Task: ro_wiki] metric bits_per_byte is defined, but higher_is_better is not. using default higher_is_better=False
[2026-01-01 20:09:56,182][lm-eval][WARNING] - Overwriting default num_fewshot of ro_wiki from None to 0
[2026-01-01 20:09:56,182][lm-eval][INFO] - Setting fewshot random generator seed to 23
[2026-01-01 20:09:56,183][lm-eval][INFO] - Building contexts for ro_wiki on rank 0...
[2026-01-01 20:09:56,363][lm-eval][INFO] - Running loglikelihood_rolling requests
[2026-01-01 20:10:34,817][lm-eval][WARNING] - Failed to get model SHA for outputs/milestone_meta-llama_Llama-3.2-1B_r16/merged/checkpoint-381 at revision main. Error: Repo id must be in the form 'repo_name' or 'namespace/repo_name': 'outputs/milestone_meta-llama_Llama-3.2-1B_r16/merged/checkpoint-381'. Use `repo_type` argument if needed.
[2026-01-01 20:10:35,916][__name__][INFO] - ✅ Finished ro_wiki
[2026-01-01 20:10:36,043][__name__][INFO] - 💾 Saved partial results: /home/dan-parii/Documents/ContinualPretrainRo/continual_pretrain/eval_results/outputs_milestone_meta-llama_Llama-3.2-1B_r16_merged_checkpoint-381/2026-01-01_20-08-09/ro_wiki.json
[2026-01-01 20:10:36,044][__name__][INFO] - 🚀 Running evaluation for _ro_arc_challenge | fewshot=5 | limit=1000
[2026-01-01 20:10:36,044][__name__][INFO] - Running outputs/milestone_meta-llama_Llama-3.2-1B_r16/merged/checkpoint-381 with apply_chat_template True
[2026-01-01 20:10:36,044][__name__][INFO] - 📝 Using fewshot_as_multiturn=True and custom system instruction
[2026-01-01 20:10:36,046][lm-eval][INFO] - Setting random seed to 23 | Setting numpy seed to 23 | Setting torch manual seed to 23
[2026-01-01 20:10:36,046][lm-eval][INFO] - Initializing hf model, with arguments: {'pretrained': 'outputs/milestone_meta-llama_Llama-3.2-1B_r16/merged/checkpoint-381', 'tokenizer': 'outputs/milestone_meta-llama_Llama-3.2-1B_r16/merged/checkpoint-381', 'max_length': 4096, 'eval_max_length': 16384, 'truncation': True, 'dtype': 'bfloat16'}
[2026-01-01 20:10:36,047][lm-eval][INFO] - Using device 'cuda'
[2026-01-01 20:10:36,694][lm-eval][INFO] - `group` and `group_alias` keys in tasks' configs will no longer be used in the next release of lm-eval. `tag` will be used to allow to call a collection of tasks just like `group`. `group` will be removed in order to not cause confusion with the new ConfigurableGroup which will be the offical way to create groups with addition of group-wide configuations.
[2026-01-01 20:10:42,548][lm-eval][WARNING] - Overwriting default num_fewshot of _ro_arc_challenge from None to 5
[2026-01-01 20:10:42,549][lm-eval][INFO] - Setting fewshot random generator seed to 23
[2026-01-01 20:10:42,551][lm-eval][INFO] - Building contexts for _ro_arc_challenge on rank 0...
[2026-01-01 20:10:44,125][lm-eval][INFO] - Running loglikelihood requests
[2026-01-01 20:12:14,455][lm-eval][WARNING] - Failed to get model SHA for outputs/milestone_meta-llama_Llama-3.2-1B_r16/merged/checkpoint-381 at revision main. Error: Repo id must be in the form 'repo_name' or 'namespace/repo_name': 'outputs/milestone_meta-llama_Llama-3.2-1B_r16/merged/checkpoint-381'. Use `repo_type` argument if needed.
[2026-01-01 20:12:15,622][__name__][INFO] - ✅ Finished _ro_arc_challenge
[2026-01-01 20:12:15,819][__name__][INFO] - 💾 Saved partial results: /home/dan-parii/Documents/ContinualPretrainRo/continual_pretrain/eval_results/outputs_milestone_meta-llama_Llama-3.2-1B_r16_merged_checkpoint-381/2026-01-01_20-08-09/_ro_arc_challenge.json
[2026-01-01 20:12:15,819][__name__][INFO] - 🚀 Running evaluation for arc_challenge | fewshot=5 | limit=1000
[2026-01-01 20:12:15,819][__name__][INFO] - Running outputs/milestone_meta-llama_Llama-3.2-1B_r16/merged/checkpoint-381 with apply_chat_template True
[2026-01-01 20:12:15,820][__name__][INFO] - 📝 Using fewshot_as_multiturn=True and custom system instruction
[2026-01-01 20:12:15,821][lm-eval][INFO] - Setting random seed to 23 | Setting numpy seed to 23 | Setting torch manual seed to 23
[2026-01-01 20:12:15,821][lm-eval][INFO] - Initializing hf model, with arguments: {'pretrained': 'outputs/milestone_meta-llama_Llama-3.2-1B_r16/merged/checkpoint-381', 'tokenizer': 'outputs/milestone_meta-llama_Llama-3.2-1B_r16/merged/checkpoint-381', 'max_length': 4096, 'eval_max_length': 16384, 'truncation': True, 'dtype': 'bfloat16'}
[2026-01-01 20:12:15,822][lm-eval][INFO] - Using device 'cuda'
[2026-01-01 20:12:16,463][lm-eval][INFO] - `group` and `group_alias` keys in tasks' configs will no longer be used in the next release of lm-eval. `tag` will be used to allow to call a collection of tasks just like `group`. `group` will be removed in order to not cause confusion with the new ConfigurableGroup which will be the offical way to create groups with addition of group-wide configuations.
[2026-01-01 20:12:28,046][lm-eval][WARNING] - Overwriting default num_fewshot of arc_challenge from None to 5
[2026-01-01 20:12:28,046][lm-eval][INFO] - Setting fewshot random generator seed to 23
[2026-01-01 20:12:28,047][lm-eval][INFO] - Building contexts for arc_challenge on rank 0...
[2026-01-01 20:12:32,839][lm-eval][INFO] - Running loglikelihood requests
[2026-01-01 20:13:30,684][lm-eval][WARNING] - Failed to get model SHA for outputs/milestone_meta-llama_Llama-3.2-1B_r16/merged/checkpoint-381 at revision main. Error: Repo id must be in the form 'repo_name' or 'namespace/repo_name': 'outputs/milestone_meta-llama_Llama-3.2-1B_r16/merged/checkpoint-381'. Use `repo_type` argument if needed.
[2026-01-01 20:13:31,760][__name__][INFO] - ✅ Finished arc_challenge
[2026-01-01 20:13:31,964][__name__][INFO] - 💾 Saved partial results: /home/dan-parii/Documents/ContinualPretrainRo/continual_pretrain/eval_results/outputs_milestone_meta-llama_Llama-3.2-1B_r16_merged_checkpoint-381/2026-01-01_20-08-09/arc_challenge.json
[2026-01-01 20:13:31,965][__name__][INFO] - 🚀 Running evaluation for winogrande | fewshot=5 | limit=1000
[2026-01-01 20:13:31,965][__name__][INFO] - Running outputs/milestone_meta-llama_Llama-3.2-1B_r16/merged/checkpoint-381 with apply_chat_template True
[2026-01-01 20:13:31,965][__name__][INFO] - 📝 Using fewshot_as_multiturn=True and custom system instruction
[2026-01-01 20:13:31,966][lm-eval][INFO] - Setting random seed to 23 | Setting numpy seed to 23 | Setting torch manual seed to 23
[2026-01-01 20:13:31,967][lm-eval][INFO] - Initializing hf model, with arguments: {'pretrained': 'outputs/milestone_meta-llama_Llama-3.2-1B_r16/merged/checkpoint-381', 'tokenizer': 'outputs/milestone_meta-llama_Llama-3.2-1B_r16/merged/checkpoint-381', 'max_length': 4096, 'eval_max_length': 16384, 'truncation': True, 'dtype': 'bfloat16'}
[2026-01-01 20:13:31,968][lm-eval][INFO] - Using device 'cuda'
[2026-01-01 20:13:32,618][lm-eval][INFO] - `group` and `group_alias` keys in tasks' configs will no longer be used in the next release of lm-eval. `tag` will be used to allow to call a collection of tasks just like `group`. `group` will be removed in order to not cause confusion with the new ConfigurableGroup which will be the offical way to create groups with addition of group-wide configuations.
[2026-01-01 20:13:35,603][datasets.load][ERROR] - `trust_remote_code` is not supported anymore.
Please check that the Hugging Face dataset 'winogrande' isn't based on a loading script and remove `trust_remote_code`.
If the dataset is based on a loading script, please ask the dataset author to remove it and convert it to a standard format like Parquet.
[2026-01-01 20:13:40,065][lm-eval][WARNING] - Overwriting default num_fewshot of winogrande from None to 5
[2026-01-01 20:13:40,065][lm-eval][INFO] - Setting fewshot random generator seed to 23
[2026-01-01 20:13:40,069][lm-eval][INFO] - Building contexts for winogrande on rank 0...
[2026-01-01 20:13:40,177][lm-eval][INFO] - Running loglikelihood requests
[2026-01-01 20:14:00,735][lm-eval][WARNING] - Failed to get model SHA for outputs/milestone_meta-llama_Llama-3.2-1B_r16/merged/checkpoint-381 at revision main. Error: Repo id must be in the form 'repo_name' or 'namespace/repo_name': 'outputs/milestone_meta-llama_Llama-3.2-1B_r16/merged/checkpoint-381'. Use `repo_type` argument if needed.
[2026-01-01 20:14:01,872][__name__][INFO] - ✅ Finished winogrande
[2026-01-01 20:14:01,968][__name__][INFO] - 💾 Saved partial results: /home/dan-parii/Documents/ContinualPretrainRo/continual_pretrain/eval_results/outputs_milestone_meta-llama_Llama-3.2-1B_r16_merged_checkpoint-381/2026-01-01_20-08-09/winogrande.json
[2026-01-01 20:14:01,968][__name__][INFO] - 🚀 Running evaluation for wikitext | fewshot=5 | limit=1000
[2026-01-01 20:14:01,969][__name__][INFO] - Running outputs/milestone_meta-llama_Llama-3.2-1B_r16/merged/checkpoint-381 with apply_chat_template True
[2026-01-01 20:14:01,970][lm-eval][INFO] - Setting random seed to 23 | Setting numpy seed to 23 | Setting torch manual seed to 23
[2026-01-01 20:14:01,970][lm-eval][INFO] - Initializing hf model, with arguments: {'pretrained': 'outputs/milestone_meta-llama_Llama-3.2-1B_r16/merged/checkpoint-381', 'tokenizer': 'outputs/milestone_meta-llama_Llama-3.2-1B_r16/merged/checkpoint-381', 'max_length': 4096, 'eval_max_length': 16384, 'truncation': True, 'dtype': 'bfloat16'}
[2026-01-01 20:14:01,971][lm-eval][INFO] - Using device 'cuda'
[2026-01-01 20:14:02,617][lm-eval][INFO] - `group` and `group_alias` keys in tasks' configs will no longer be used in the next release of lm-eval. `tag` will be used to allow to call a collection of tasks just like `group`. `group` will be removed in order to not cause confusion with the new ConfigurableGroup which will be the offical way to create groups with addition of group-wide configuations.
[2026-01-01 20:14:05,596][lm-eval][WARNING] - [Task: wikitext] metric word_perplexity is defined, but aggregation is not. using default aggregation=weighted_perplexity
[2026-01-01 20:14:05,597][lm-eval][WARNING] - [Task: wikitext] metric word_perplexity is defined, but higher_is_better is not. using default higher_is_better=False
[2026-01-01 20:14:05,597][lm-eval][WARNING] - [Task: wikitext] metric byte_perplexity is defined, but aggregation is not. using default aggregation=weighted_perplexity
[2026-01-01 20:14:05,597][lm-eval][WARNING] - [Task: wikitext] metric byte_perplexity is defined, but higher_is_better is not. using default higher_is_better=False
[2026-01-01 20:14:05,597][lm-eval][WARNING] - [Task: wikitext] metric bits_per_byte is defined, but aggregation is not. using default aggregation=bits_per_byte
[2026-01-01 20:14:05,597][lm-eval][WARNING] - [Task: wikitext] metric bits_per_byte is defined, but higher_is_better is not. using default higher_is_better=False
[2026-01-01 20:14:05,598][datasets.load][ERROR] - `trust_remote_code` is not supported anymore.
Please check that the Hugging Face dataset 'EleutherAI/wikitext_document_level' isn't based on a loading script and remove `trust_remote_code`.
If the dataset is based on a loading script, please ask the dataset author to remove it and convert it to a standard format like Parquet.
[2026-01-01 20:14:07,835][lm-eval][WARNING] - Overwriting default num_fewshot of wikitext from None to 5
[2026-01-01 20:14:07,835][lm-eval][INFO] - Setting fewshot random generator seed to 23
[2026-01-01 20:14:07,836][lm-eval][INFO] - Building contexts for wikitext on rank 0...
[2026-01-01 20:14:10,804][lm-eval][INFO] - Running loglikelihood_rolling requests
[2026-01-01 20:16:30,744][lm-eval][WARNING] - Failed to get model SHA for outputs/milestone_meta-llama_Llama-3.2-1B_r16/merged/checkpoint-381 at revision main. Error: Repo id must be in the form 'repo_name' or 'namespace/repo_name': 'outputs/milestone_meta-llama_Llama-3.2-1B_r16/merged/checkpoint-381'. Use `repo_type` argument if needed.
[2026-01-01 20:16:31,923][__name__][INFO] - ✅ Finished wikitext
[2026-01-01 20:16:32,366][__name__][INFO] - 💾 Saved partial results: /home/dan-parii/Documents/ContinualPretrainRo/continual_pretrain/eval_results/outputs_milestone_meta-llama_Llama-3.2-1B_r16_merged_checkpoint-381/2026-01-01_20-08-09/wikitext.json
[2026-01-01 20:16:33,285][__name__][INFO] - 📁 Combined results saved to: /home/dan-parii/Documents/ContinualPretrainRo/continual_pretrain/eval_results/outputs_milestone_meta-llama_Llama-3.2-1B_r16_merged_checkpoint-381/2026-01-01_20-08-09/eval_results.json
[2026-01-01 20:16:33,286][__name__][INFO] - 📊 Summary:
[2026-01-01 20:16:33,286][__name__][INFO] -   - _ro_winogrande: {'acc,none': 0.529, 'acc_stderr,none': 0.015792669451628764}
[2026-01-01 20:16:33,286][__name__][INFO] -   - _ro_belebele: {'acc_norm,none': 0.2722222222222222, 'acc_norm_stderr,none': 0.014845038794434004}
[2026-01-01 20:16:33,286][__name__][INFO] -   - ro_wiki: {'word_perplexity,none': 63.21946283944389, 'byte_perplexity,none': 1.8444720502685537, 'bits_per_byte,none': 0.8832079276911964}
[2026-01-01 20:16:33,286][__name__][INFO] -   - _ro_arc_challenge: {'acc_norm,none': 0.289, 'acc_norm_stderr,none': 0.014341711358296287}
[2026-01-01 20:16:33,286][__name__][INFO] -   - arc_challenge: {'acc,none': 0.328, 'acc_stderr,none': 0.01485384248727031, 'acc_norm,none': 0.339, 'acc_norm_stderr,none': 0.014976758771620224}
[2026-01-01 20:16:33,286][__name__][INFO] -   - winogrande: {'acc,none': 0.594, 'acc_stderr,none': 0.01553722643863458}
[2026-01-01 20:16:33,287][__name__][INFO] -   - wikitext: {'word_perplexity,none': 12.995414416840614, 'byte_perplexity,none': 1.618186911568019, 'bits_per_byte,none': 0.6943782584589254}
[2026-01-01 20:16:34,410][__name__][INFO] - 📊 W&B run finished
[2026-01-01 20:39:05,150][__name__][INFO] - Starting Romanian evaluation run
[2026-01-01 20:39:05,306][__name__][INFO] - 🚀 CUDA is available. Using GPU: NVIDIA GeForce RTX 3090
[2026-01-01 20:39:05,307][__name__][INFO] - 📁 Results will be saved in: /home/dan-parii/Documents/ContinualPretrainRo/continual_pretrain/eval_results/outputs_milestone_meta-llama_Llama-3.2-1B_r16_merged_checkpoint-457/2026-01-01_20-39-05
[2026-01-01 20:39:06,910][__name__][INFO] - 📊 W&B logging enabled with GPU monitoring
[2026-01-01 20:39:06,911][__name__][INFO] - 🚀 Running evaluation for _ro_winogrande | fewshot=5 | limit=1000
[2026-01-01 20:39:06,911][__name__][INFO] - Running outputs/milestone_meta-llama_Llama-3.2-1B_r16/merged/checkpoint-457 with apply_chat_template True
[2026-01-01 20:39:06,911][__name__][INFO] - 📝 Using fewshot_as_multiturn=True and custom system instruction
[2026-01-01 20:39:06,915][lm-eval][INFO] - Setting random seed to 23 | Setting numpy seed to 23 | Setting torch manual seed to 23
[2026-01-01 20:39:06,915][lm-eval][INFO] - Initializing hf model, with arguments: {'pretrained': 'outputs/milestone_meta-llama_Llama-3.2-1B_r16/merged/checkpoint-457', 'tokenizer': 'outputs/milestone_meta-llama_Llama-3.2-1B_r16/merged/checkpoint-457', 'max_length': 4096, 'eval_max_length': 16384, 'truncation': True, 'dtype': 'bfloat16'}
[2026-01-01 20:39:06,976][lm-eval][INFO] - Using device 'cuda'
[2026-01-01 20:39:08,391][lm-eval][INFO] - `group` and `group_alias` keys in tasks' configs will no longer be used in the next release of lm-eval. `tag` will be used to allow to call a collection of tasks just like `group`. `group` will be removed in order to not cause confusion with the new ConfigurableGroup which will be the offical way to create groups with addition of group-wide configuations.
[2026-01-01 20:39:13,855][lm-eval][WARNING] - Overwriting default num_fewshot of _ro_winogrande from None to 5
[2026-01-01 20:39:13,856][lm-eval][INFO] - Setting fewshot random generator seed to 23
[2026-01-01 20:39:13,860][lm-eval][INFO] - Building contexts for _ro_winogrande on rank 0...
[2026-01-01 20:39:13,996][lm-eval][INFO] - Running loglikelihood requests
[2026-01-01 20:39:43,860][lm-eval][WARNING] - Failed to get model SHA for outputs/milestone_meta-llama_Llama-3.2-1B_r16/merged/checkpoint-457 at revision main. Error: Repo id must be in the form 'repo_name' or 'namespace/repo_name': 'outputs/milestone_meta-llama_Llama-3.2-1B_r16/merged/checkpoint-457'. Use `repo_type` argument if needed.
[2026-01-01 20:39:44,858][__name__][INFO] - ✅ Finished _ro_winogrande
[2026-01-01 20:39:44,957][__name__][INFO] - 💾 Saved partial results: /home/dan-parii/Documents/ContinualPretrainRo/continual_pretrain/eval_results/outputs_milestone_meta-llama_Llama-3.2-1B_r16_merged_checkpoint-457/2026-01-01_20-39-05/_ro_winogrande.json
[2026-01-01 20:39:44,958][__name__][INFO] - 🚀 Running evaluation for _ro_belebele | fewshot=0 | limit=1000
[2026-01-01 20:39:44,958][__name__][INFO] - Running outputs/milestone_meta-llama_Llama-3.2-1B_r16/merged/checkpoint-457 with apply_chat_template True
[2026-01-01 20:39:44,958][__name__][INFO] - 📝 Using fewshot_as_multiturn=True and custom system instruction
[2026-01-01 20:39:44,960][lm-eval][INFO] - Setting random seed to 23 | Setting numpy seed to 23 | Setting torch manual seed to 23
[2026-01-01 20:39:44,960][lm-eval][INFO] - Initializing hf model, with arguments: {'pretrained': 'outputs/milestone_meta-llama_Llama-3.2-1B_r16/merged/checkpoint-457', 'tokenizer': 'outputs/milestone_meta-llama_Llama-3.2-1B_r16/merged/checkpoint-457', 'max_length': 4096, 'eval_max_length': 16384, 'truncation': True, 'dtype': 'bfloat16'}
[2026-01-01 20:39:44,961][lm-eval][INFO] - Using device 'cuda'
[2026-01-01 20:39:45,653][lm-eval][INFO] - `group` and `group_alias` keys in tasks' configs will no longer be used in the next release of lm-eval. `tag` will be used to allow to call a collection of tasks just like `group`. `group` will be removed in order to not cause confusion with the new ConfigurableGroup which will be the offical way to create groups with addition of group-wide configuations.
[2026-01-01 20:39:55,768][lm-eval][WARNING] - Overwriting default num_fewshot of _ro_belebele from None to 0
[2026-01-01 20:39:55,769][lm-eval][INFO] - Setting fewshot random generator seed to 23
[2026-01-01 20:39:55,769][lm-eval][INFO] - Building contexts for _ro_belebele on rank 0...
[2026-01-01 20:39:56,505][lm-eval][INFO] - Running loglikelihood requests
[2026-01-01 20:40:49,411][lm-eval][WARNING] - Failed to get model SHA for outputs/milestone_meta-llama_Llama-3.2-1B_r16/merged/checkpoint-457 at revision main. Error: Repo id must be in the form 'repo_name' or 'namespace/repo_name': 'outputs/milestone_meta-llama_Llama-3.2-1B_r16/merged/checkpoint-457'. Use `repo_type` argument if needed.
[2026-01-01 20:40:50,492][__name__][INFO] - ✅ Finished _ro_belebele
[2026-01-01 20:40:50,591][__name__][INFO] - 💾 Saved partial results: /home/dan-parii/Documents/ContinualPretrainRo/continual_pretrain/eval_results/outputs_milestone_meta-llama_Llama-3.2-1B_r16_merged_checkpoint-457/2026-01-01_20-39-05/_ro_belebele.json
[2026-01-01 20:40:50,592][__name__][INFO] - 🚀 Running evaluation for ro_wiki | fewshot=0 | limit=1000
[2026-01-01 20:40:50,592][__name__][INFO] - Running outputs/milestone_meta-llama_Llama-3.2-1B_r16/merged/checkpoint-457 with apply_chat_template True
[2026-01-01 20:40:50,593][lm-eval][INFO] - Setting random seed to 23 | Setting numpy seed to 23 | Setting torch manual seed to 23
[2026-01-01 20:40:50,593][lm-eval][INFO] - Initializing hf model, with arguments: {'pretrained': 'outputs/milestone_meta-llama_Llama-3.2-1B_r16/merged/checkpoint-457', 'tokenizer': 'outputs/milestone_meta-llama_Llama-3.2-1B_r16/merged/checkpoint-457', 'max_length': 4096, 'eval_max_length': 16384, 'truncation': True, 'dtype': 'bfloat16'}
[2026-01-01 20:40:50,594][lm-eval][INFO] - Using device 'cuda'
[2026-01-01 20:40:51,266][lm-eval][INFO] - `group` and `group_alias` keys in tasks' configs will no longer be used in the next release of lm-eval. `tag` will be used to allow to call a collection of tasks just like `group`. `group` will be removed in order to not cause confusion with the new ConfigurableGroup which will be the offical way to create groups with addition of group-wide configuations.
[2026-01-01 20:40:54,193][lm-eval][WARNING] - [Task: ro_wiki] metric word_perplexity is defined, but aggregation is not. using default aggregation=weighted_perplexity
[2026-01-01 20:40:54,194][lm-eval][WARNING] - [Task: ro_wiki] metric word_perplexity is defined, but higher_is_better is not. using default higher_is_better=False
[2026-01-01 20:40:54,194][lm-eval][WARNING] - [Task: ro_wiki] metric byte_perplexity is defined, but aggregation is not. using default aggregation=weighted_perplexity
[2026-01-01 20:40:54,194][lm-eval][WARNING] - [Task: ro_wiki] metric byte_perplexity is defined, but higher_is_better is not. using default higher_is_better=False
[2026-01-01 20:40:54,194][lm-eval][WARNING] - [Task: ro_wiki] metric bits_per_byte is defined, but aggregation is not. using default aggregation=bits_per_byte
[2026-01-01 20:40:54,194][lm-eval][WARNING] - [Task: ro_wiki] metric bits_per_byte is defined, but higher_is_better is not. using default higher_is_better=False
[2026-01-01 20:40:56,325][lm-eval][WARNING] - Overwriting default num_fewshot of ro_wiki from None to 0
[2026-01-01 20:40:56,325][lm-eval][INFO] - Setting fewshot random generator seed to 23
[2026-01-01 20:40:56,326][lm-eval][INFO] - Building contexts for ro_wiki on rank 0...
[2026-01-01 20:40:56,502][lm-eval][INFO] - Running loglikelihood_rolling requests
[2026-01-01 20:41:34,915][lm-eval][WARNING] - Failed to get model SHA for outputs/milestone_meta-llama_Llama-3.2-1B_r16/merged/checkpoint-457 at revision main. Error: Repo id must be in the form 'repo_name' or 'namespace/repo_name': 'outputs/milestone_meta-llama_Llama-3.2-1B_r16/merged/checkpoint-457'. Use `repo_type` argument if needed.
[2026-01-01 20:41:35,993][__name__][INFO] - ✅ Finished ro_wiki
[2026-01-01 20:41:36,119][__name__][INFO] - 💾 Saved partial results: /home/dan-parii/Documents/ContinualPretrainRo/continual_pretrain/eval_results/outputs_milestone_meta-llama_Llama-3.2-1B_r16_merged_checkpoint-457/2026-01-01_20-39-05/ro_wiki.json
[2026-01-01 20:41:36,119][__name__][INFO] - 🚀 Running evaluation for _ro_arc_challenge | fewshot=5 | limit=1000
[2026-01-01 20:41:36,120][__name__][INFO] - Running outputs/milestone_meta-llama_Llama-3.2-1B_r16/merged/checkpoint-457 with apply_chat_template True
[2026-01-01 20:41:36,120][__name__][INFO] - 📝 Using fewshot_as_multiturn=True and custom system instruction
[2026-01-01 20:41:36,121][lm-eval][INFO] - Setting random seed to 23 | Setting numpy seed to 23 | Setting torch manual seed to 23
[2026-01-01 20:41:36,121][lm-eval][INFO] - Initializing hf model, with arguments: {'pretrained': 'outputs/milestone_meta-llama_Llama-3.2-1B_r16/merged/checkpoint-457', 'tokenizer': 'outputs/milestone_meta-llama_Llama-3.2-1B_r16/merged/checkpoint-457', 'max_length': 4096, 'eval_max_length': 16384, 'truncation': True, 'dtype': 'bfloat16'}
[2026-01-01 20:41:36,122][lm-eval][INFO] - Using device 'cuda'
[2026-01-01 20:41:36,799][lm-eval][INFO] - `group` and `group_alias` keys in tasks' configs will no longer be used in the next release of lm-eval. `tag` will be used to allow to call a collection of tasks just like `group`. `group` will be removed in order to not cause confusion with the new ConfigurableGroup which will be the offical way to create groups with addition of group-wide configuations.
[2026-01-01 20:41:41,737][lm-eval][WARNING] - Overwriting default num_fewshot of _ro_arc_challenge from None to 5
[2026-01-01 20:41:41,738][lm-eval][INFO] - Setting fewshot random generator seed to 23
[2026-01-01 20:41:41,740][lm-eval][INFO] - Building contexts for _ro_arc_challenge on rank 0...
[2026-01-01 20:41:43,504][lm-eval][INFO] - Running loglikelihood requests
[2026-01-01 20:43:13,668][lm-eval][WARNING] - Failed to get model SHA for outputs/milestone_meta-llama_Llama-3.2-1B_r16/merged/checkpoint-457 at revision main. Error: Repo id must be in the form 'repo_name' or 'namespace/repo_name': 'outputs/milestone_meta-llama_Llama-3.2-1B_r16/merged/checkpoint-457'. Use `repo_type` argument if needed.
[2026-01-01 20:43:14,776][__name__][INFO] - ✅ Finished _ro_arc_challenge
[2026-01-01 20:43:14,973][__name__][INFO] - 💾 Saved partial results: /home/dan-parii/Documents/ContinualPretrainRo/continual_pretrain/eval_results/outputs_milestone_meta-llama_Llama-3.2-1B_r16_merged_checkpoint-457/2026-01-01_20-39-05/_ro_arc_challenge.json
[2026-01-01 20:43:14,974][__name__][INFO] - 🚀 Running evaluation for arc_challenge | fewshot=5 | limit=1000
[2026-01-01 20:43:14,974][__name__][INFO] - Running outputs/milestone_meta-llama_Llama-3.2-1B_r16/merged/checkpoint-457 with apply_chat_template True
[2026-01-01 20:43:14,974][__name__][INFO] - 📝 Using fewshot_as_multiturn=True and custom system instruction
[2026-01-01 20:43:14,975][lm-eval][INFO] - Setting random seed to 23 | Setting numpy seed to 23 | Setting torch manual seed to 23
[2026-01-01 20:43:14,975][lm-eval][INFO] - Initializing hf model, with arguments: {'pretrained': 'outputs/milestone_meta-llama_Llama-3.2-1B_r16/merged/checkpoint-457', 'tokenizer': 'outputs/milestone_meta-llama_Llama-3.2-1B_r16/merged/checkpoint-457', 'max_length': 4096, 'eval_max_length': 16384, 'truncation': True, 'dtype': 'bfloat16'}
[2026-01-01 20:43:14,977][lm-eval][INFO] - Using device 'cuda'
[2026-01-01 20:43:15,649][lm-eval][INFO] - `group` and `group_alias` keys in tasks' configs will no longer be used in the next release of lm-eval. `tag` will be used to allow to call a collection of tasks just like `group`. `group` will be removed in order to not cause confusion with the new ConfigurableGroup which will be the offical way to create groups with addition of group-wide configuations.
[2026-01-01 20:43:20,774][lm-eval][WARNING] - Overwriting default num_fewshot of arc_challenge from None to 5
[2026-01-01 20:43:20,774][lm-eval][INFO] - Setting fewshot random generator seed to 23
[2026-01-01 20:43:20,775][lm-eval][INFO] - Building contexts for arc_challenge on rank 0...
[2026-01-01 20:43:25,583][lm-eval][INFO] - Running loglikelihood requests
[2026-01-01 20:44:23,435][lm-eval][WARNING] - Failed to get model SHA for outputs/milestone_meta-llama_Llama-3.2-1B_r16/merged/checkpoint-457 at revision main. Error: Repo id must be in the form 'repo_name' or 'namespace/repo_name': 'outputs/milestone_meta-llama_Llama-3.2-1B_r16/merged/checkpoint-457'. Use `repo_type` argument if needed.
[2026-01-01 20:44:24,471][__name__][INFO] - ✅ Finished arc_challenge
[2026-01-01 20:44:24,667][__name__][INFO] - 💾 Saved partial results: /home/dan-parii/Documents/ContinualPretrainRo/continual_pretrain/eval_results/outputs_milestone_meta-llama_Llama-3.2-1B_r16_merged_checkpoint-457/2026-01-01_20-39-05/arc_challenge.json
[2026-01-01 20:44:24,667][__name__][INFO] - 🚀 Running evaluation for winogrande | fewshot=5 | limit=1000
[2026-01-01 20:44:24,667][__name__][INFO] - Running outputs/milestone_meta-llama_Llama-3.2-1B_r16/merged/checkpoint-457 with apply_chat_template True
[2026-01-01 20:44:24,668][__name__][INFO] - 📝 Using fewshot_as_multiturn=True and custom system instruction
[2026-01-01 20:44:24,669][lm-eval][INFO] - Setting random seed to 23 | Setting numpy seed to 23 | Setting torch manual seed to 23
[2026-01-01 20:44:24,669][lm-eval][INFO] - Initializing hf model, with arguments: {'pretrained': 'outputs/milestone_meta-llama_Llama-3.2-1B_r16/merged/checkpoint-457', 'tokenizer': 'outputs/milestone_meta-llama_Llama-3.2-1B_r16/merged/checkpoint-457', 'max_length': 4096, 'eval_max_length': 16384, 'truncation': True, 'dtype': 'bfloat16'}
[2026-01-01 20:44:24,670][lm-eval][INFO] - Using device 'cuda'
[2026-01-01 20:44:25,352][lm-eval][INFO] - `group` and `group_alias` keys in tasks' configs will no longer be used in the next release of lm-eval. `tag` will be used to allow to call a collection of tasks just like `group`. `group` will be removed in order to not cause confusion with the new ConfigurableGroup which will be the offical way to create groups with addition of group-wide configuations.
[2026-01-01 20:44:28,308][datasets.load][ERROR] - `trust_remote_code` is not supported anymore.
Please check that the Hugging Face dataset 'winogrande' isn't based on a loading script and remove `trust_remote_code`.
If the dataset is based on a loading script, please ask the dataset author to remove it and convert it to a standard format like Parquet.
[2026-01-01 20:44:34,927][lm-eval][WARNING] - Overwriting default num_fewshot of winogrande from None to 5
[2026-01-01 20:44:34,927][lm-eval][INFO] - Setting fewshot random generator seed to 23
[2026-01-01 20:44:34,932][lm-eval][INFO] - Building contexts for winogrande on rank 0...
[2026-01-01 20:44:35,052][lm-eval][INFO] - Running loglikelihood requests
[2026-01-01 20:44:55,759][lm-eval][WARNING] - Failed to get model SHA for outputs/milestone_meta-llama_Llama-3.2-1B_r16/merged/checkpoint-457 at revision main. Error: Repo id must be in the form 'repo_name' or 'namespace/repo_name': 'outputs/milestone_meta-llama_Llama-3.2-1B_r16/merged/checkpoint-457'. Use `repo_type` argument if needed.
[2026-01-01 20:44:56,869][__name__][INFO] - ✅ Finished winogrande
[2026-01-01 20:44:56,970][__name__][INFO] - 💾 Saved partial results: /home/dan-parii/Documents/ContinualPretrainRo/continual_pretrain/eval_results/outputs_milestone_meta-llama_Llama-3.2-1B_r16_merged_checkpoint-457/2026-01-01_20-39-05/winogrande.json
[2026-01-01 20:44:56,971][__name__][INFO] - 🚀 Running evaluation for wikitext | fewshot=5 | limit=1000
[2026-01-01 20:44:56,971][__name__][INFO] - Running outputs/milestone_meta-llama_Llama-3.2-1B_r16/merged/checkpoint-457 with apply_chat_template True
[2026-01-01 20:44:56,972][lm-eval][INFO] - Setting random seed to 23 | Setting numpy seed to 23 | Setting torch manual seed to 23
[2026-01-01 20:44:56,972][lm-eval][INFO] - Initializing hf model, with arguments: {'pretrained': 'outputs/milestone_meta-llama_Llama-3.2-1B_r16/merged/checkpoint-457', 'tokenizer': 'outputs/milestone_meta-llama_Llama-3.2-1B_r16/merged/checkpoint-457', 'max_length': 4096, 'eval_max_length': 16384, 'truncation': True, 'dtype': 'bfloat16'}
[2026-01-01 20:44:56,974][lm-eval][INFO] - Using device 'cuda'
[2026-01-01 20:44:57,653][lm-eval][INFO] - `group` and `group_alias` keys in tasks' configs will no longer be used in the next release of lm-eval. `tag` will be used to allow to call a collection of tasks just like `group`. `group` will be removed in order to not cause confusion with the new ConfigurableGroup which will be the offical way to create groups with addition of group-wide configuations.
[2026-01-01 20:45:00,608][lm-eval][WARNING] - [Task: wikitext] metric word_perplexity is defined, but aggregation is not. using default aggregation=weighted_perplexity
[2026-01-01 20:45:00,609][lm-eval][WARNING] - [Task: wikitext] metric word_perplexity is defined, but higher_is_better is not. using default higher_is_better=False
[2026-01-01 20:45:00,609][lm-eval][WARNING] - [Task: wikitext] metric byte_perplexity is defined, but aggregation is not. using default aggregation=weighted_perplexity
[2026-01-01 20:45:00,609][lm-eval][WARNING] - [Task: wikitext] metric byte_perplexity is defined, but higher_is_better is not. using default higher_is_better=False
[2026-01-01 20:45:00,609][lm-eval][WARNING] - [Task: wikitext] metric bits_per_byte is defined, but aggregation is not. using default aggregation=bits_per_byte
[2026-01-01 20:45:00,611][lm-eval][WARNING] - [Task: wikitext] metric bits_per_byte is defined, but higher_is_better is not. using default higher_is_better=False
[2026-01-01 20:45:00,611][datasets.load][ERROR] - `trust_remote_code` is not supported anymore.
Please check that the Hugging Face dataset 'EleutherAI/wikitext_document_level' isn't based on a loading script and remove `trust_remote_code`.
If the dataset is based on a loading script, please ask the dataset author to remove it and convert it to a standard format like Parquet.
[2026-01-01 20:45:02,933][lm-eval][WARNING] - Overwriting default num_fewshot of wikitext from None to 5
[2026-01-01 20:45:02,934][lm-eval][INFO] - Setting fewshot random generator seed to 23
[2026-01-01 20:45:02,935][lm-eval][INFO] - Building contexts for wikitext on rank 0...
[2026-01-01 20:45:05,893][lm-eval][INFO] - Running loglikelihood_rolling requests
[2026-01-01 20:47:25,712][lm-eval][WARNING] - Failed to get model SHA for outputs/milestone_meta-llama_Llama-3.2-1B_r16/merged/checkpoint-457 at revision main. Error: Repo id must be in the form 'repo_name' or 'namespace/repo_name': 'outputs/milestone_meta-llama_Llama-3.2-1B_r16/merged/checkpoint-457'. Use `repo_type` argument if needed.
[2026-01-01 20:47:26,818][__name__][INFO] - ✅ Finished wikitext
[2026-01-01 20:47:27,258][__name__][INFO] - 💾 Saved partial results: /home/dan-parii/Documents/ContinualPretrainRo/continual_pretrain/eval_results/outputs_milestone_meta-llama_Llama-3.2-1B_r16_merged_checkpoint-457/2026-01-01_20-39-05/wikitext.json
[2026-01-01 20:47:28,155][__name__][INFO] - 📁 Combined results saved to: /home/dan-parii/Documents/ContinualPretrainRo/continual_pretrain/eval_results/outputs_milestone_meta-llama_Llama-3.2-1B_r16_merged_checkpoint-457/2026-01-01_20-39-05/eval_results.json
[2026-01-01 20:47:28,156][__name__][INFO] - 📊 Summary:
[2026-01-01 20:47:28,156][__name__][INFO] -   - _ro_winogrande: {'acc,none': 0.532, 'acc_stderr,none': 0.015786868759359002}
[2026-01-01 20:47:28,156][__name__][INFO] -   - _ro_belebele: {'acc_norm,none': 0.2722222222222222, 'acc_norm_stderr,none': 0.014845038794434004}
[2026-01-01 20:47:28,156][__name__][INFO] -   - ro_wiki: {'word_perplexity,none': 63.48893356485856, 'byte_perplexity,none': 1.845630668319275, 'bits_per_byte,none': 0.8841138821853998}
[2026-01-01 20:47:28,156][__name__][INFO] -   - _ro_arc_challenge: {'acc_norm,none': 0.282, 'acc_norm_stderr,none': 0.014236526215291378}
[2026-01-01 20:47:28,157][__name__][INFO] -   - arc_challenge: {'acc,none': 0.331, 'acc_stderr,none': 0.014888272588203801, 'acc_norm,none': 0.337, 'acc_norm_stderr,none': 0.014955087918653461}
[2026-01-01 20:47:28,157][__name__][INFO] -   - winogrande: {'acc,none': 0.592, 'acc_stderr,none': 0.015549205052920803}
[2026-01-01 20:47:28,157][__name__][INFO] -   - wikitext: {'word_perplexity,none': 13.028080008947322, 'byte_perplexity,none': 1.618949497277312, 'bits_per_byte,none': 0.6950579818331988}
[2026-01-01 20:47:29,255][__name__][INFO] - 📊 W&B run finished
[2026-01-01 21:10:33,767][__name__][INFO] - Starting Romanian evaluation run
[2026-01-01 21:10:33,965][__name__][INFO] - 🚀 CUDA is available. Using GPU: NVIDIA GeForce RTX 3090
[2026-01-01 21:10:33,978][__name__][INFO] - 📁 Results will be saved in: /home/dan-parii/Documents/ContinualPretrainRo/continual_pretrain/eval_results/outputs_milestone_meta-llama_Llama-3.2-1B_r16_merged_checkpoint-534/2026-01-01_21-10-33
[2026-01-01 21:10:35,874][__name__][INFO] - 📊 W&B logging enabled with GPU monitoring
[2026-01-01 21:10:35,875][__name__][INFO] - 🚀 Running evaluation for _ro_winogrande | fewshot=5 | limit=1000
[2026-01-01 21:10:35,875][__name__][INFO] - Running outputs/milestone_meta-llama_Llama-3.2-1B_r16/merged/checkpoint-534 with apply_chat_template True
[2026-01-01 21:10:35,875][__name__][INFO] - 📝 Using fewshot_as_multiturn=True and custom system instruction
[2026-01-01 21:10:35,880][lm-eval][INFO] - Setting random seed to 23 | Setting numpy seed to 23 | Setting torch manual seed to 23
[2026-01-01 21:10:35,880][lm-eval][INFO] - Initializing hf model, with arguments: {'pretrained': 'outputs/milestone_meta-llama_Llama-3.2-1B_r16/merged/checkpoint-534', 'tokenizer': 'outputs/milestone_meta-llama_Llama-3.2-1B_r16/merged/checkpoint-534', 'max_length': 4096, 'eval_max_length': 16384, 'truncation': True, 'dtype': 'bfloat16'}
[2026-01-01 21:10:35,937][lm-eval][INFO] - Using device 'cuda'
[2026-01-01 21:10:36,834][lm-eval][INFO] - `group` and `group_alias` keys in tasks' configs will no longer be used in the next release of lm-eval. `tag` will be used to allow to call a collection of tasks just like `group`. `group` will be removed in order to not cause confusion with the new ConfigurableGroup which will be the offical way to create groups with addition of group-wide configuations.
[2026-01-01 21:10:50,874][datasets.load][WARNING] - Using the latest cached version of the dataset since OpenLLM-Ro/ro_winogrande couldn't be found on the Hugging Face Hub
[2026-01-01 21:10:50,875][datasets.packaged_modules.cache.cache][WARNING] - Found the latest cached dataset configuration 'default' at /home/dan-parii/.cache/huggingface/datasets/OpenLLM-Ro___ro_winogrande/default/0.0.0/70ea2e1fdb86366e5d14835f1c6f5b7d3f880d00 (last modified on Sun Dec 21 19:01:51 2025).
[2026-01-01 21:10:51,090][lm-eval][WARNING] - Overwriting default num_fewshot of _ro_winogrande from None to 5
[2026-01-01 21:10:51,091][lm-eval][INFO] - Setting fewshot random generator seed to 23
[2026-01-01 21:10:51,092][lm-eval][INFO] - Building contexts for _ro_winogrande on rank 0...
[2026-01-01 21:10:51,226][lm-eval][INFO] - Running loglikelihood requests
[2026-01-01 21:11:21,881][lm-eval][WARNING] - Failed to get model SHA for outputs/milestone_meta-llama_Llama-3.2-1B_r16/merged/checkpoint-534 at revision main. Error: Repo id must be in the form 'repo_name' or 'namespace/repo_name': 'outputs/milestone_meta-llama_Llama-3.2-1B_r16/merged/checkpoint-534'. Use `repo_type` argument if needed.
[2026-01-01 21:11:22,996][__name__][INFO] - ✅ Finished _ro_winogrande
[2026-01-01 21:11:23,107][__name__][INFO] - 💾 Saved partial results: /home/dan-parii/Documents/ContinualPretrainRo/continual_pretrain/eval_results/outputs_milestone_meta-llama_Llama-3.2-1B_r16_merged_checkpoint-534/2026-01-01_21-10-33/_ro_winogrande.json
[2026-01-01 21:11:23,108][__name__][INFO] - 🚀 Running evaluation for _ro_belebele | fewshot=0 | limit=1000
[2026-01-01 21:11:23,108][__name__][INFO] - Running outputs/milestone_meta-llama_Llama-3.2-1B_r16/merged/checkpoint-534 with apply_chat_template True
[2026-01-01 21:11:23,108][__name__][INFO] - 📝 Using fewshot_as_multiturn=True and custom system instruction
[2026-01-01 21:11:23,110][lm-eval][INFO] - Setting random seed to 23 | Setting numpy seed to 23 | Setting torch manual seed to 23
[2026-01-01 21:11:23,110][lm-eval][INFO] - Initializing hf model, with arguments: {'pretrained': 'outputs/milestone_meta-llama_Llama-3.2-1B_r16/merged/checkpoint-534', 'tokenizer': 'outputs/milestone_meta-llama_Llama-3.2-1B_r16/merged/checkpoint-534', 'max_length': 4096, 'eval_max_length': 16384, 'truncation': True, 'dtype': 'bfloat16'}
[2026-01-01 21:11:23,112][lm-eval][INFO] - Using device 'cuda'
[2026-01-01 21:11:23,865][lm-eval][INFO] - `group` and `group_alias` keys in tasks' configs will no longer be used in the next release of lm-eval. `tag` will be used to allow to call a collection of tasks just like `group`. `group` will be removed in order to not cause confusion with the new ConfigurableGroup which will be the offical way to create groups with addition of group-wide configuations.
[2026-01-01 21:11:29,571][lm-eval][WARNING] - Overwriting default num_fewshot of _ro_belebele from None to 0
[2026-01-01 21:11:29,571][lm-eval][INFO] - Setting fewshot random generator seed to 23
[2026-01-01 21:11:29,572][lm-eval][INFO] - Building contexts for _ro_belebele on rank 0...
[2026-01-01 21:11:30,317][lm-eval][INFO] - Running loglikelihood requests
[2026-01-01 21:12:25,034][lm-eval][WARNING] - Failed to get model SHA for outputs/milestone_meta-llama_Llama-3.2-1B_r16/merged/checkpoint-534 at revision main. Error: Repo id must be in the form 'repo_name' or 'namespace/repo_name': 'outputs/milestone_meta-llama_Llama-3.2-1B_r16/merged/checkpoint-534'. Use `repo_type` argument if needed.
[2026-01-01 21:12:26,165][__name__][INFO] - ✅ Finished _ro_belebele
[2026-01-01 21:12:26,271][__name__][INFO] - 💾 Saved partial results: /home/dan-parii/Documents/ContinualPretrainRo/continual_pretrain/eval_results/outputs_milestone_meta-llama_Llama-3.2-1B_r16_merged_checkpoint-534/2026-01-01_21-10-33/_ro_belebele.json
[2026-01-01 21:12:26,271][__name__][INFO] - 🚀 Running evaluation for ro_wiki | fewshot=0 | limit=1000
[2026-01-01 21:12:26,272][__name__][INFO] - Running outputs/milestone_meta-llama_Llama-3.2-1B_r16/merged/checkpoint-534 with apply_chat_template True
[2026-01-01 21:12:26,273][lm-eval][INFO] - Setting random seed to 23 | Setting numpy seed to 23 | Setting torch manual seed to 23
[2026-01-01 21:12:26,273][lm-eval][INFO] - Initializing hf model, with arguments: {'pretrained': 'outputs/milestone_meta-llama_Llama-3.2-1B_r16/merged/checkpoint-534', 'tokenizer': 'outputs/milestone_meta-llama_Llama-3.2-1B_r16/merged/checkpoint-534', 'max_length': 4096, 'eval_max_length': 16384, 'truncation': True, 'dtype': 'bfloat16'}
[2026-01-01 21:12:26,274][lm-eval][INFO] - Using device 'cuda'
[2026-01-01 21:12:27,005][lm-eval][INFO] - `group` and `group_alias` keys in tasks' configs will no longer be used in the next release of lm-eval. `tag` will be used to allow to call a collection of tasks just like `group`. `group` will be removed in order to not cause confusion with the new ConfigurableGroup which will be the offical way to create groups with addition of group-wide configuations.
[2026-01-01 21:12:29,913][lm-eval][WARNING] - [Task: ro_wiki] metric word_perplexity is defined, but aggregation is not. using default aggregation=weighted_perplexity
[2026-01-01 21:12:29,914][lm-eval][WARNING] - [Task: ro_wiki] metric word_perplexity is defined, but higher_is_better is not. using default higher_is_better=False
[2026-01-01 21:12:29,914][lm-eval][WARNING] - [Task: ro_wiki] metric byte_perplexity is defined, but aggregation is not. using default aggregation=weighted_perplexity
[2026-01-01 21:12:29,914][lm-eval][WARNING] - [Task: ro_wiki] metric byte_perplexity is defined, but higher_is_better is not. using default higher_is_better=False
[2026-01-01 21:12:29,914][lm-eval][WARNING] - [Task: ro_wiki] metric bits_per_byte is defined, but aggregation is not. using default aggregation=bits_per_byte
[2026-01-01 21:12:29,914][lm-eval][WARNING] - [Task: ro_wiki] metric bits_per_byte is defined, but higher_is_better is not. using default higher_is_better=False
[2026-01-01 21:12:32,049][lm-eval][WARNING] - Overwriting default num_fewshot of ro_wiki from None to 0
[2026-01-01 21:12:32,049][lm-eval][INFO] - Setting fewshot random generator seed to 23
[2026-01-01 21:12:32,050][lm-eval][INFO] - Building contexts for ro_wiki on rank 0...
[2026-01-01 21:12:32,232][lm-eval][INFO] - Running loglikelihood_rolling requests
[2026-01-01 21:13:11,650][lm-eval][WARNING] - Failed to get model SHA for outputs/milestone_meta-llama_Llama-3.2-1B_r16/merged/checkpoint-534 at revision main. Error: Repo id must be in the form 'repo_name' or 'namespace/repo_name': 'outputs/milestone_meta-llama_Llama-3.2-1B_r16/merged/checkpoint-534'. Use `repo_type` argument if needed.
[2026-01-01 21:13:12,757][__name__][INFO] - ✅ Finished ro_wiki
[2026-01-01 21:13:12,891][__name__][INFO] - 💾 Saved partial results: /home/dan-parii/Documents/ContinualPretrainRo/continual_pretrain/eval_results/outputs_milestone_meta-llama_Llama-3.2-1B_r16_merged_checkpoint-534/2026-01-01_21-10-33/ro_wiki.json
[2026-01-01 21:13:12,892][__name__][INFO] - 🚀 Running evaluation for _ro_arc_challenge | fewshot=5 | limit=1000
[2026-01-01 21:13:12,892][__name__][INFO] - Running outputs/milestone_meta-llama_Llama-3.2-1B_r16/merged/checkpoint-534 with apply_chat_template True
[2026-01-01 21:13:12,892][__name__][INFO] - 📝 Using fewshot_as_multiturn=True and custom system instruction
[2026-01-01 21:13:12,893][lm-eval][INFO] - Setting random seed to 23 | Setting numpy seed to 23 | Setting torch manual seed to 23
[2026-01-01 21:13:12,894][lm-eval][INFO] - Initializing hf model, with arguments: {'pretrained': 'outputs/milestone_meta-llama_Llama-3.2-1B_r16/merged/checkpoint-534', 'tokenizer': 'outputs/milestone_meta-llama_Llama-3.2-1B_r16/merged/checkpoint-534', 'max_length': 4096, 'eval_max_length': 16384, 'truncation': True, 'dtype': 'bfloat16'}
[2026-01-01 21:13:12,895][lm-eval][INFO] - Using device 'cuda'
[2026-01-01 21:13:13,627][lm-eval][INFO] - `group` and `group_alias` keys in tasks' configs will no longer be used in the next release of lm-eval. `tag` will be used to allow to call a collection of tasks just like `group`. `group` will be removed in order to not cause confusion with the new ConfigurableGroup which will be the offical way to create groups with addition of group-wide configuations.
[2026-01-01 21:13:19,149][lm-eval][WARNING] - Overwriting default num_fewshot of _ro_arc_challenge from None to 5
[2026-01-01 21:13:19,149][lm-eval][INFO] - Setting fewshot random generator seed to 23
[2026-01-01 21:13:19,151][lm-eval][INFO] - Building contexts for _ro_arc_challenge on rank 0...
[2026-01-01 21:13:20,889][lm-eval][INFO] - Running loglikelihood requests
[2026-01-01 21:14:53,493][lm-eval][WARNING] - Failed to get model SHA for outputs/milestone_meta-llama_Llama-3.2-1B_r16/merged/checkpoint-534 at revision main. Error: Repo id must be in the form 'repo_name' or 'namespace/repo_name': 'outputs/milestone_meta-llama_Llama-3.2-1B_r16/merged/checkpoint-534'. Use `repo_type` argument if needed.
[2026-01-01 21:14:54,696][__name__][INFO] - ✅ Finished _ro_arc_challenge
[2026-01-01 21:14:54,903][__name__][INFO] - 💾 Saved partial results: /home/dan-parii/Documents/ContinualPretrainRo/continual_pretrain/eval_results/outputs_milestone_meta-llama_Llama-3.2-1B_r16_merged_checkpoint-534/2026-01-01_21-10-33/_ro_arc_challenge.json
[2026-01-01 21:14:54,903][__name__][INFO] - 🚀 Running evaluation for arc_challenge | fewshot=5 | limit=1000
[2026-01-01 21:14:54,904][__name__][INFO] - Running outputs/milestone_meta-llama_Llama-3.2-1B_r16/merged/checkpoint-534 with apply_chat_template True
[2026-01-01 21:14:54,904][__name__][INFO] - 📝 Using fewshot_as_multiturn=True and custom system instruction
[2026-01-01 21:14:54,905][lm-eval][INFO] - Setting random seed to 23 | Setting numpy seed to 23 | Setting torch manual seed to 23
[2026-01-01 21:14:54,905][lm-eval][INFO] - Initializing hf model, with arguments: {'pretrained': 'outputs/milestone_meta-llama_Llama-3.2-1B_r16/merged/checkpoint-534', 'tokenizer': 'outputs/milestone_meta-llama_Llama-3.2-1B_r16/merged/checkpoint-534', 'max_length': 4096, 'eval_max_length': 16384, 'truncation': True, 'dtype': 'bfloat16'}
[2026-01-01 21:14:54,906][lm-eval][INFO] - Using device 'cuda'
[2026-01-01 21:14:55,628][lm-eval][INFO] - `group` and `group_alias` keys in tasks' configs will no longer be used in the next release of lm-eval. `tag` will be used to allow to call a collection of tasks just like `group`. `group` will be removed in order to not cause confusion with the new ConfigurableGroup which will be the offical way to create groups with addition of group-wide configuations.
[2026-01-01 21:15:12,220][lm-eval][WARNING] - Overwriting default num_fewshot of arc_challenge from None to 5
[2026-01-01 21:15:12,220][lm-eval][INFO] - Setting fewshot random generator seed to 23
[2026-01-01 21:15:12,221][lm-eval][INFO] - Building contexts for arc_challenge on rank 0...
[2026-01-01 21:15:17,634][lm-eval][INFO] - Running loglikelihood requests
[2026-01-01 21:16:17,345][lm-eval][WARNING] - Failed to get model SHA for outputs/milestone_meta-llama_Llama-3.2-1B_r16/merged/checkpoint-534 at revision main. Error: Repo id must be in the form 'repo_name' or 'namespace/repo_name': 'outputs/milestone_meta-llama_Llama-3.2-1B_r16/merged/checkpoint-534'. Use `repo_type` argument if needed.
[2026-01-01 21:16:18,461][__name__][INFO] - ✅ Finished arc_challenge
[2026-01-01 21:16:18,661][__name__][INFO] - 💾 Saved partial results: /home/dan-parii/Documents/ContinualPretrainRo/continual_pretrain/eval_results/outputs_milestone_meta-llama_Llama-3.2-1B_r16_merged_checkpoint-534/2026-01-01_21-10-33/arc_challenge.json
[2026-01-01 21:16:18,661][__name__][INFO] - 🚀 Running evaluation for winogrande | fewshot=5 | limit=1000
[2026-01-01 21:16:18,661][__name__][INFO] - Running outputs/milestone_meta-llama_Llama-3.2-1B_r16/merged/checkpoint-534 with apply_chat_template True
[2026-01-01 21:16:18,662][__name__][INFO] - 📝 Using fewshot_as_multiturn=True and custom system instruction
[2026-01-01 21:16:18,663][lm-eval][INFO] - Setting random seed to 23 | Setting numpy seed to 23 | Setting torch manual seed to 23
[2026-01-01 21:16:18,663][lm-eval][INFO] - Initializing hf model, with arguments: {'pretrained': 'outputs/milestone_meta-llama_Llama-3.2-1B_r16/merged/checkpoint-534', 'tokenizer': 'outputs/milestone_meta-llama_Llama-3.2-1B_r16/merged/checkpoint-534', 'max_length': 4096, 'eval_max_length': 16384, 'truncation': True, 'dtype': 'bfloat16'}
[2026-01-01 21:16:18,665][lm-eval][INFO] - Using device 'cuda'
[2026-01-01 21:16:19,453][lm-eval][INFO] - `group` and `group_alias` keys in tasks' configs will no longer be used in the next release of lm-eval. `tag` will be used to allow to call a collection of tasks just like `group`. `group` will be removed in order to not cause confusion with the new ConfigurableGroup which will be the offical way to create groups with addition of group-wide configuations.
[2026-01-01 21:16:22,400][datasets.load][ERROR] - `trust_remote_code` is not supported anymore.
Please check that the Hugging Face dataset 'winogrande' isn't based on a loading script and remove `trust_remote_code`.
If the dataset is based on a loading script, please ask the dataset author to remove it and convert it to a standard format like Parquet.
[2026-01-01 21:16:28,561][lm-eval][WARNING] - Overwriting default num_fewshot of winogrande from None to 5
[2026-01-01 21:16:28,561][lm-eval][INFO] - Setting fewshot random generator seed to 23
[2026-01-01 21:16:28,565][lm-eval][INFO] - Building contexts for winogrande on rank 0...
[2026-01-01 21:16:28,673][lm-eval][INFO] - Running loglikelihood requests
[2026-01-01 21:16:49,774][lm-eval][WARNING] - Failed to get model SHA for outputs/milestone_meta-llama_Llama-3.2-1B_r16/merged/checkpoint-534 at revision main. Error: Repo id must be in the form 'repo_name' or 'namespace/repo_name': 'outputs/milestone_meta-llama_Llama-3.2-1B_r16/merged/checkpoint-534'. Use `repo_type` argument if needed.
[2026-01-01 21:16:50,967][__name__][INFO] - ✅ Finished winogrande
[2026-01-01 21:16:51,074][__name__][INFO] - 💾 Saved partial results: /home/dan-parii/Documents/ContinualPretrainRo/continual_pretrain/eval_results/outputs_milestone_meta-llama_Llama-3.2-1B_r16_merged_checkpoint-534/2026-01-01_21-10-33/winogrande.json
[2026-01-01 21:16:51,075][__name__][INFO] - 🚀 Running evaluation for wikitext | fewshot=5 | limit=1000
[2026-01-01 21:16:51,075][__name__][INFO] - Running outputs/milestone_meta-llama_Llama-3.2-1B_r16/merged/checkpoint-534 with apply_chat_template True
[2026-01-01 21:16:51,076][lm-eval][INFO] - Setting random seed to 23 | Setting numpy seed to 23 | Setting torch manual seed to 23
[2026-01-01 21:16:51,076][lm-eval][INFO] - Initializing hf model, with arguments: {'pretrained': 'outputs/milestone_meta-llama_Llama-3.2-1B_r16/merged/checkpoint-534', 'tokenizer': 'outputs/milestone_meta-llama_Llama-3.2-1B_r16/merged/checkpoint-534', 'max_length': 4096, 'eval_max_length': 16384, 'truncation': True, 'dtype': 'bfloat16'}
[2026-01-01 21:16:51,078][lm-eval][INFO] - Using device 'cuda'
[2026-01-01 21:16:51,859][lm-eval][INFO] - `group` and `group_alias` keys in tasks' configs will no longer be used in the next release of lm-eval. `tag` will be used to allow to call a collection of tasks just like `group`. `group` will be removed in order to not cause confusion with the new ConfigurableGroup which will be the offical way to create groups with addition of group-wide configuations.
[2026-01-01 21:16:54,802][lm-eval][WARNING] - [Task: wikitext] metric word_perplexity is defined, but aggregation is not. using default aggregation=weighted_perplexity
[2026-01-01 21:16:54,802][lm-eval][WARNING] - [Task: wikitext] metric word_perplexity is defined, but higher_is_better is not. using default higher_is_better=False
[2026-01-01 21:16:54,802][lm-eval][WARNING] - [Task: wikitext] metric byte_perplexity is defined, but aggregation is not. using default aggregation=weighted_perplexity
[2026-01-01 21:16:54,803][lm-eval][WARNING] - [Task: wikitext] metric byte_perplexity is defined, but higher_is_better is not. using default higher_is_better=False
[2026-01-01 21:16:54,803][lm-eval][WARNING] - [Task: wikitext] metric bits_per_byte is defined, but aggregation is not. using default aggregation=bits_per_byte
[2026-01-01 21:16:54,803][lm-eval][WARNING] - [Task: wikitext] metric bits_per_byte is defined, but higher_is_better is not. using default higher_is_better=False
[2026-01-01 21:16:54,803][datasets.load][ERROR] - `trust_remote_code` is not supported anymore.
Please check that the Hugging Face dataset 'EleutherAI/wikitext_document_level' isn't based on a loading script and remove `trust_remote_code`.
If the dataset is based on a loading script, please ask the dataset author to remove it and convert it to a standard format like Parquet.
[2026-01-01 21:16:56,886][lm-eval][WARNING] - Overwriting default num_fewshot of wikitext from None to 5
[2026-01-01 21:16:56,886][lm-eval][INFO] - Setting fewshot random generator seed to 23
[2026-01-01 21:16:56,887][lm-eval][INFO] - Building contexts for wikitext on rank 0...
[2026-01-01 21:16:59,851][lm-eval][INFO] - Running loglikelihood_rolling requests
[2026-01-01 21:19:23,208][lm-eval][WARNING] - Failed to get model SHA for outputs/milestone_meta-llama_Llama-3.2-1B_r16/merged/checkpoint-534 at revision main. Error: Repo id must be in the form 'repo_name' or 'namespace/repo_name': 'outputs/milestone_meta-llama_Llama-3.2-1B_r16/merged/checkpoint-534'. Use `repo_type` argument if needed.
[2026-01-01 21:19:24,377][__name__][INFO] - ✅ Finished wikitext
[2026-01-01 21:19:24,830][__name__][INFO] - 💾 Saved partial results: /home/dan-parii/Documents/ContinualPretrainRo/continual_pretrain/eval_results/outputs_milestone_meta-llama_Llama-3.2-1B_r16_merged_checkpoint-534/2026-01-01_21-10-33/wikitext.json
[2026-01-01 21:19:25,735][__name__][INFO] - 📁 Combined results saved to: /home/dan-parii/Documents/ContinualPretrainRo/continual_pretrain/eval_results/outputs_milestone_meta-llama_Llama-3.2-1B_r16_merged_checkpoint-534/2026-01-01_21-10-33/eval_results.json
[2026-01-01 21:19:25,735][__name__][INFO] - 📊 Summary:
[2026-01-01 21:19:25,736][__name__][INFO] -   - _ro_winogrande: {'acc,none': 0.528, 'acc_stderr,none': 0.015794475789511517}
[2026-01-01 21:19:25,736][__name__][INFO] -   - _ro_belebele: {'acc_norm,none': 0.2722222222222222, 'acc_norm_stderr,none': 0.014845038794434004}
[2026-01-01 21:19:25,736][__name__][INFO] -   - ro_wiki: {'word_perplexity,none': 63.898751718260726, 'byte_perplexity,none': 1.8473847157214607, 'bits_per_byte,none': 0.8854843371744816}
[2026-01-01 21:19:25,736][__name__][INFO] -   - _ro_arc_challenge: {'acc_norm,none': 0.277, 'acc_norm_stderr,none': 0.014158794845306273}
[2026-01-01 21:19:25,736][__name__][INFO] -   - arc_challenge: {'acc,none': 0.328, 'acc_stderr,none': 0.01485384248727031, 'acc_norm,none': 0.338, 'acc_norm_stderr,none': 0.014965960710224385}
[2026-01-01 21:19:25,736][__name__][INFO] -   - winogrande: {'acc,none': 0.596, 'acc_stderr,none': 0.015524980677122437}
[2026-01-01 21:19:25,736][__name__][INFO] -   - wikitext: {'word_perplexity,none': 13.054588859901479, 'byte_perplexity,none': 1.6195672116154176, 'bits_per_byte,none': 0.6956083408420817}
[2026-01-01 21:19:26,831][__name__][INFO] - 📊 W&B run finished
[2026-01-01 21:41:54,304][__name__][INFO] - Starting Romanian evaluation run
[2026-01-01 21:41:54,457][__name__][INFO] - 🚀 CUDA is available. Using GPU: NVIDIA GeForce RTX 3090
[2026-01-01 21:41:54,466][__name__][INFO] - 📁 Results will be saved in: /home/dan-parii/Documents/ContinualPretrainRo/continual_pretrain/eval_results/outputs_milestone_meta-llama_Llama-3.2-1B_r16_merged_checkpoint-610/2026-01-01_21-41-54
[2026-01-01 21:41:56,217][__name__][INFO] - 📊 W&B logging enabled with GPU monitoring
[2026-01-01 21:41:56,217][__name__][INFO] - 🚀 Running evaluation for _ro_winogrande | fewshot=5 | limit=1000
[2026-01-01 21:41:56,217][__name__][INFO] - Running outputs/milestone_meta-llama_Llama-3.2-1B_r16/merged/checkpoint-610 with apply_chat_template True
[2026-01-01 21:41:56,217][__name__][INFO] - 📝 Using fewshot_as_multiturn=True and custom system instruction
[2026-01-01 21:41:56,223][lm-eval][INFO] - Setting random seed to 23 | Setting numpy seed to 23 | Setting torch manual seed to 23
[2026-01-01 21:41:56,223][lm-eval][INFO] - Initializing hf model, with arguments: {'pretrained': 'outputs/milestone_meta-llama_Llama-3.2-1B_r16/merged/checkpoint-610', 'tokenizer': 'outputs/milestone_meta-llama_Llama-3.2-1B_r16/merged/checkpoint-610', 'max_length': 4096, 'eval_max_length': 16384, 'truncation': True, 'dtype': 'bfloat16'}
[2026-01-01 21:41:56,275][lm-eval][INFO] - Using device 'cuda'
[2026-01-01 21:41:57,096][lm-eval][INFO] - `group` and `group_alias` keys in tasks' configs will no longer be used in the next release of lm-eval. `tag` will be used to allow to call a collection of tasks just like `group`. `group` will be removed in order to not cause confusion with the new ConfigurableGroup which will be the offical way to create groups with addition of group-wide configuations.
[2026-01-01 21:42:03,485][lm-eval][WARNING] - Overwriting default num_fewshot of _ro_winogrande from None to 5
[2026-01-01 21:42:03,486][lm-eval][INFO] - Setting fewshot random generator seed to 23
[2026-01-01 21:42:03,490][lm-eval][INFO] - Building contexts for _ro_winogrande on rank 0...
[2026-01-01 21:42:03,636][lm-eval][INFO] - Running loglikelihood requests
[2026-01-01 21:42:33,621][lm-eval][WARNING] - Failed to get model SHA for outputs/milestone_meta-llama_Llama-3.2-1B_r16/merged/checkpoint-610 at revision main. Error: Repo id must be in the form 'repo_name' or 'namespace/repo_name': 'outputs/milestone_meta-llama_Llama-3.2-1B_r16/merged/checkpoint-610'. Use `repo_type` argument if needed.
[2026-01-01 21:42:34,665][__name__][INFO] - ✅ Finished _ro_winogrande
[2026-01-01 21:42:34,776][__name__][INFO] - 💾 Saved partial results: /home/dan-parii/Documents/ContinualPretrainRo/continual_pretrain/eval_results/outputs_milestone_meta-llama_Llama-3.2-1B_r16_merged_checkpoint-610/2026-01-01_21-41-54/_ro_winogrande.json
[2026-01-01 21:42:34,777][__name__][INFO] - 🚀 Running evaluation for _ro_belebele | fewshot=0 | limit=1000
[2026-01-01 21:42:34,777][__name__][INFO] - Running outputs/milestone_meta-llama_Llama-3.2-1B_r16/merged/checkpoint-610 with apply_chat_template True
[2026-01-01 21:42:34,777][__name__][INFO] - 📝 Using fewshot_as_multiturn=True and custom system instruction
[2026-01-01 21:42:34,778][lm-eval][INFO] - Setting random seed to 23 | Setting numpy seed to 23 | Setting torch manual seed to 23
[2026-01-01 21:42:34,779][lm-eval][INFO] - Initializing hf model, with arguments: {'pretrained': 'outputs/milestone_meta-llama_Llama-3.2-1B_r16/merged/checkpoint-610', 'tokenizer': 'outputs/milestone_meta-llama_Llama-3.2-1B_r16/merged/checkpoint-610', 'max_length': 4096, 'eval_max_length': 16384, 'truncation': True, 'dtype': 'bfloat16'}
[2026-01-01 21:42:34,780][lm-eval][INFO] - Using device 'cuda'
[2026-01-01 21:42:35,459][lm-eval][INFO] - `group` and `group_alias` keys in tasks' configs will no longer be used in the next release of lm-eval. `tag` will be used to allow to call a collection of tasks just like `group`. `group` will be removed in order to not cause confusion with the new ConfigurableGroup which will be the offical way to create groups with addition of group-wide configuations.
[2026-01-01 21:42:42,231][lm-eval][WARNING] - Overwriting default num_fewshot of _ro_belebele from None to 0
[2026-01-01 21:42:42,231][lm-eval][INFO] - Setting fewshot random generator seed to 23
[2026-01-01 21:42:42,232][lm-eval][INFO] - Building contexts for _ro_belebele on rank 0...
[2026-01-01 21:42:42,964][lm-eval][INFO] - Running loglikelihood requests
[2026-01-01 21:43:35,912][lm-eval][WARNING] - Failed to get model SHA for outputs/milestone_meta-llama_Llama-3.2-1B_r16/merged/checkpoint-610 at revision main. Error: Repo id must be in the form 'repo_name' or 'namespace/repo_name': 'outputs/milestone_meta-llama_Llama-3.2-1B_r16/merged/checkpoint-610'. Use `repo_type` argument if needed.
[2026-01-01 21:43:36,988][__name__][INFO] - ✅ Finished _ro_belebele
[2026-01-01 21:43:37,099][__name__][INFO] - 💾 Saved partial results: /home/dan-parii/Documents/ContinualPretrainRo/continual_pretrain/eval_results/outputs_milestone_meta-llama_Llama-3.2-1B_r16_merged_checkpoint-610/2026-01-01_21-41-54/_ro_belebele.json
[2026-01-01 21:43:37,099][__name__][INFO] - 🚀 Running evaluation for ro_wiki | fewshot=0 | limit=1000
[2026-01-01 21:43:37,100][__name__][INFO] - Running outputs/milestone_meta-llama_Llama-3.2-1B_r16/merged/checkpoint-610 with apply_chat_template True
[2026-01-01 21:43:37,101][lm-eval][INFO] - Setting random seed to 23 | Setting numpy seed to 23 | Setting torch manual seed to 23
[2026-01-01 21:43:37,101][lm-eval][INFO] - Initializing hf model, with arguments: {'pretrained': 'outputs/milestone_meta-llama_Llama-3.2-1B_r16/merged/checkpoint-610', 'tokenizer': 'outputs/milestone_meta-llama_Llama-3.2-1B_r16/merged/checkpoint-610', 'max_length': 4096, 'eval_max_length': 16384, 'truncation': True, 'dtype': 'bfloat16'}
[2026-01-01 21:43:37,102][lm-eval][INFO] - Using device 'cuda'
[2026-01-01 21:43:37,755][lm-eval][INFO] - `group` and `group_alias` keys in tasks' configs will no longer be used in the next release of lm-eval. `tag` will be used to allow to call a collection of tasks just like `group`. `group` will be removed in order to not cause confusion with the new ConfigurableGroup which will be the offical way to create groups with addition of group-wide configuations.
[2026-01-01 21:43:40,678][lm-eval][WARNING] - [Task: ro_wiki] metric word_perplexity is defined, but aggregation is not. using default aggregation=weighted_perplexity
[2026-01-01 21:43:40,679][lm-eval][WARNING] - [Task: ro_wiki] metric word_perplexity is defined, but higher_is_better is not. using default higher_is_better=False
[2026-01-01 21:43:40,679][lm-eval][WARNING] - [Task: ro_wiki] metric byte_perplexity is defined, but aggregation is not. using default aggregation=weighted_perplexity
[2026-01-01 21:43:40,679][lm-eval][WARNING] - [Task: ro_wiki] metric byte_perplexity is defined, but higher_is_better is not. using default higher_is_better=False
[2026-01-01 21:43:40,679][lm-eval][WARNING] - [Task: ro_wiki] metric bits_per_byte is defined, but aggregation is not. using default aggregation=bits_per_byte
[2026-01-01 21:43:40,680][lm-eval][WARNING] - [Task: ro_wiki] metric bits_per_byte is defined, but higher_is_better is not. using default higher_is_better=False
[2026-01-01 21:43:43,541][lm-eval][WARNING] - Overwriting default num_fewshot of ro_wiki from None to 0
[2026-01-01 21:43:43,541][lm-eval][INFO] - Setting fewshot random generator seed to 23
[2026-01-01 21:43:43,542][lm-eval][INFO] - Building contexts for ro_wiki on rank 0...
[2026-01-01 21:43:43,726][lm-eval][INFO] - Running loglikelihood_rolling requests
[2026-01-01 21:44:22,229][lm-eval][WARNING] - Failed to get model SHA for outputs/milestone_meta-llama_Llama-3.2-1B_r16/merged/checkpoint-610 at revision main. Error: Repo id must be in the form 'repo_name' or 'namespace/repo_name': 'outputs/milestone_meta-llama_Llama-3.2-1B_r16/merged/checkpoint-610'. Use `repo_type` argument if needed.
[2026-01-01 21:44:23,374][__name__][INFO] - ✅ Finished ro_wiki
[2026-01-01 21:44:23,501][__name__][INFO] - 💾 Saved partial results: /home/dan-parii/Documents/ContinualPretrainRo/continual_pretrain/eval_results/outputs_milestone_meta-llama_Llama-3.2-1B_r16_merged_checkpoint-610/2026-01-01_21-41-54/ro_wiki.json
[2026-01-01 21:44:23,501][__name__][INFO] - 🚀 Running evaluation for _ro_arc_challenge | fewshot=5 | limit=1000
[2026-01-01 21:44:23,502][__name__][INFO] - Running outputs/milestone_meta-llama_Llama-3.2-1B_r16/merged/checkpoint-610 with apply_chat_template True
[2026-01-01 21:44:23,502][__name__][INFO] - 📝 Using fewshot_as_multiturn=True and custom system instruction
[2026-01-01 21:44:23,503][lm-eval][INFO] - Setting random seed to 23 | Setting numpy seed to 23 | Setting torch manual seed to 23
[2026-01-01 21:44:23,503][lm-eval][INFO] - Initializing hf model, with arguments: {'pretrained': 'outputs/milestone_meta-llama_Llama-3.2-1B_r16/merged/checkpoint-610', 'tokenizer': 'outputs/milestone_meta-llama_Llama-3.2-1B_r16/merged/checkpoint-610', 'max_length': 4096, 'eval_max_length': 16384, 'truncation': True, 'dtype': 'bfloat16'}
[2026-01-01 21:44:23,504][lm-eval][INFO] - Using device 'cuda'
[2026-01-01 21:44:24,159][lm-eval][INFO] - `group` and `group_alias` keys in tasks' configs will no longer be used in the next release of lm-eval. `tag` will be used to allow to call a collection of tasks just like `group`. `group` will be removed in order to not cause confusion with the new ConfigurableGroup which will be the offical way to create groups with addition of group-wide configuations.
[2026-01-01 21:44:29,735][lm-eval][WARNING] - Overwriting default num_fewshot of _ro_arc_challenge from None to 5
[2026-01-01 21:44:29,735][lm-eval][INFO] - Setting fewshot random generator seed to 23
[2026-01-01 21:44:29,736][lm-eval][INFO] - Building contexts for _ro_arc_challenge on rank 0...
[2026-01-01 21:44:31,479][lm-eval][INFO] - Running loglikelihood requests
[2026-01-01 21:46:01,653][lm-eval][WARNING] - Failed to get model SHA for outputs/milestone_meta-llama_Llama-3.2-1B_r16/merged/checkpoint-610 at revision main. Error: Repo id must be in the form 'repo_name' or 'namespace/repo_name': 'outputs/milestone_meta-llama_Llama-3.2-1B_r16/merged/checkpoint-610'. Use `repo_type` argument if needed.
[2026-01-01 21:46:02,792][__name__][INFO] - ✅ Finished _ro_arc_challenge
[2026-01-01 21:46:02,988][__name__][INFO] - 💾 Saved partial results: /home/dan-parii/Documents/ContinualPretrainRo/continual_pretrain/eval_results/outputs_milestone_meta-llama_Llama-3.2-1B_r16_merged_checkpoint-610/2026-01-01_21-41-54/_ro_arc_challenge.json
[2026-01-01 21:46:02,989][__name__][INFO] - 🚀 Running evaluation for arc_challenge | fewshot=5 | limit=1000
[2026-01-01 21:46:02,989][__name__][INFO] - Running outputs/milestone_meta-llama_Llama-3.2-1B_r16/merged/checkpoint-610 with apply_chat_template True
[2026-01-01 21:46:02,989][__name__][INFO] - 📝 Using fewshot_as_multiturn=True and custom system instruction
[2026-01-01 21:46:02,990][lm-eval][INFO] - Setting random seed to 23 | Setting numpy seed to 23 | Setting torch manual seed to 23
[2026-01-01 21:46:02,991][lm-eval][INFO] - Initializing hf model, with arguments: {'pretrained': 'outputs/milestone_meta-llama_Llama-3.2-1B_r16/merged/checkpoint-610', 'tokenizer': 'outputs/milestone_meta-llama_Llama-3.2-1B_r16/merged/checkpoint-610', 'max_length': 4096, 'eval_max_length': 16384, 'truncation': True, 'dtype': 'bfloat16'}
[2026-01-01 21:46:02,992][lm-eval][INFO] - Using device 'cuda'
[2026-01-01 21:46:03,636][lm-eval][INFO] - `group` and `group_alias` keys in tasks' configs will no longer be used in the next release of lm-eval. `tag` will be used to allow to call a collection of tasks just like `group`. `group` will be removed in order to not cause confusion with the new ConfigurableGroup which will be the offical way to create groups with addition of group-wide configuations.
[2026-01-01 21:46:08,488][lm-eval][WARNING] - Overwriting default num_fewshot of arc_challenge from None to 5
[2026-01-01 21:46:08,489][lm-eval][INFO] - Setting fewshot random generator seed to 23
[2026-01-01 21:46:08,489][lm-eval][INFO] - Building contexts for arc_challenge on rank 0...
[2026-01-01 21:46:13,292][lm-eval][INFO] - Running loglikelihood requests
[2026-01-01 21:47:11,176][lm-eval][WARNING] - Failed to get model SHA for outputs/milestone_meta-llama_Llama-3.2-1B_r16/merged/checkpoint-610 at revision main. Error: Repo id must be in the form 'repo_name' or 'namespace/repo_name': 'outputs/milestone_meta-llama_Llama-3.2-1B_r16/merged/checkpoint-610'. Use `repo_type` argument if needed.
[2026-01-01 21:47:12,246][__name__][INFO] - ✅ Finished arc_challenge
[2026-01-01 21:47:12,441][__name__][INFO] - 💾 Saved partial results: /home/dan-parii/Documents/ContinualPretrainRo/continual_pretrain/eval_results/outputs_milestone_meta-llama_Llama-3.2-1B_r16_merged_checkpoint-610/2026-01-01_21-41-54/arc_challenge.json
[2026-01-01 21:47:12,441][__name__][INFO] - 🚀 Running evaluation for winogrande | fewshot=5 | limit=1000
[2026-01-01 21:47:12,442][__name__][INFO] - Running outputs/milestone_meta-llama_Llama-3.2-1B_r16/merged/checkpoint-610 with apply_chat_template True
[2026-01-01 21:47:12,442][__name__][INFO] - 📝 Using fewshot_as_multiturn=True and custom system instruction
[2026-01-01 21:47:12,443][lm-eval][INFO] - Setting random seed to 23 | Setting numpy seed to 23 | Setting torch manual seed to 23
[2026-01-01 21:47:12,443][lm-eval][INFO] - Initializing hf model, with arguments: {'pretrained': 'outputs/milestone_meta-llama_Llama-3.2-1B_r16/merged/checkpoint-610', 'tokenizer': 'outputs/milestone_meta-llama_Llama-3.2-1B_r16/merged/checkpoint-610', 'max_length': 4096, 'eval_max_length': 16384, 'truncation': True, 'dtype': 'bfloat16'}
[2026-01-01 21:47:12,445][lm-eval][INFO] - Using device 'cuda'
[2026-01-01 21:47:13,114][lm-eval][INFO] - `group` and `group_alias` keys in tasks' configs will no longer be used in the next release of lm-eval. `tag` will be used to allow to call a collection of tasks just like `group`. `group` will be removed in order to not cause confusion with the new ConfigurableGroup which will be the offical way to create groups with addition of group-wide configuations.
[2026-01-01 21:47:16,084][datasets.load][ERROR] - `trust_remote_code` is not supported anymore.
Please check that the Hugging Face dataset 'winogrande' isn't based on a loading script and remove `trust_remote_code`.
If the dataset is based on a loading script, please ask the dataset author to remove it and convert it to a standard format like Parquet.
[2026-01-01 21:47:20,780][lm-eval][WARNING] - Overwriting default num_fewshot of winogrande from None to 5
[2026-01-01 21:47:20,781][lm-eval][INFO] - Setting fewshot random generator seed to 23
[2026-01-01 21:47:20,785][lm-eval][INFO] - Building contexts for winogrande on rank 0...
[2026-01-01 21:47:20,890][lm-eval][INFO] - Running loglikelihood requests
[2026-01-01 21:47:41,589][lm-eval][WARNING] - Failed to get model SHA for outputs/milestone_meta-llama_Llama-3.2-1B_r16/merged/checkpoint-610 at revision main. Error: Repo id must be in the form 'repo_name' or 'namespace/repo_name': 'outputs/milestone_meta-llama_Llama-3.2-1B_r16/merged/checkpoint-610'. Use `repo_type` argument if needed.
[2026-01-01 21:47:42,774][__name__][INFO] - ✅ Finished winogrande
[2026-01-01 21:47:42,874][__name__][INFO] - 💾 Saved partial results: /home/dan-parii/Documents/ContinualPretrainRo/continual_pretrain/eval_results/outputs_milestone_meta-llama_Llama-3.2-1B_r16_merged_checkpoint-610/2026-01-01_21-41-54/winogrande.json
[2026-01-01 21:47:42,875][__name__][INFO] - 🚀 Running evaluation for wikitext | fewshot=5 | limit=1000
[2026-01-01 21:47:42,875][__name__][INFO] - Running outputs/milestone_meta-llama_Llama-3.2-1B_r16/merged/checkpoint-610 with apply_chat_template True
[2026-01-01 21:47:42,876][lm-eval][INFO] - Setting random seed to 23 | Setting numpy seed to 23 | Setting torch manual seed to 23
[2026-01-01 21:47:42,876][lm-eval][INFO] - Initializing hf model, with arguments: {'pretrained': 'outputs/milestone_meta-llama_Llama-3.2-1B_r16/merged/checkpoint-610', 'tokenizer': 'outputs/milestone_meta-llama_Llama-3.2-1B_r16/merged/checkpoint-610', 'max_length': 4096, 'eval_max_length': 16384, 'truncation': True, 'dtype': 'bfloat16'}
[2026-01-01 21:47:42,877][lm-eval][INFO] - Using device 'cuda'
[2026-01-01 21:47:43,540][lm-eval][INFO] - `group` and `group_alias` keys in tasks' configs will no longer be used in the next release of lm-eval. `tag` will be used to allow to call a collection of tasks just like `group`. `group` will be removed in order to not cause confusion with the new ConfigurableGroup which will be the offical way to create groups with addition of group-wide configuations.
[2026-01-01 21:47:46,500][lm-eval][WARNING] - [Task: wikitext] metric word_perplexity is defined, but aggregation is not. using default aggregation=weighted_perplexity
[2026-01-01 21:47:46,501][lm-eval][WARNING] - [Task: wikitext] metric word_perplexity is defined, but higher_is_better is not. using default higher_is_better=False
[2026-01-01 21:47:46,501][lm-eval][WARNING] - [Task: wikitext] metric byte_perplexity is defined, but aggregation is not. using default aggregation=weighted_perplexity
[2026-01-01 21:47:46,501][lm-eval][WARNING] - [Task: wikitext] metric byte_perplexity is defined, but higher_is_better is not. using default higher_is_better=False
[2026-01-01 21:47:46,501][lm-eval][WARNING] - [Task: wikitext] metric bits_per_byte is defined, but aggregation is not. using default aggregation=bits_per_byte
[2026-01-01 21:47:46,501][lm-eval][WARNING] - [Task: wikitext] metric bits_per_byte is defined, but higher_is_better is not. using default higher_is_better=False
[2026-01-01 21:47:46,501][datasets.load][ERROR] - `trust_remote_code` is not supported anymore.
Please check that the Hugging Face dataset 'EleutherAI/wikitext_document_level' isn't based on a loading script and remove `trust_remote_code`.
If the dataset is based on a loading script, please ask the dataset author to remove it and convert it to a standard format like Parquet.
[2026-01-01 21:47:51,041][lm-eval][WARNING] - Overwriting default num_fewshot of wikitext from None to 5
[2026-01-01 21:47:51,042][lm-eval][INFO] - Setting fewshot random generator seed to 23
[2026-01-01 21:47:51,043][lm-eval][INFO] - Building contexts for wikitext on rank 0...
[2026-01-01 21:47:54,052][lm-eval][INFO] - Running loglikelihood_rolling requests
[2026-01-01 21:50:13,931][lm-eval][WARNING] - Failed to get model SHA for outputs/milestone_meta-llama_Llama-3.2-1B_r16/merged/checkpoint-610 at revision main. Error: Repo id must be in the form 'repo_name' or 'namespace/repo_name': 'outputs/milestone_meta-llama_Llama-3.2-1B_r16/merged/checkpoint-610'. Use `repo_type` argument if needed.
[2026-01-01 21:50:15,127][__name__][INFO] - ✅ Finished wikitext
[2026-01-01 21:50:15,575][__name__][INFO] - 💾 Saved partial results: /home/dan-parii/Documents/ContinualPretrainRo/continual_pretrain/eval_results/outputs_milestone_meta-llama_Llama-3.2-1B_r16_merged_checkpoint-610/2026-01-01_21-41-54/wikitext.json
[2026-01-01 21:50:16,490][__name__][INFO] - 📁 Combined results saved to: /home/dan-parii/Documents/ContinualPretrainRo/continual_pretrain/eval_results/outputs_milestone_meta-llama_Llama-3.2-1B_r16_merged_checkpoint-610/2026-01-01_21-41-54/eval_results.json
[2026-01-01 21:50:16,490][__name__][INFO] - 📊 Summary:
[2026-01-01 21:50:16,491][__name__][INFO] -   - _ro_winogrande: {'acc,none': 0.537, 'acc_stderr,none': 0.015775927227262426}
[2026-01-01 21:50:16,491][__name__][INFO] -   - _ro_belebele: {'acc_norm,none': 0.2722222222222222, 'acc_norm_stderr,none': 0.014845038794434004}
[2026-01-01 21:50:16,491][__name__][INFO] -   - ro_wiki: {'word_perplexity,none': 64.20330050819051, 'byte_perplexity,none': 1.8486820036923315, 'bits_per_byte,none': 0.8864970845846982}
[2026-01-01 21:50:16,491][__name__][INFO] -   - _ro_arc_challenge: {'acc_norm,none': 0.286, 'acc_norm_stderr,none': 0.014297146862518002}
[2026-01-01 21:50:16,491][__name__][INFO] -   - arc_challenge: {'acc,none': 0.33, 'acc_stderr,none': 0.014876872027456621, 'acc_norm,none': 0.335, 'acc_norm_stderr,none': 0.014933117490932629}
[2026-01-01 21:50:16,492][__name__][INFO] -   - winogrande: {'acc,none': 0.59, 'acc_stderr,none': 0.015560917136921659}
[2026-01-01 21:50:16,492][__name__][INFO] -   - wikitext: {'word_perplexity,none': 13.08203906899045, 'byte_perplexity,none': 1.620205788740693, 'bits_per_byte,none': 0.696177067147097}
[2026-01-01 21:50:17,650][__name__][INFO] - 📊 W&B run finished
[2026-01-01 22:12:39,190][__name__][INFO] - Starting Romanian evaluation run
[2026-01-01 22:12:39,342][__name__][INFO] - 🚀 CUDA is available. Using GPU: NVIDIA GeForce RTX 3090
[2026-01-01 22:12:39,342][__name__][INFO] - 📁 Results will be saved in: /home/dan-parii/Documents/ContinualPretrainRo/continual_pretrain/eval_results/outputs_milestone_meta-llama_Llama-3.2-1B_r16_merged_checkpoint-686/2026-01-01_22-12-39
[2026-01-01 22:12:40,985][__name__][INFO] - 📊 W&B logging enabled with GPU monitoring
[2026-01-01 22:12:40,985][__name__][INFO] - 🚀 Running evaluation for _ro_winogrande | fewshot=5 | limit=1000
[2026-01-01 22:12:40,986][__name__][INFO] - Running outputs/milestone_meta-llama_Llama-3.2-1B_r16/merged/checkpoint-686 with apply_chat_template True
[2026-01-01 22:12:40,986][__name__][INFO] - 📝 Using fewshot_as_multiturn=True and custom system instruction
[2026-01-01 22:12:40,988][lm-eval][INFO] - Setting random seed to 23 | Setting numpy seed to 23 | Setting torch manual seed to 23
[2026-01-01 22:12:40,988][lm-eval][INFO] - Initializing hf model, with arguments: {'pretrained': 'outputs/milestone_meta-llama_Llama-3.2-1B_r16/merged/checkpoint-686', 'tokenizer': 'outputs/milestone_meta-llama_Llama-3.2-1B_r16/merged/checkpoint-686', 'max_length': 4096, 'eval_max_length': 16384, 'truncation': True, 'dtype': 'bfloat16'}
[2026-01-01 22:12:41,044][lm-eval][INFO] - Using device 'cuda'
[2026-01-01 22:12:41,878][lm-eval][INFO] - `group` and `group_alias` keys in tasks' configs will no longer be used in the next release of lm-eval. `tag` will be used to allow to call a collection of tasks just like `group`. `group` will be removed in order to not cause confusion with the new ConfigurableGroup which will be the offical way to create groups with addition of group-wide configuations.
[2026-01-01 22:12:47,251][lm-eval][WARNING] - Overwriting default num_fewshot of _ro_winogrande from None to 5
[2026-01-01 22:12:47,251][lm-eval][INFO] - Setting fewshot random generator seed to 23
[2026-01-01 22:12:47,252][lm-eval][INFO] - Building contexts for _ro_winogrande on rank 0...
[2026-01-01 22:12:47,383][lm-eval][INFO] - Running loglikelihood requests
[2026-01-01 22:13:17,282][lm-eval][WARNING] - Failed to get model SHA for outputs/milestone_meta-llama_Llama-3.2-1B_r16/merged/checkpoint-686 at revision main. Error: Repo id must be in the form 'repo_name' or 'namespace/repo_name': 'outputs/milestone_meta-llama_Llama-3.2-1B_r16/merged/checkpoint-686'. Use `repo_type` argument if needed.
[2026-01-01 22:13:18,324][__name__][INFO] - ✅ Finished _ro_winogrande
[2026-01-01 22:13:18,425][__name__][INFO] - 💾 Saved partial results: /home/dan-parii/Documents/ContinualPretrainRo/continual_pretrain/eval_results/outputs_milestone_meta-llama_Llama-3.2-1B_r16_merged_checkpoint-686/2026-01-01_22-12-39/_ro_winogrande.json
[2026-01-01 22:13:18,426][__name__][INFO] - 🚀 Running evaluation for _ro_belebele | fewshot=0 | limit=1000
[2026-01-01 22:13:18,426][__name__][INFO] - Running outputs/milestone_meta-llama_Llama-3.2-1B_r16/merged/checkpoint-686 with apply_chat_template True
[2026-01-01 22:13:18,426][__name__][INFO] - 📝 Using fewshot_as_multiturn=True and custom system instruction
[2026-01-01 22:13:18,427][lm-eval][INFO] - Setting random seed to 23 | Setting numpy seed to 23 | Setting torch manual seed to 23
[2026-01-01 22:13:18,427][lm-eval][INFO] - Initializing hf model, with arguments: {'pretrained': 'outputs/milestone_meta-llama_Llama-3.2-1B_r16/merged/checkpoint-686', 'tokenizer': 'outputs/milestone_meta-llama_Llama-3.2-1B_r16/merged/checkpoint-686', 'max_length': 4096, 'eval_max_length': 16384, 'truncation': True, 'dtype': 'bfloat16'}
[2026-01-01 22:13:18,429][lm-eval][INFO] - Using device 'cuda'
[2026-01-01 22:13:19,133][lm-eval][INFO] - `group` and `group_alias` keys in tasks' configs will no longer be used in the next release of lm-eval. `tag` will be used to allow to call a collection of tasks just like `group`. `group` will be removed in order to not cause confusion with the new ConfigurableGroup which will be the offical way to create groups with addition of group-wide configuations.
[2026-01-01 22:13:24,959][lm-eval][WARNING] - Overwriting default num_fewshot of _ro_belebele from None to 0
[2026-01-01 22:13:24,959][lm-eval][INFO] - Setting fewshot random generator seed to 23
[2026-01-01 22:13:24,960][lm-eval][INFO] - Building contexts for _ro_belebele on rank 0...
[2026-01-01 22:13:25,680][lm-eval][INFO] - Running loglikelihood requests
[2026-01-01 22:14:18,633][lm-eval][WARNING] - Failed to get model SHA for outputs/milestone_meta-llama_Llama-3.2-1B_r16/merged/checkpoint-686 at revision main. Error: Repo id must be in the form 'repo_name' or 'namespace/repo_name': 'outputs/milestone_meta-llama_Llama-3.2-1B_r16/merged/checkpoint-686'. Use `repo_type` argument if needed.
[2026-01-01 22:14:19,774][__name__][INFO] - ✅ Finished _ro_belebele
[2026-01-01 22:14:19,873][__name__][INFO] - 💾 Saved partial results: /home/dan-parii/Documents/ContinualPretrainRo/continual_pretrain/eval_results/outputs_milestone_meta-llama_Llama-3.2-1B_r16_merged_checkpoint-686/2026-01-01_22-12-39/_ro_belebele.json
[2026-01-01 22:14:19,874][__name__][INFO] - 🚀 Running evaluation for ro_wiki | fewshot=0 | limit=1000
[2026-01-01 22:14:19,874][__name__][INFO] - Running outputs/milestone_meta-llama_Llama-3.2-1B_r16/merged/checkpoint-686 with apply_chat_template True
[2026-01-01 22:14:19,875][lm-eval][INFO] - Setting random seed to 23 | Setting numpy seed to 23 | Setting torch manual seed to 23
[2026-01-01 22:14:19,875][lm-eval][INFO] - Initializing hf model, with arguments: {'pretrained': 'outputs/milestone_meta-llama_Llama-3.2-1B_r16/merged/checkpoint-686', 'tokenizer': 'outputs/milestone_meta-llama_Llama-3.2-1B_r16/merged/checkpoint-686', 'max_length': 4096, 'eval_max_length': 16384, 'truncation': True, 'dtype': 'bfloat16'}
[2026-01-01 22:14:19,877][lm-eval][INFO] - Using device 'cuda'
[2026-01-01 22:14:20,557][lm-eval][INFO] - `group` and `group_alias` keys in tasks' configs will no longer be used in the next release of lm-eval. `tag` will be used to allow to call a collection of tasks just like `group`. `group` will be removed in order to not cause confusion with the new ConfigurableGroup which will be the offical way to create groups with addition of group-wide configuations.
[2026-01-01 22:14:23,516][lm-eval][WARNING] - [Task: ro_wiki] metric word_perplexity is defined, but aggregation is not. using default aggregation=weighted_perplexity
[2026-01-01 22:14:23,517][lm-eval][WARNING] - [Task: ro_wiki] metric word_perplexity is defined, but higher_is_better is not. using default higher_is_better=False
[2026-01-01 22:14:23,517][lm-eval][WARNING] - [Task: ro_wiki] metric byte_perplexity is defined, but aggregation is not. using default aggregation=weighted_perplexity
[2026-01-01 22:14:23,518][lm-eval][WARNING] - [Task: ro_wiki] metric byte_perplexity is defined, but higher_is_better is not. using default higher_is_better=False
[2026-01-01 22:14:23,518][lm-eval][WARNING] - [Task: ro_wiki] metric bits_per_byte is defined, but aggregation is not. using default aggregation=bits_per_byte
[2026-01-01 22:14:23,518][lm-eval][WARNING] - [Task: ro_wiki] metric bits_per_byte is defined, but higher_is_better is not. using default higher_is_better=False
[2026-01-01 22:14:27,726][lm-eval][WARNING] - Overwriting default num_fewshot of ro_wiki from None to 0
[2026-01-01 22:14:27,726][lm-eval][INFO] - Setting fewshot random generator seed to 23
[2026-01-01 22:14:27,727][lm-eval][INFO] - Building contexts for ro_wiki on rank 0...
[2026-01-01 22:14:27,912][lm-eval][INFO] - Running loglikelihood_rolling requests
[2026-01-01 22:15:06,349][lm-eval][WARNING] - Failed to get model SHA for outputs/milestone_meta-llama_Llama-3.2-1B_r16/merged/checkpoint-686 at revision main. Error: Repo id must be in the form 'repo_name' or 'namespace/repo_name': 'outputs/milestone_meta-llama_Llama-3.2-1B_r16/merged/checkpoint-686'. Use `repo_type` argument if needed.
[2026-01-01 22:15:07,513][__name__][INFO] - ✅ Finished ro_wiki
[2026-01-01 22:15:07,643][__name__][INFO] - 💾 Saved partial results: /home/dan-parii/Documents/ContinualPretrainRo/continual_pretrain/eval_results/outputs_milestone_meta-llama_Llama-3.2-1B_r16_merged_checkpoint-686/2026-01-01_22-12-39/ro_wiki.json
[2026-01-01 22:15:07,643][__name__][INFO] - 🚀 Running evaluation for _ro_arc_challenge | fewshot=5 | limit=1000
[2026-01-01 22:15:07,644][__name__][INFO] - Running outputs/milestone_meta-llama_Llama-3.2-1B_r16/merged/checkpoint-686 with apply_chat_template True
[2026-01-01 22:15:07,644][__name__][INFO] - 📝 Using fewshot_as_multiturn=True and custom system instruction
[2026-01-01 22:15:07,645][lm-eval][INFO] - Setting random seed to 23 | Setting numpy seed to 23 | Setting torch manual seed to 23
[2026-01-01 22:15:07,645][lm-eval][INFO] - Initializing hf model, with arguments: {'pretrained': 'outputs/milestone_meta-llama_Llama-3.2-1B_r16/merged/checkpoint-686', 'tokenizer': 'outputs/milestone_meta-llama_Llama-3.2-1B_r16/merged/checkpoint-686', 'max_length': 4096, 'eval_max_length': 16384, 'truncation': True, 'dtype': 'bfloat16'}
[2026-01-01 22:15:07,647][lm-eval][INFO] - Using device 'cuda'
[2026-01-01 22:15:08,322][lm-eval][INFO] - `group` and `group_alias` keys in tasks' configs will no longer be used in the next release of lm-eval. `tag` will be used to allow to call a collection of tasks just like `group`. `group` will be removed in order to not cause confusion with the new ConfigurableGroup which will be the offical way to create groups with addition of group-wide configuations.
[2026-01-01 22:15:14,016][lm-eval][WARNING] - Overwriting default num_fewshot of _ro_arc_challenge from None to 5
[2026-01-01 22:15:14,016][lm-eval][INFO] - Setting fewshot random generator seed to 23
[2026-01-01 22:15:14,017][lm-eval][INFO] - Building contexts for _ro_arc_challenge on rank 0...
[2026-01-01 22:15:15,803][lm-eval][INFO] - Running loglikelihood requests
[2026-01-01 22:16:45,917][lm-eval][WARNING] - Failed to get model SHA for outputs/milestone_meta-llama_Llama-3.2-1B_r16/merged/checkpoint-686 at revision main. Error: Repo id must be in the form 'repo_name' or 'namespace/repo_name': 'outputs/milestone_meta-llama_Llama-3.2-1B_r16/merged/checkpoint-686'. Use `repo_type` argument if needed.
[2026-01-01 22:16:47,074][__name__][INFO] - ✅ Finished _ro_arc_challenge
[2026-01-01 22:16:47,269][__name__][INFO] - 💾 Saved partial results: /home/dan-parii/Documents/ContinualPretrainRo/continual_pretrain/eval_results/outputs_milestone_meta-llama_Llama-3.2-1B_r16_merged_checkpoint-686/2026-01-01_22-12-39/_ro_arc_challenge.json
[2026-01-01 22:16:47,269][__name__][INFO] - 🚀 Running evaluation for arc_challenge | fewshot=5 | limit=1000
[2026-01-01 22:16:47,270][__name__][INFO] - Running outputs/milestone_meta-llama_Llama-3.2-1B_r16/merged/checkpoint-686 with apply_chat_template True
[2026-01-01 22:16:47,270][__name__][INFO] - 📝 Using fewshot_as_multiturn=True and custom system instruction
[2026-01-01 22:16:47,271][lm-eval][INFO] - Setting random seed to 23 | Setting numpy seed to 23 | Setting torch manual seed to 23
[2026-01-01 22:16:47,271][lm-eval][INFO] - Initializing hf model, with arguments: {'pretrained': 'outputs/milestone_meta-llama_Llama-3.2-1B_r16/merged/checkpoint-686', 'tokenizer': 'outputs/milestone_meta-llama_Llama-3.2-1B_r16/merged/checkpoint-686', 'max_length': 4096, 'eval_max_length': 16384, 'truncation': True, 'dtype': 'bfloat16'}
[2026-01-01 22:16:47,273][lm-eval][INFO] - Using device 'cuda'
[2026-01-01 22:16:47,947][lm-eval][INFO] - `group` and `group_alias` keys in tasks' configs will no longer be used in the next release of lm-eval. `tag` will be used to allow to call a collection of tasks just like `group`. `group` will be removed in order to not cause confusion with the new ConfigurableGroup which will be the offical way to create groups with addition of group-wide configuations.
[2026-01-01 22:16:52,780][lm-eval][WARNING] - Overwriting default num_fewshot of arc_challenge from None to 5
[2026-01-01 22:16:52,780][lm-eval][INFO] - Setting fewshot random generator seed to 23
[2026-01-01 22:16:52,780][lm-eval][INFO] - Building contexts for arc_challenge on rank 0...
[2026-01-01 22:16:57,571][lm-eval][INFO] - Running loglikelihood requests
[2026-01-01 22:17:55,438][lm-eval][WARNING] - Failed to get model SHA for outputs/milestone_meta-llama_Llama-3.2-1B_r16/merged/checkpoint-686 at revision main. Error: Repo id must be in the form 'repo_name' or 'namespace/repo_name': 'outputs/milestone_meta-llama_Llama-3.2-1B_r16/merged/checkpoint-686'. Use `repo_type` argument if needed.
[2026-01-01 22:17:56,556][__name__][INFO] - ✅ Finished arc_challenge
[2026-01-01 22:17:56,751][__name__][INFO] - 💾 Saved partial results: /home/dan-parii/Documents/ContinualPretrainRo/continual_pretrain/eval_results/outputs_milestone_meta-llama_Llama-3.2-1B_r16_merged_checkpoint-686/2026-01-01_22-12-39/arc_challenge.json
[2026-01-01 22:17:56,751][__name__][INFO] - 🚀 Running evaluation for winogrande | fewshot=5 | limit=1000
[2026-01-01 22:17:56,751][__name__][INFO] - Running outputs/milestone_meta-llama_Llama-3.2-1B_r16/merged/checkpoint-686 with apply_chat_template True
[2026-01-01 22:17:56,752][__name__][INFO] - 📝 Using fewshot_as_multiturn=True and custom system instruction
[2026-01-01 22:17:56,753][lm-eval][INFO] - Setting random seed to 23 | Setting numpy seed to 23 | Setting torch manual seed to 23
[2026-01-01 22:17:56,753][lm-eval][INFO] - Initializing hf model, with arguments: {'pretrained': 'outputs/milestone_meta-llama_Llama-3.2-1B_r16/merged/checkpoint-686', 'tokenizer': 'outputs/milestone_meta-llama_Llama-3.2-1B_r16/merged/checkpoint-686', 'max_length': 4096, 'eval_max_length': 16384, 'truncation': True, 'dtype': 'bfloat16'}
[2026-01-01 22:17:56,754][lm-eval][INFO] - Using device 'cuda'
[2026-01-01 22:17:57,444][lm-eval][INFO] - `group` and `group_alias` keys in tasks' configs will no longer be used in the next release of lm-eval. `tag` will be used to allow to call a collection of tasks just like `group`. `group` will be removed in order to not cause confusion with the new ConfigurableGroup which will be the offical way to create groups with addition of group-wide configuations.
[2026-01-01 22:18:00,440][datasets.load][ERROR] - `trust_remote_code` is not supported anymore.
Please check that the Hugging Face dataset 'winogrande' isn't based on a loading script and remove `trust_remote_code`.
If the dataset is based on a loading script, please ask the dataset author to remove it and convert it to a standard format like Parquet.
[2026-01-01 22:18:05,302][lm-eval][WARNING] - Overwriting default num_fewshot of winogrande from None to 5
[2026-01-01 22:18:05,302][lm-eval][INFO] - Setting fewshot random generator seed to 23
[2026-01-01 22:18:05,303][lm-eval][INFO] - Building contexts for winogrande on rank 0...
[2026-01-01 22:18:05,411][lm-eval][INFO] - Running loglikelihood requests
[2026-01-01 22:18:25,947][lm-eval][WARNING] - Failed to get model SHA for outputs/milestone_meta-llama_Llama-3.2-1B_r16/merged/checkpoint-686 at revision main. Error: Repo id must be in the form 'repo_name' or 'namespace/repo_name': 'outputs/milestone_meta-llama_Llama-3.2-1B_r16/merged/checkpoint-686'. Use `repo_type` argument if needed.
[2026-01-01 22:18:27,123][__name__][INFO] - ✅ Finished winogrande
[2026-01-01 22:18:27,218][__name__][INFO] - 💾 Saved partial results: /home/dan-parii/Documents/ContinualPretrainRo/continual_pretrain/eval_results/outputs_milestone_meta-llama_Llama-3.2-1B_r16_merged_checkpoint-686/2026-01-01_22-12-39/winogrande.json
[2026-01-01 22:18:27,219][__name__][INFO] - 🚀 Running evaluation for wikitext | fewshot=5 | limit=1000
[2026-01-01 22:18:27,219][__name__][INFO] - Running outputs/milestone_meta-llama_Llama-3.2-1B_r16/merged/checkpoint-686 with apply_chat_template True
[2026-01-01 22:18:27,220][lm-eval][INFO] - Setting random seed to 23 | Setting numpy seed to 23 | Setting torch manual seed to 23
[2026-01-01 22:18:27,220][lm-eval][INFO] - Initializing hf model, with arguments: {'pretrained': 'outputs/milestone_meta-llama_Llama-3.2-1B_r16/merged/checkpoint-686', 'tokenizer': 'outputs/milestone_meta-llama_Llama-3.2-1B_r16/merged/checkpoint-686', 'max_length': 4096, 'eval_max_length': 16384, 'truncation': True, 'dtype': 'bfloat16'}
[2026-01-01 22:18:27,222][lm-eval][INFO] - Using device 'cuda'
[2026-01-01 22:18:27,911][lm-eval][INFO] - `group` and `group_alias` keys in tasks' configs will no longer be used in the next release of lm-eval. `tag` will be used to allow to call a collection of tasks just like `group`. `group` will be removed in order to not cause confusion with the new ConfigurableGroup which will be the offical way to create groups with addition of group-wide configuations.
[2026-01-01 22:18:30,902][lm-eval][WARNING] - [Task: wikitext] metric word_perplexity is defined, but aggregation is not. using default aggregation=weighted_perplexity
[2026-01-01 22:18:30,903][lm-eval][WARNING] - [Task: wikitext] metric word_perplexity is defined, but higher_is_better is not. using default higher_is_better=False
[2026-01-01 22:18:30,903][lm-eval][WARNING] - [Task: wikitext] metric byte_perplexity is defined, but aggregation is not. using default aggregation=weighted_perplexity
[2026-01-01 22:18:30,903][lm-eval][WARNING] - [Task: wikitext] metric byte_perplexity is defined, but higher_is_better is not. using default higher_is_better=False
[2026-01-01 22:18:30,903][lm-eval][WARNING] - [Task: wikitext] metric bits_per_byte is defined, but aggregation is not. using default aggregation=bits_per_byte
[2026-01-01 22:18:30,903][lm-eval][WARNING] - [Task: wikitext] metric bits_per_byte is defined, but higher_is_better is not. using default higher_is_better=False
[2026-01-01 22:18:30,904][datasets.load][ERROR] - `trust_remote_code` is not supported anymore.
Please check that the Hugging Face dataset 'EleutherAI/wikitext_document_level' isn't based on a loading script and remove `trust_remote_code`.
If the dataset is based on a loading script, please ask the dataset author to remove it and convert it to a standard format like Parquet.
[2026-01-01 22:18:33,583][lm-eval][WARNING] - Overwriting default num_fewshot of wikitext from None to 5
[2026-01-01 22:18:33,583][lm-eval][INFO] - Setting fewshot random generator seed to 23
[2026-01-01 22:18:33,584][lm-eval][INFO] - Building contexts for wikitext on rank 0...
[2026-01-01 22:18:36,589][lm-eval][INFO] - Running loglikelihood_rolling requests
[2026-01-01 22:20:56,386][lm-eval][WARNING] - Failed to get model SHA for outputs/milestone_meta-llama_Llama-3.2-1B_r16/merged/checkpoint-686 at revision main. Error: Repo id must be in the form 'repo_name' or 'namespace/repo_name': 'outputs/milestone_meta-llama_Llama-3.2-1B_r16/merged/checkpoint-686'. Use `repo_type` argument if needed.
[2026-01-01 22:20:57,626][__name__][INFO] - ✅ Finished wikitext
[2026-01-01 22:20:58,068][__name__][INFO] - 💾 Saved partial results: /home/dan-parii/Documents/ContinualPretrainRo/continual_pretrain/eval_results/outputs_milestone_meta-llama_Llama-3.2-1B_r16_merged_checkpoint-686/2026-01-01_22-12-39/wikitext.json
[2026-01-01 22:20:59,171][__name__][INFO] - 📁 Combined results saved to: /home/dan-parii/Documents/ContinualPretrainRo/continual_pretrain/eval_results/outputs_milestone_meta-llama_Llama-3.2-1B_r16_merged_checkpoint-686/2026-01-01_22-12-39/eval_results.json
[2026-01-01 22:20:59,171][__name__][INFO] - 📊 Summary:
[2026-01-01 22:20:59,172][__name__][INFO] -   - _ro_winogrande: {'acc,none': 0.542, 'acc_stderr,none': 0.015763390640483554}
[2026-01-01 22:20:59,172][__name__][INFO] -   - _ro_belebele: {'acc_norm,none': 0.27111111111111114, 'acc_norm_stderr,none': 0.01482601644658186}
[2026-01-01 22:20:59,172][__name__][INFO] -   - ro_wiki: {'word_perplexity,none': 64.35964965576187, 'byte_perplexity,none': 1.8493459685396618, 'bits_per_byte,none': 0.8870151438368477}
[2026-01-01 22:20:59,172][__name__][INFO] -   - _ro_arc_challenge: {'acc_norm,none': 0.285, 'acc_norm_stderr,none': 0.014282120955200562}
[2026-01-01 22:20:59,172][__name__][INFO] -   - arc_challenge: {'acc,none': 0.331, 'acc_stderr,none': 0.014888272588203801, 'acc_norm,none': 0.336, 'acc_norm_stderr,none': 0.014944140233794895}
[2026-01-01 22:20:59,172][__name__][INFO] -   - winogrande: {'acc,none': 0.599, 'acc_stderr,none': 0.015506109745498368}
[2026-01-01 22:20:59,172][__name__][INFO] -   - wikitext: {'word_perplexity,none': 13.092154963501978, 'byte_perplexity,none': 1.6204408414125815, 'bits_per_byte,none': 0.696386352122213}
[2026-01-01 22:21:00,301][__name__][INFO] - 📊 W&B run finished
[2026-01-01 22:43:38,633][__name__][INFO] - Starting Romanian evaluation run
[2026-01-01 22:43:38,942][__name__][INFO] - 🚀 CUDA is available. Using GPU: NVIDIA GeForce RTX 3090
[2026-01-01 22:43:38,942][__name__][INFO] - 📁 Results will be saved in: /home/dan-parii/Documents/ContinualPretrainRo/continual_pretrain/eval_results/outputs_milestone_meta-llama_Llama-3.2-1B_r16_merged_checkpoint-762/2026-01-01_22-43-38
[2026-01-01 22:43:40,613][__name__][INFO] - 📊 W&B logging enabled with GPU monitoring
[2026-01-01 22:43:40,614][__name__][INFO] - 🚀 Running evaluation for _ro_winogrande | fewshot=5 | limit=1000
[2026-01-01 22:43:40,614][__name__][INFO] - Running outputs/milestone_meta-llama_Llama-3.2-1B_r16/merged/checkpoint-762 with apply_chat_template True
[2026-01-01 22:43:40,614][__name__][INFO] - 📝 Using fewshot_as_multiturn=True and custom system instruction
[2026-01-01 22:43:40,618][lm-eval][INFO] - Setting random seed to 23 | Setting numpy seed to 23 | Setting torch manual seed to 23
[2026-01-01 22:43:40,618][lm-eval][INFO] - Initializing hf model, with arguments: {'pretrained': 'outputs/milestone_meta-llama_Llama-3.2-1B_r16/merged/checkpoint-762', 'tokenizer': 'outputs/milestone_meta-llama_Llama-3.2-1B_r16/merged/checkpoint-762', 'max_length': 4096, 'eval_max_length': 16384, 'truncation': True, 'dtype': 'bfloat16'}
[2026-01-01 22:43:40,681][lm-eval][INFO] - Using device 'cuda'
[2026-01-01 22:43:41,560][lm-eval][INFO] - `group` and `group_alias` keys in tasks' configs will no longer be used in the next release of lm-eval. `tag` will be used to allow to call a collection of tasks just like `group`. `group` will be removed in order to not cause confusion with the new ConfigurableGroup which will be the offical way to create groups with addition of group-wide configuations.
[2026-01-01 22:43:48,178][lm-eval][WARNING] - Overwriting default num_fewshot of _ro_winogrande from None to 5
[2026-01-01 22:43:48,178][lm-eval][INFO] - Setting fewshot random generator seed to 23
[2026-01-01 22:43:48,182][lm-eval][INFO] - Building contexts for _ro_winogrande on rank 0...
[2026-01-01 22:43:48,327][lm-eval][INFO] - Running loglikelihood requests
[2026-01-01 22:44:18,939][lm-eval][WARNING] - Failed to get model SHA for outputs/milestone_meta-llama_Llama-3.2-1B_r16/merged/checkpoint-762 at revision main. Error: Repo id must be in the form 'repo_name' or 'namespace/repo_name': 'outputs/milestone_meta-llama_Llama-3.2-1B_r16/merged/checkpoint-762'. Use `repo_type` argument if needed.
[2026-01-01 22:44:19,976][__name__][INFO] - ✅ Finished _ro_winogrande
[2026-01-01 22:44:20,080][__name__][INFO] - 💾 Saved partial results: /home/dan-parii/Documents/ContinualPretrainRo/continual_pretrain/eval_results/outputs_milestone_meta-llama_Llama-3.2-1B_r16_merged_checkpoint-762/2026-01-01_22-43-38/_ro_winogrande.json
[2026-01-01 22:44:20,081][__name__][INFO] - 🚀 Running evaluation for _ro_belebele | fewshot=0 | limit=1000
[2026-01-01 22:44:20,081][__name__][INFO] - Running outputs/milestone_meta-llama_Llama-3.2-1B_r16/merged/checkpoint-762 with apply_chat_template True
[2026-01-01 22:44:20,081][__name__][INFO] - 📝 Using fewshot_as_multiturn=True and custom system instruction
[2026-01-01 22:44:20,083][lm-eval][INFO] - Setting random seed to 23 | Setting numpy seed to 23 | Setting torch manual seed to 23
[2026-01-01 22:44:20,083][lm-eval][INFO] - Initializing hf model, with arguments: {'pretrained': 'outputs/milestone_meta-llama_Llama-3.2-1B_r16/merged/checkpoint-762', 'tokenizer': 'outputs/milestone_meta-llama_Llama-3.2-1B_r16/merged/checkpoint-762', 'max_length': 4096, 'eval_max_length': 16384, 'truncation': True, 'dtype': 'bfloat16'}
[2026-01-01 22:44:20,084][lm-eval][INFO] - Using device 'cuda'
[2026-01-01 22:44:20,797][lm-eval][INFO] - `group` and `group_alias` keys in tasks' configs will no longer be used in the next release of lm-eval. `tag` will be used to allow to call a collection of tasks just like `group`. `group` will be removed in order to not cause confusion with the new ConfigurableGroup which will be the offical way to create groups with addition of group-wide configuations.
[2026-01-01 22:44:26,185][lm-eval][WARNING] - Overwriting default num_fewshot of _ro_belebele from None to 0
[2026-01-01 22:44:26,185][lm-eval][INFO] - Setting fewshot random generator seed to 23
[2026-01-01 22:44:26,186][lm-eval][INFO] - Building contexts for _ro_belebele on rank 0...
[2026-01-01 22:44:26,906][lm-eval][INFO] - Running loglikelihood requests
[2026-01-01 22:45:21,159][lm-eval][WARNING] - Failed to get model SHA for outputs/milestone_meta-llama_Llama-3.2-1B_r16/merged/checkpoint-762 at revision main. Error: Repo id must be in the form 'repo_name' or 'namespace/repo_name': 'outputs/milestone_meta-llama_Llama-3.2-1B_r16/merged/checkpoint-762'. Use `repo_type` argument if needed.
[2026-01-01 22:45:22,305][__name__][INFO] - ✅ Finished _ro_belebele
[2026-01-01 22:45:22,410][__name__][INFO] - 💾 Saved partial results: /home/dan-parii/Documents/ContinualPretrainRo/continual_pretrain/eval_results/outputs_milestone_meta-llama_Llama-3.2-1B_r16_merged_checkpoint-762/2026-01-01_22-43-38/_ro_belebele.json
[2026-01-01 22:45:22,410][__name__][INFO] - 🚀 Running evaluation for ro_wiki | fewshot=0 | limit=1000
[2026-01-01 22:45:22,410][__name__][INFO] - Running outputs/milestone_meta-llama_Llama-3.2-1B_r16/merged/checkpoint-762 with apply_chat_template True
[2026-01-01 22:45:22,412][lm-eval][INFO] - Setting random seed to 23 | Setting numpy seed to 23 | Setting torch manual seed to 23
[2026-01-01 22:45:22,412][lm-eval][INFO] - Initializing hf model, with arguments: {'pretrained': 'outputs/milestone_meta-llama_Llama-3.2-1B_r16/merged/checkpoint-762', 'tokenizer': 'outputs/milestone_meta-llama_Llama-3.2-1B_r16/merged/checkpoint-762', 'max_length': 4096, 'eval_max_length': 16384, 'truncation': True, 'dtype': 'bfloat16'}
[2026-01-01 22:45:22,413][lm-eval][INFO] - Using device 'cuda'
[2026-01-01 22:45:23,103][lm-eval][INFO] - `group` and `group_alias` keys in tasks' configs will no longer be used in the next release of lm-eval. `tag` will be used to allow to call a collection of tasks just like `group`. `group` will be removed in order to not cause confusion with the new ConfigurableGroup which will be the offical way to create groups with addition of group-wide configuations.
[2026-01-01 22:45:26,093][lm-eval][WARNING] - [Task: ro_wiki] metric word_perplexity is defined, but aggregation is not. using default aggregation=weighted_perplexity
[2026-01-01 22:45:26,094][lm-eval][WARNING] - [Task: ro_wiki] metric word_perplexity is defined, but higher_is_better is not. using default higher_is_better=False
[2026-01-01 22:45:26,094][lm-eval][WARNING] - [Task: ro_wiki] metric byte_perplexity is defined, but aggregation is not. using default aggregation=weighted_perplexity
[2026-01-01 22:45:26,094][lm-eval][WARNING] - [Task: ro_wiki] metric byte_perplexity is defined, but higher_is_better is not. using default higher_is_better=False
[2026-01-01 22:45:26,094][lm-eval][WARNING] - [Task: ro_wiki] metric bits_per_byte is defined, but aggregation is not. using default aggregation=bits_per_byte
[2026-01-01 22:45:26,095][lm-eval][WARNING] - [Task: ro_wiki] metric bits_per_byte is defined, but higher_is_better is not. using default higher_is_better=False
[2026-01-01 22:45:29,363][lm-eval][WARNING] - Overwriting default num_fewshot of ro_wiki from None to 0
[2026-01-01 22:45:29,363][lm-eval][INFO] - Setting fewshot random generator seed to 23
[2026-01-01 22:45:29,364][lm-eval][INFO] - Building contexts for ro_wiki on rank 0...
[2026-01-01 22:45:29,552][lm-eval][INFO] - Running loglikelihood_rolling requests
[2026-01-01 22:46:08,783][lm-eval][WARNING] - Failed to get model SHA for outputs/milestone_meta-llama_Llama-3.2-1B_r16/merged/checkpoint-762 at revision main. Error: Repo id must be in the form 'repo_name' or 'namespace/repo_name': 'outputs/milestone_meta-llama_Llama-3.2-1B_r16/merged/checkpoint-762'. Use `repo_type` argument if needed.
[2026-01-01 22:46:09,967][__name__][INFO] - ✅ Finished ro_wiki
[2026-01-01 22:46:10,095][__name__][INFO] - 💾 Saved partial results: /home/dan-parii/Documents/ContinualPretrainRo/continual_pretrain/eval_results/outputs_milestone_meta-llama_Llama-3.2-1B_r16_merged_checkpoint-762/2026-01-01_22-43-38/ro_wiki.json
[2026-01-01 22:46:10,095][__name__][INFO] - 🚀 Running evaluation for _ro_arc_challenge | fewshot=5 | limit=1000
[2026-01-01 22:46:10,095][__name__][INFO] - Running outputs/milestone_meta-llama_Llama-3.2-1B_r16/merged/checkpoint-762 with apply_chat_template True
[2026-01-01 22:46:10,096][__name__][INFO] - 📝 Using fewshot_as_multiturn=True and custom system instruction
[2026-01-01 22:46:10,097][lm-eval][INFO] - Setting random seed to 23 | Setting numpy seed to 23 | Setting torch manual seed to 23
[2026-01-01 22:46:10,097][lm-eval][INFO] - Initializing hf model, with arguments: {'pretrained': 'outputs/milestone_meta-llama_Llama-3.2-1B_r16/merged/checkpoint-762', 'tokenizer': 'outputs/milestone_meta-llama_Llama-3.2-1B_r16/merged/checkpoint-762', 'max_length': 4096, 'eval_max_length': 16384, 'truncation': True, 'dtype': 'bfloat16'}
[2026-01-01 22:46:10,098][lm-eval][INFO] - Using device 'cuda'
[2026-01-01 22:46:10,774][lm-eval][INFO] - `group` and `group_alias` keys in tasks' configs will no longer be used in the next release of lm-eval. `tag` will be used to allow to call a collection of tasks just like `group`. `group` will be removed in order to not cause confusion with the new ConfigurableGroup which will be the offical way to create groups with addition of group-wide configuations.
[2026-01-01 22:46:16,011][lm-eval][WARNING] - Overwriting default num_fewshot of _ro_arc_challenge from None to 5
[2026-01-01 22:46:16,011][lm-eval][INFO] - Setting fewshot random generator seed to 23
[2026-01-01 22:46:16,013][lm-eval][INFO] - Building contexts for _ro_arc_challenge on rank 0...
[2026-01-01 22:46:17,764][lm-eval][INFO] - Running loglikelihood requests
[2026-01-01 22:47:47,925][lm-eval][WARNING] - Failed to get model SHA for outputs/milestone_meta-llama_Llama-3.2-1B_r16/merged/checkpoint-762 at revision main. Error: Repo id must be in the form 'repo_name' or 'namespace/repo_name': 'outputs/milestone_meta-llama_Llama-3.2-1B_r16/merged/checkpoint-762'. Use `repo_type` argument if needed.
[2026-01-01 22:47:49,114][__name__][INFO] - ✅ Finished _ro_arc_challenge
[2026-01-01 22:47:49,313][__name__][INFO] - 💾 Saved partial results: /home/dan-parii/Documents/ContinualPretrainRo/continual_pretrain/eval_results/outputs_milestone_meta-llama_Llama-3.2-1B_r16_merged_checkpoint-762/2026-01-01_22-43-38/_ro_arc_challenge.json
[2026-01-01 22:47:49,314][__name__][INFO] - 🚀 Running evaluation for arc_challenge | fewshot=5 | limit=1000
[2026-01-01 22:47:49,314][__name__][INFO] - Running outputs/milestone_meta-llama_Llama-3.2-1B_r16/merged/checkpoint-762 with apply_chat_template True
[2026-01-01 22:47:49,314][__name__][INFO] - 📝 Using fewshot_as_multiturn=True and custom system instruction
[2026-01-01 22:47:49,315][lm-eval][INFO] - Setting random seed to 23 | Setting numpy seed to 23 | Setting torch manual seed to 23
[2026-01-01 22:47:49,315][lm-eval][INFO] - Initializing hf model, with arguments: {'pretrained': 'outputs/milestone_meta-llama_Llama-3.2-1B_r16/merged/checkpoint-762', 'tokenizer': 'outputs/milestone_meta-llama_Llama-3.2-1B_r16/merged/checkpoint-762', 'max_length': 4096, 'eval_max_length': 16384, 'truncation': True, 'dtype': 'bfloat16'}
[2026-01-01 22:47:49,317][lm-eval][INFO] - Using device 'cuda'
[2026-01-01 22:47:49,977][lm-eval][INFO] - `group` and `group_alias` keys in tasks' configs will no longer be used in the next release of lm-eval. `tag` will be used to allow to call a collection of tasks just like `group`. `group` will be removed in order to not cause confusion with the new ConfigurableGroup which will be the offical way to create groups with addition of group-wide configuations.
[2026-01-01 22:48:02,983][lm-eval][WARNING] - Overwriting default num_fewshot of arc_challenge from None to 5
[2026-01-01 22:48:02,983][lm-eval][INFO] - Setting fewshot random generator seed to 23
[2026-01-01 22:48:02,984][lm-eval][INFO] - Building contexts for arc_challenge on rank 0...
[2026-01-01 22:48:07,902][lm-eval][INFO] - Running loglikelihood requests
[2026-01-01 22:49:05,723][lm-eval][WARNING] - Failed to get model SHA for outputs/milestone_meta-llama_Llama-3.2-1B_r16/merged/checkpoint-762 at revision main. Error: Repo id must be in the form 'repo_name' or 'namespace/repo_name': 'outputs/milestone_meta-llama_Llama-3.2-1B_r16/merged/checkpoint-762'. Use `repo_type` argument if needed.
[2026-01-01 22:49:06,865][__name__][INFO] - ✅ Finished arc_challenge
[2026-01-01 22:49:07,059][__name__][INFO] - 💾 Saved partial results: /home/dan-parii/Documents/ContinualPretrainRo/continual_pretrain/eval_results/outputs_milestone_meta-llama_Llama-3.2-1B_r16_merged_checkpoint-762/2026-01-01_22-43-38/arc_challenge.json
[2026-01-01 22:49:07,060][__name__][INFO] - 🚀 Running evaluation for winogrande | fewshot=5 | limit=1000
[2026-01-01 22:49:07,060][__name__][INFO] - Running outputs/milestone_meta-llama_Llama-3.2-1B_r16/merged/checkpoint-762 with apply_chat_template True
[2026-01-01 22:49:07,061][__name__][INFO] - 📝 Using fewshot_as_multiturn=True and custom system instruction
[2026-01-01 22:49:07,062][lm-eval][INFO] - Setting random seed to 23 | Setting numpy seed to 23 | Setting torch manual seed to 23
[2026-01-01 22:49:07,062][lm-eval][INFO] - Initializing hf model, with arguments: {'pretrained': 'outputs/milestone_meta-llama_Llama-3.2-1B_r16/merged/checkpoint-762', 'tokenizer': 'outputs/milestone_meta-llama_Llama-3.2-1B_r16/merged/checkpoint-762', 'max_length': 4096, 'eval_max_length': 16384, 'truncation': True, 'dtype': 'bfloat16'}
[2026-01-01 22:49:07,064][lm-eval][INFO] - Using device 'cuda'
[2026-01-01 22:49:07,743][lm-eval][INFO] - `group` and `group_alias` keys in tasks' configs will no longer be used in the next release of lm-eval. `tag` will be used to allow to call a collection of tasks just like `group`. `group` will be removed in order to not cause confusion with the new ConfigurableGroup which will be the offical way to create groups with addition of group-wide configuations.
[2026-01-01 22:49:10,715][datasets.load][ERROR] - `trust_remote_code` is not supported anymore.
Please check that the Hugging Face dataset 'winogrande' isn't based on a loading script and remove `trust_remote_code`.
If the dataset is based on a loading script, please ask the dataset author to remove it and convert it to a standard format like Parquet.
[2026-01-01 22:49:30,672][lm-eval][WARNING] - Overwriting default num_fewshot of winogrande from None to 5
[2026-01-01 22:49:30,672][lm-eval][INFO] - Setting fewshot random generator seed to 23
[2026-01-01 22:49:30,677][lm-eval][INFO] - Building contexts for winogrande on rank 0...
[2026-01-01 22:49:30,790][lm-eval][INFO] - Running loglikelihood requests
[2026-01-01 22:49:51,247][lm-eval][WARNING] - Failed to get model SHA for outputs/milestone_meta-llama_Llama-3.2-1B_r16/merged/checkpoint-762 at revision main. Error: Repo id must be in the form 'repo_name' or 'namespace/repo_name': 'outputs/milestone_meta-llama_Llama-3.2-1B_r16/merged/checkpoint-762'. Use `repo_type` argument if needed.
[2026-01-01 22:49:52,408][__name__][INFO] - ✅ Finished winogrande
[2026-01-01 22:49:52,505][__name__][INFO] - 💾 Saved partial results: /home/dan-parii/Documents/ContinualPretrainRo/continual_pretrain/eval_results/outputs_milestone_meta-llama_Llama-3.2-1B_r16_merged_checkpoint-762/2026-01-01_22-43-38/winogrande.json
[2026-01-01 22:49:52,506][__name__][INFO] - 🚀 Running evaluation for wikitext | fewshot=5 | limit=1000
[2026-01-01 22:49:52,506][__name__][INFO] - Running outputs/milestone_meta-llama_Llama-3.2-1B_r16/merged/checkpoint-762 with apply_chat_template True
[2026-01-01 22:49:52,508][lm-eval][INFO] - Setting random seed to 23 | Setting numpy seed to 23 | Setting torch manual seed to 23
[2026-01-01 22:49:52,508][lm-eval][INFO] - Initializing hf model, with arguments: {'pretrained': 'outputs/milestone_meta-llama_Llama-3.2-1B_r16/merged/checkpoint-762', 'tokenizer': 'outputs/milestone_meta-llama_Llama-3.2-1B_r16/merged/checkpoint-762', 'max_length': 4096, 'eval_max_length': 16384, 'truncation': True, 'dtype': 'bfloat16'}
[2026-01-01 22:49:52,509][lm-eval][INFO] - Using device 'cuda'
[2026-01-01 22:49:53,198][lm-eval][INFO] - `group` and `group_alias` keys in tasks' configs will no longer be used in the next release of lm-eval. `tag` will be used to allow to call a collection of tasks just like `group`. `group` will be removed in order to not cause confusion with the new ConfigurableGroup which will be the offical way to create groups with addition of group-wide configuations.
[2026-01-01 22:49:56,182][lm-eval][WARNING] - [Task: wikitext] metric word_perplexity is defined, but aggregation is not. using default aggregation=weighted_perplexity
[2026-01-01 22:49:56,183][lm-eval][WARNING] - [Task: wikitext] metric word_perplexity is defined, but higher_is_better is not. using default higher_is_better=False
[2026-01-01 22:49:56,183][lm-eval][WARNING] - [Task: wikitext] metric byte_perplexity is defined, but aggregation is not. using default aggregation=weighted_perplexity
[2026-01-01 22:49:56,183][lm-eval][WARNING] - [Task: wikitext] metric byte_perplexity is defined, but higher_is_better is not. using default higher_is_better=False
[2026-01-01 22:49:56,183][lm-eval][WARNING] - [Task: wikitext] metric bits_per_byte is defined, but aggregation is not. using default aggregation=bits_per_byte
[2026-01-01 22:49:56,183][lm-eval][WARNING] - [Task: wikitext] metric bits_per_byte is defined, but higher_is_better is not. using default higher_is_better=False
[2026-01-01 22:49:56,184][datasets.load][ERROR] - `trust_remote_code` is not supported anymore.
Please check that the Hugging Face dataset 'EleutherAI/wikitext_document_level' isn't based on a loading script and remove `trust_remote_code`.
If the dataset is based on a loading script, please ask the dataset author to remove it and convert it to a standard format like Parquet.
[2026-01-01 22:50:05,835][lm-eval][WARNING] - Overwriting default num_fewshot of wikitext from None to 5
[2026-01-01 22:50:05,836][lm-eval][INFO] - Setting fewshot random generator seed to 23
[2026-01-01 22:50:05,837][lm-eval][INFO] - Building contexts for wikitext on rank 0...
[2026-01-01 22:50:08,850][lm-eval][INFO] - Running loglikelihood_rolling requests
[2026-01-01 22:52:29,135][lm-eval][WARNING] - Failed to get model SHA for outputs/milestone_meta-llama_Llama-3.2-1B_r16/merged/checkpoint-762 at revision main. Error: Repo id must be in the form 'repo_name' or 'namespace/repo_name': 'outputs/milestone_meta-llama_Llama-3.2-1B_r16/merged/checkpoint-762'. Use `repo_type` argument if needed.
[2026-01-01 22:52:30,472][__name__][INFO] - ✅ Finished wikitext
[2026-01-01 22:52:30,920][__name__][INFO] - 💾 Saved partial results: /home/dan-parii/Documents/ContinualPretrainRo/continual_pretrain/eval_results/outputs_milestone_meta-llama_Llama-3.2-1B_r16_merged_checkpoint-762/2026-01-01_22-43-38/wikitext.json
[2026-01-01 22:52:32,066][__name__][INFO] - 📁 Combined results saved to: /home/dan-parii/Documents/ContinualPretrainRo/continual_pretrain/eval_results/outputs_milestone_meta-llama_Llama-3.2-1B_r16_merged_checkpoint-762/2026-01-01_22-43-38/eval_results.json
[2026-01-01 22:52:32,067][__name__][INFO] - 📊 Summary:
[2026-01-01 22:52:32,067][__name__][INFO] -   - _ro_winogrande: {'acc,none': 0.54, 'acc_stderr,none': 0.0157685969143944}
[2026-01-01 22:52:32,067][__name__][INFO] -   - _ro_belebele: {'acc_norm,none': 0.27111111111111114, 'acc_norm_stderr,none': 0.01482601644658186}
[2026-01-01 22:52:32,068][__name__][INFO] -   - ro_wiki: {'word_perplexity,none': 64.46969389590744, 'byte_perplexity,none': 1.8498124673661651, 'bits_per_byte,none': 0.887379018787762}
[2026-01-01 22:52:32,068][__name__][INFO] -   - _ro_arc_challenge: {'acc_norm,none': 0.284, 'acc_norm_stderr,none': 0.014267009061031241}
[2026-01-01 22:52:32,068][__name__][INFO] -   - arc_challenge: {'acc,none': 0.333, 'acc_stderr,none': 0.014910846164230029, 'acc_norm,none': 0.341, 'acc_norm_stderr,none': 0.01499813134840284}
[2026-01-01 22:52:32,068][__name__][INFO] -   - winogrande: {'acc,none': 0.59, 'acc_stderr,none': 0.015560917136921659}
[2026-01-01 22:52:32,068][__name__][INFO] -   - wikitext: {'word_perplexity,none': 13.099155286535352, 'byte_perplexity,none': 1.620603414385524, 'bits_per_byte,none': 0.6965310852412526}
[2026-01-01 22:52:33,133][__name__][INFO] - 📊 W&B run finished
[2026-01-02 10:08:55,143][__name__][INFO] - Starting Romanian evaluation run
[2026-01-02 10:08:55,302][__name__][INFO] - 🚀 CUDA is available. Using GPU: NVIDIA GeForce RTX 3090
[2026-01-02 10:08:55,302][__name__][INFO] - 📁 Results will be saved in: /home/dan-parii/Documents/ContinualPretrainRo/continual_pretrain/eval_results/outputs_milestone_meta-llama_Llama-3.2-1B-Instruct_r16_merged_checkpoint-76/2026-01-02_10-08-55
[2026-01-02 10:08:56,931][__name__][INFO] - 📊 W&B logging enabled with GPU monitoring
[2026-01-02 10:08:56,931][__name__][INFO] - 🚀 Running evaluation for _ro_winogrande | fewshot=5 | limit=1000
[2026-01-02 10:08:56,932][__name__][INFO] - Running outputs/milestone_meta-llama_Llama-3.2-1B-Instruct_r16/merged/checkpoint-76 with apply_chat_template True
[2026-01-02 10:08:56,932][__name__][INFO] - 📝 Using fewshot_as_multiturn=True and custom system instruction
[2026-01-02 10:08:56,936][lm-eval][INFO] - Setting random seed to 23 | Setting numpy seed to 23 | Setting torch manual seed to 23
[2026-01-02 10:08:56,936][lm-eval][INFO] - Initializing hf model, with arguments: {'pretrained': 'outputs/milestone_meta-llama_Llama-3.2-1B-Instruct_r16/merged/checkpoint-76', 'tokenizer': 'outputs/milestone_meta-llama_Llama-3.2-1B-Instruct_r16/merged/checkpoint-76', 'max_length': 4096, 'eval_max_length': 16384, 'truncation': True, 'dtype': 'bfloat16'}
[2026-01-02 10:08:56,988][lm-eval][INFO] - Using device 'cuda'
[2026-01-02 10:08:57,820][lm-eval][INFO] - `group` and `group_alias` keys in tasks' configs will no longer be used in the next release of lm-eval. `tag` will be used to allow to call a collection of tasks just like `group`. `group` will be removed in order to not cause confusion with the new ConfigurableGroup which will be the offical way to create groups with addition of group-wide configuations.
[2026-01-02 10:09:03,505][lm-eval][WARNING] - Overwriting default num_fewshot of _ro_winogrande from None to 5
[2026-01-02 10:09:03,506][lm-eval][INFO] - Setting fewshot random generator seed to 23
[2026-01-02 10:09:03,510][lm-eval][INFO] - Building contexts for _ro_winogrande on rank 0...
[2026-01-02 10:09:03,623][lm-eval][INFO] - Running loglikelihood requests
[2026-01-02 10:09:33,490][lm-eval][WARNING] - Failed to get model SHA for outputs/milestone_meta-llama_Llama-3.2-1B-Instruct_r16/merged/checkpoint-76 at revision main. Error: Repo id must be in the form 'repo_name' or 'namespace/repo_name': 'outputs/milestone_meta-llama_Llama-3.2-1B-Instruct_r16/merged/checkpoint-76'. Use `repo_type` argument if needed.
[2026-01-02 10:09:34,478][__name__][INFO] - ✅ Finished _ro_winogrande
[2026-01-02 10:09:34,571][__name__][INFO] - 💾 Saved partial results: /home/dan-parii/Documents/ContinualPretrainRo/continual_pretrain/eval_results/outputs_milestone_meta-llama_Llama-3.2-1B-Instruct_r16_merged_checkpoint-76/2026-01-02_10-08-55/_ro_winogrande.json
[2026-01-02 10:09:34,571][__name__][INFO] - 🚀 Running evaluation for _ro_belebele | fewshot=0 | limit=1000
[2026-01-02 10:09:34,571][__name__][INFO] - Running outputs/milestone_meta-llama_Llama-3.2-1B-Instruct_r16/merged/checkpoint-76 with apply_chat_template True
[2026-01-02 10:09:34,572][__name__][INFO] - 📝 Using fewshot_as_multiturn=True and custom system instruction
[2026-01-02 10:09:34,573][lm-eval][INFO] - Setting random seed to 23 | Setting numpy seed to 23 | Setting torch manual seed to 23
[2026-01-02 10:09:34,573][lm-eval][INFO] - Initializing hf model, with arguments: {'pretrained': 'outputs/milestone_meta-llama_Llama-3.2-1B-Instruct_r16/merged/checkpoint-76', 'tokenizer': 'outputs/milestone_meta-llama_Llama-3.2-1B-Instruct_r16/merged/checkpoint-76', 'max_length': 4096, 'eval_max_length': 16384, 'truncation': True, 'dtype': 'bfloat16'}
[2026-01-02 10:09:34,574][lm-eval][INFO] - Using device 'cuda'
[2026-01-02 10:09:35,263][lm-eval][INFO] - `group` and `group_alias` keys in tasks' configs will no longer be used in the next release of lm-eval. `tag` will be used to allow to call a collection of tasks just like `group`. `group` will be removed in order to not cause confusion with the new ConfigurableGroup which will be the offical way to create groups with addition of group-wide configuations.
[2026-01-02 10:09:40,628][lm-eval][WARNING] - Overwriting default num_fewshot of _ro_belebele from None to 0
[2026-01-02 10:09:40,629][lm-eval][INFO] - Setting fewshot random generator seed to 23
[2026-01-02 10:09:40,629][lm-eval][INFO] - Building contexts for _ro_belebele on rank 0...
[2026-01-02 10:09:41,286][lm-eval][INFO] - Running loglikelihood requests
[2026-01-02 10:10:34,233][lm-eval][WARNING] - Failed to get model SHA for outputs/milestone_meta-llama_Llama-3.2-1B-Instruct_r16/merged/checkpoint-76 at revision main. Error: Repo id must be in the form 'repo_name' or 'namespace/repo_name': 'outputs/milestone_meta-llama_Llama-3.2-1B-Instruct_r16/merged/checkpoint-76'. Use `repo_type` argument if needed.
[2026-01-02 10:10:35,268][__name__][INFO] - ✅ Finished _ro_belebele
[2026-01-02 10:10:35,359][__name__][INFO] - 💾 Saved partial results: /home/dan-parii/Documents/ContinualPretrainRo/continual_pretrain/eval_results/outputs_milestone_meta-llama_Llama-3.2-1B-Instruct_r16_merged_checkpoint-76/2026-01-02_10-08-55/_ro_belebele.json
[2026-01-02 10:10:35,360][__name__][INFO] - 🚀 Running evaluation for ro_wiki | fewshot=0 | limit=1000
[2026-01-02 10:10:35,360][__name__][INFO] - Running outputs/milestone_meta-llama_Llama-3.2-1B-Instruct_r16/merged/checkpoint-76 with apply_chat_template True
[2026-01-02 10:10:35,362][lm-eval][INFO] - Setting random seed to 23 | Setting numpy seed to 23 | Setting torch manual seed to 23
[2026-01-02 10:10:35,362][lm-eval][INFO] - Initializing hf model, with arguments: {'pretrained': 'outputs/milestone_meta-llama_Llama-3.2-1B-Instruct_r16/merged/checkpoint-76', 'tokenizer': 'outputs/milestone_meta-llama_Llama-3.2-1B-Instruct_r16/merged/checkpoint-76', 'max_length': 4096, 'eval_max_length': 16384, 'truncation': True, 'dtype': 'bfloat16'}
[2026-01-02 10:10:35,363][lm-eval][INFO] - Using device 'cuda'
[2026-01-02 10:10:36,040][lm-eval][INFO] - `group` and `group_alias` keys in tasks' configs will no longer be used in the next release of lm-eval. `tag` will be used to allow to call a collection of tasks just like `group`. `group` will be removed in order to not cause confusion with the new ConfigurableGroup which will be the offical way to create groups with addition of group-wide configuations.
[2026-01-02 10:10:38,933][lm-eval][WARNING] - [Task: ro_wiki] metric word_perplexity is defined, but aggregation is not. using default aggregation=weighted_perplexity
[2026-01-02 10:10:38,934][lm-eval][WARNING] - [Task: ro_wiki] metric word_perplexity is defined, but higher_is_better is not. using default higher_is_better=False
[2026-01-02 10:10:38,934][lm-eval][WARNING] - [Task: ro_wiki] metric byte_perplexity is defined, but aggregation is not. using default aggregation=weighted_perplexity
[2026-01-02 10:10:38,934][lm-eval][WARNING] - [Task: ro_wiki] metric byte_perplexity is defined, but higher_is_better is not. using default higher_is_better=False
[2026-01-02 10:10:38,935][lm-eval][WARNING] - [Task: ro_wiki] metric bits_per_byte is defined, but aggregation is not. using default aggregation=bits_per_byte
[2026-01-02 10:10:38,935][lm-eval][WARNING] - [Task: ro_wiki] metric bits_per_byte is defined, but higher_is_better is not. using default higher_is_better=False
[2026-01-02 10:10:43,328][lm-eval][WARNING] - Overwriting default num_fewshot of ro_wiki from None to 0
[2026-01-02 10:10:43,329][lm-eval][INFO] - Setting fewshot random generator seed to 23
[2026-01-02 10:10:43,330][lm-eval][INFO] - Building contexts for ro_wiki on rank 0...
[2026-01-02 10:10:43,488][lm-eval][INFO] - Running loglikelihood_rolling requests
[2026-01-02 10:11:21,731][lm-eval][WARNING] - Failed to get model SHA for outputs/milestone_meta-llama_Llama-3.2-1B-Instruct_r16/merged/checkpoint-76 at revision main. Error: Repo id must be in the form 'repo_name' or 'namespace/repo_name': 'outputs/milestone_meta-llama_Llama-3.2-1B-Instruct_r16/merged/checkpoint-76'. Use `repo_type` argument if needed.
[2026-01-02 10:11:22,816][__name__][INFO] - ✅ Finished ro_wiki
[2026-01-02 10:11:22,936][__name__][INFO] - 💾 Saved partial results: /home/dan-parii/Documents/ContinualPretrainRo/continual_pretrain/eval_results/outputs_milestone_meta-llama_Llama-3.2-1B-Instruct_r16_merged_checkpoint-76/2026-01-02_10-08-55/ro_wiki.json
[2026-01-02 10:11:22,936][__name__][INFO] - 🚀 Running evaluation for _ro_arc_challenge | fewshot=5 | limit=1000
[2026-01-02 10:11:22,937][__name__][INFO] - Running outputs/milestone_meta-llama_Llama-3.2-1B-Instruct_r16/merged/checkpoint-76 with apply_chat_template True
[2026-01-02 10:11:22,937][__name__][INFO] - 📝 Using fewshot_as_multiturn=True and custom system instruction
[2026-01-02 10:11:22,938][lm-eval][INFO] - Setting random seed to 23 | Setting numpy seed to 23 | Setting torch manual seed to 23
[2026-01-02 10:11:22,938][lm-eval][INFO] - Initializing hf model, with arguments: {'pretrained': 'outputs/milestone_meta-llama_Llama-3.2-1B-Instruct_r16/merged/checkpoint-76', 'tokenizer': 'outputs/milestone_meta-llama_Llama-3.2-1B-Instruct_r16/merged/checkpoint-76', 'max_length': 4096, 'eval_max_length': 16384, 'truncation': True, 'dtype': 'bfloat16'}
[2026-01-02 10:11:22,939][lm-eval][INFO] - Using device 'cuda'
[2026-01-02 10:11:23,623][lm-eval][INFO] - `group` and `group_alias` keys in tasks' configs will no longer be used in the next release of lm-eval. `tag` will be used to allow to call a collection of tasks just like `group`. `group` will be removed in order to not cause confusion with the new ConfigurableGroup which will be the offical way to create groups with addition of group-wide configuations.
[2026-01-02 10:11:28,816][lm-eval][WARNING] - Overwriting default num_fewshot of _ro_arc_challenge from None to 5
[2026-01-02 10:11:28,816][lm-eval][INFO] - Setting fewshot random generator seed to 23
[2026-01-02 10:11:28,818][lm-eval][INFO] - Building contexts for _ro_arc_challenge on rank 0...
[2026-01-02 10:11:30,251][lm-eval][INFO] - Running loglikelihood requests
[2026-01-02 10:13:00,609][lm-eval][WARNING] - Failed to get model SHA for outputs/milestone_meta-llama_Llama-3.2-1B-Instruct_r16/merged/checkpoint-76 at revision main. Error: Repo id must be in the form 'repo_name' or 'namespace/repo_name': 'outputs/milestone_meta-llama_Llama-3.2-1B-Instruct_r16/merged/checkpoint-76'. Use `repo_type` argument if needed.
[2026-01-02 10:13:01,726][__name__][INFO] - ✅ Finished _ro_arc_challenge
[2026-01-02 10:13:01,911][__name__][INFO] - 💾 Saved partial results: /home/dan-parii/Documents/ContinualPretrainRo/continual_pretrain/eval_results/outputs_milestone_meta-llama_Llama-3.2-1B-Instruct_r16_merged_checkpoint-76/2026-01-02_10-08-55/_ro_arc_challenge.json
[2026-01-02 10:13:01,911][__name__][INFO] - 🚀 Running evaluation for arc_challenge | fewshot=5 | limit=1000
[2026-01-02 10:13:01,912][__name__][INFO] - Running outputs/milestone_meta-llama_Llama-3.2-1B-Instruct_r16/merged/checkpoint-76 with apply_chat_template True
[2026-01-02 10:13:01,912][__name__][INFO] - 📝 Using fewshot_as_multiturn=True and custom system instruction
[2026-01-02 10:13:01,913][lm-eval][INFO] - Setting random seed to 23 | Setting numpy seed to 23 | Setting torch manual seed to 23
[2026-01-02 10:13:01,913][lm-eval][INFO] - Initializing hf model, with arguments: {'pretrained': 'outputs/milestone_meta-llama_Llama-3.2-1B-Instruct_r16/merged/checkpoint-76', 'tokenizer': 'outputs/milestone_meta-llama_Llama-3.2-1B-Instruct_r16/merged/checkpoint-76', 'max_length': 4096, 'eval_max_length': 16384, 'truncation': True, 'dtype': 'bfloat16'}
[2026-01-02 10:13:01,914][lm-eval][INFO] - Using device 'cuda'
[2026-01-02 10:13:02,587][lm-eval][INFO] - `group` and `group_alias` keys in tasks' configs will no longer be used in the next release of lm-eval. `tag` will be used to allow to call a collection of tasks just like `group`. `group` will be removed in order to not cause confusion with the new ConfigurableGroup which will be the offical way to create groups with addition of group-wide configuations.
[2026-01-02 10:13:07,329][lm-eval][WARNING] - Overwriting default num_fewshot of arc_challenge from None to 5
[2026-01-02 10:13:07,330][lm-eval][INFO] - Setting fewshot random generator seed to 23
[2026-01-02 10:13:07,330][lm-eval][INFO] - Building contexts for arc_challenge on rank 0...
[2026-01-02 10:13:11,719][lm-eval][INFO] - Running loglikelihood requests
[2026-01-02 10:14:09,566][lm-eval][WARNING] - Failed to get model SHA for outputs/milestone_meta-llama_Llama-3.2-1B-Instruct_r16/merged/checkpoint-76 at revision main. Error: Repo id must be in the form 'repo_name' or 'namespace/repo_name': 'outputs/milestone_meta-llama_Llama-3.2-1B-Instruct_r16/merged/checkpoint-76'. Use `repo_type` argument if needed.
[2026-01-02 10:14:10,573][__name__][INFO] - ✅ Finished arc_challenge
[2026-01-02 10:14:10,760][__name__][INFO] - 💾 Saved partial results: /home/dan-parii/Documents/ContinualPretrainRo/continual_pretrain/eval_results/outputs_milestone_meta-llama_Llama-3.2-1B-Instruct_r16_merged_checkpoint-76/2026-01-02_10-08-55/arc_challenge.json
[2026-01-02 10:14:10,761][__name__][INFO] - 🚀 Running evaluation for winogrande | fewshot=5 | limit=1000
[2026-01-02 10:14:10,761][__name__][INFO] - Running outputs/milestone_meta-llama_Llama-3.2-1B-Instruct_r16/merged/checkpoint-76 with apply_chat_template True
[2026-01-02 10:14:10,761][__name__][INFO] - 📝 Using fewshot_as_multiturn=True and custom system instruction
[2026-01-02 10:14:10,762][lm-eval][INFO] - Setting random seed to 23 | Setting numpy seed to 23 | Setting torch manual seed to 23
[2026-01-02 10:14:10,762][lm-eval][INFO] - Initializing hf model, with arguments: {'pretrained': 'outputs/milestone_meta-llama_Llama-3.2-1B-Instruct_r16/merged/checkpoint-76', 'tokenizer': 'outputs/milestone_meta-llama_Llama-3.2-1B-Instruct_r16/merged/checkpoint-76', 'max_length': 4096, 'eval_max_length': 16384, 'truncation': True, 'dtype': 'bfloat16'}
[2026-01-02 10:14:10,763][lm-eval][INFO] - Using device 'cuda'
[2026-01-02 10:14:11,438][lm-eval][INFO] - `group` and `group_alias` keys in tasks' configs will no longer be used in the next release of lm-eval. `tag` will be used to allow to call a collection of tasks just like `group`. `group` will be removed in order to not cause confusion with the new ConfigurableGroup which will be the offical way to create groups with addition of group-wide configuations.
[2026-01-02 10:14:14,335][datasets.load][ERROR] - `trust_remote_code` is not supported anymore.
Please check that the Hugging Face dataset 'winogrande' isn't based on a loading script and remove `trust_remote_code`.
If the dataset is based on a loading script, please ask the dataset author to remove it and convert it to a standard format like Parquet.
[2026-01-02 10:14:18,454][lm-eval][WARNING] - Overwriting default num_fewshot of winogrande from None to 5
[2026-01-02 10:14:18,454][lm-eval][INFO] - Setting fewshot random generator seed to 23
[2026-01-02 10:14:18,459][lm-eval][INFO] - Building contexts for winogrande on rank 0...
[2026-01-02 10:14:18,547][lm-eval][INFO] - Running loglikelihood requests
[2026-01-02 10:14:39,067][lm-eval][WARNING] - Failed to get model SHA for outputs/milestone_meta-llama_Llama-3.2-1B-Instruct_r16/merged/checkpoint-76 at revision main. Error: Repo id must be in the form 'repo_name' or 'namespace/repo_name': 'outputs/milestone_meta-llama_Llama-3.2-1B-Instruct_r16/merged/checkpoint-76'. Use `repo_type` argument if needed.
[2026-01-02 10:14:40,182][__name__][INFO] - ✅ Finished winogrande
[2026-01-02 10:14:40,270][__name__][INFO] - 💾 Saved partial results: /home/dan-parii/Documents/ContinualPretrainRo/continual_pretrain/eval_results/outputs_milestone_meta-llama_Llama-3.2-1B-Instruct_r16_merged_checkpoint-76/2026-01-02_10-08-55/winogrande.json
[2026-01-02 10:14:40,271][__name__][INFO] - 🚀 Running evaluation for wikitext | fewshot=5 | limit=1000
[2026-01-02 10:14:40,271][__name__][INFO] - Running outputs/milestone_meta-llama_Llama-3.2-1B-Instruct_r16/merged/checkpoint-76 with apply_chat_template True
[2026-01-02 10:14:40,272][lm-eval][INFO] - Setting random seed to 23 | Setting numpy seed to 23 | Setting torch manual seed to 23
[2026-01-02 10:14:40,272][lm-eval][INFO] - Initializing hf model, with arguments: {'pretrained': 'outputs/milestone_meta-llama_Llama-3.2-1B-Instruct_r16/merged/checkpoint-76', 'tokenizer': 'outputs/milestone_meta-llama_Llama-3.2-1B-Instruct_r16/merged/checkpoint-76', 'max_length': 4096, 'eval_max_length': 16384, 'truncation': True, 'dtype': 'bfloat16'}
[2026-01-02 10:14:40,273][lm-eval][INFO] - Using device 'cuda'
[2026-01-02 10:14:40,950][lm-eval][INFO] - `group` and `group_alias` keys in tasks' configs will no longer be used in the next release of lm-eval. `tag` will be used to allow to call a collection of tasks just like `group`. `group` will be removed in order to not cause confusion with the new ConfigurableGroup which will be the offical way to create groups with addition of group-wide configuations.
[2026-01-02 10:14:43,875][lm-eval][WARNING] - [Task: wikitext] metric word_perplexity is defined, but aggregation is not. using default aggregation=weighted_perplexity
[2026-01-02 10:14:43,875][lm-eval][WARNING] - [Task: wikitext] metric word_perplexity is defined, but higher_is_better is not. using default higher_is_better=False
[2026-01-02 10:14:43,875][lm-eval][WARNING] - [Task: wikitext] metric byte_perplexity is defined, but aggregation is not. using default aggregation=weighted_perplexity
[2026-01-02 10:14:43,876][lm-eval][WARNING] - [Task: wikitext] metric byte_perplexity is defined, but higher_is_better is not. using default higher_is_better=False
[2026-01-02 10:14:43,876][lm-eval][WARNING] - [Task: wikitext] metric bits_per_byte is defined, but aggregation is not. using default aggregation=bits_per_byte
[2026-01-02 10:14:43,876][lm-eval][WARNING] - [Task: wikitext] metric bits_per_byte is defined, but higher_is_better is not. using default higher_is_better=False
[2026-01-02 10:14:43,876][datasets.load][ERROR] - `trust_remote_code` is not supported anymore.
Please check that the Hugging Face dataset 'EleutherAI/wikitext_document_level' isn't based on a loading script and remove `trust_remote_code`.
If the dataset is based on a loading script, please ask the dataset author to remove it and convert it to a standard format like Parquet.
[2026-01-02 10:14:45,998][lm-eval][WARNING] - Overwriting default num_fewshot of wikitext from None to 5
[2026-01-02 10:14:45,999][lm-eval][INFO] - Setting fewshot random generator seed to 23
[2026-01-02 10:14:46,000][lm-eval][INFO] - Building contexts for wikitext on rank 0...
[2026-01-02 10:14:48,802][lm-eval][INFO] - Running loglikelihood_rolling requests
[2026-01-02 10:17:08,216][lm-eval][WARNING] - Failed to get model SHA for outputs/milestone_meta-llama_Llama-3.2-1B-Instruct_r16/merged/checkpoint-76 at revision main. Error: Repo id must be in the form 'repo_name' or 'namespace/repo_name': 'outputs/milestone_meta-llama_Llama-3.2-1B-Instruct_r16/merged/checkpoint-76'. Use `repo_type` argument if needed.
[2026-01-02 10:17:09,338][__name__][INFO] - ✅ Finished wikitext
[2026-01-02 10:17:09,767][__name__][INFO] - 💾 Saved partial results: /home/dan-parii/Documents/ContinualPretrainRo/continual_pretrain/eval_results/outputs_milestone_meta-llama_Llama-3.2-1B-Instruct_r16_merged_checkpoint-76/2026-01-02_10-08-55/wikitext.json
[2026-01-02 10:17:10,650][__name__][INFO] - 📁 Combined results saved to: /home/dan-parii/Documents/ContinualPretrainRo/continual_pretrain/eval_results/outputs_milestone_meta-llama_Llama-3.2-1B-Instruct_r16_merged_checkpoint-76/2026-01-02_10-08-55/eval_results.json
[2026-01-02 10:17:10,651][__name__][INFO] - 📊 Summary:
[2026-01-02 10:17:10,651][__name__][INFO] -   - _ro_winogrande: {'acc,none': 0.486, 'acc_stderr,none': 0.01581309754773093}
[2026-01-02 10:17:10,651][__name__][INFO] -   - _ro_belebele: {'acc_norm,none': 0.30777777777777776, 'acc_norm_stderr,none': 0.015394356957089935}
[2026-01-02 10:17:10,652][__name__][INFO] -   - ro_wiki: {'word_perplexity,none': 104.97764758440086, 'byte_perplexity,none': 1.9878725032975788, 'bits_per_byte,none': 0.991225229355504}
[2026-01-02 10:17:10,652][__name__][INFO] -   - _ro_arc_challenge: {'acc_norm,none': 0.261, 'acc_norm_stderr,none': 0.013895037677965183}
[2026-01-02 10:17:10,652][__name__][INFO] -   - arc_challenge: {'acc,none': 0.378, 'acc_stderr,none': 0.015341165254026547, 'acc_norm,none': 0.382, 'acc_norm_stderr,none': 0.015372453034968502}
[2026-01-02 10:17:10,652][__name__][INFO] -   - winogrande: {'acc,none': 0.59, 'acc_stderr,none': 0.015560917136921659}
[2026-01-02 10:17:10,652][__name__][INFO] -   - wikitext: {'word_perplexity,none': 17.43235103836129, 'byte_perplexity,none': 1.7098947777635634, 'bits_per_byte,none': 0.7739075483454474}
[2026-01-02 10:17:11,769][__name__][INFO] - 📊 W&B run finished
[2026-01-02 10:39:27,886][__name__][INFO] - Starting Romanian evaluation run
[2026-01-02 10:39:28,037][__name__][INFO] - 🚀 CUDA is available. Using GPU: NVIDIA GeForce RTX 3090
[2026-01-02 10:39:28,037][__name__][INFO] - 📁 Results will be saved in: /home/dan-parii/Documents/ContinualPretrainRo/continual_pretrain/eval_results/outputs_milestone_meta-llama_Llama-3.2-1B-Instruct_r16_merged_checkpoint-152/2026-01-02_10-39-28
[2026-01-02 10:39:30,276][__name__][INFO] - 📊 W&B logging enabled with GPU monitoring
[2026-01-02 10:39:30,276][__name__][INFO] - 🚀 Running evaluation for _ro_winogrande | fewshot=5 | limit=1000
[2026-01-02 10:39:30,276][__name__][INFO] - Running outputs/milestone_meta-llama_Llama-3.2-1B-Instruct_r16/merged/checkpoint-152 with apply_chat_template True
[2026-01-02 10:39:30,277][__name__][INFO] - 📝 Using fewshot_as_multiturn=True and custom system instruction
[2026-01-02 10:39:30,281][lm-eval][INFO] - Setting random seed to 23 | Setting numpy seed to 23 | Setting torch manual seed to 23
[2026-01-02 10:39:30,281][lm-eval][INFO] - Initializing hf model, with arguments: {'pretrained': 'outputs/milestone_meta-llama_Llama-3.2-1B-Instruct_r16/merged/checkpoint-152', 'tokenizer': 'outputs/milestone_meta-llama_Llama-3.2-1B-Instruct_r16/merged/checkpoint-152', 'max_length': 4096, 'eval_max_length': 16384, 'truncation': True, 'dtype': 'bfloat16'}
[2026-01-02 10:39:30,330][lm-eval][INFO] - Using device 'cuda'
[2026-01-02 10:39:31,166][lm-eval][INFO] - `group` and `group_alias` keys in tasks' configs will no longer be used in the next release of lm-eval. `tag` will be used to allow to call a collection of tasks just like `group`. `group` will be removed in order to not cause confusion with the new ConfigurableGroup which will be the offical way to create groups with addition of group-wide configuations.
[2026-01-02 10:39:37,806][lm-eval][WARNING] - Overwriting default num_fewshot of _ro_winogrande from None to 5
[2026-01-02 10:39:37,806][lm-eval][INFO] - Setting fewshot random generator seed to 23
[2026-01-02 10:39:37,811][lm-eval][INFO] - Building contexts for _ro_winogrande on rank 0...
[2026-01-02 10:39:37,923][lm-eval][INFO] - Running loglikelihood requests
[2026-01-02 10:40:07,818][lm-eval][WARNING] - Failed to get model SHA for outputs/milestone_meta-llama_Llama-3.2-1B-Instruct_r16/merged/checkpoint-152 at revision main. Error: Repo id must be in the form 'repo_name' or 'namespace/repo_name': 'outputs/milestone_meta-llama_Llama-3.2-1B-Instruct_r16/merged/checkpoint-152'. Use `repo_type` argument if needed.
[2026-01-02 10:40:08,830][__name__][INFO] - ✅ Finished _ro_winogrande
[2026-01-02 10:40:08,924][__name__][INFO] - 💾 Saved partial results: /home/dan-parii/Documents/ContinualPretrainRo/continual_pretrain/eval_results/outputs_milestone_meta-llama_Llama-3.2-1B-Instruct_r16_merged_checkpoint-152/2026-01-02_10-39-28/_ro_winogrande.json
[2026-01-02 10:40:08,924][__name__][INFO] - 🚀 Running evaluation for _ro_belebele | fewshot=0 | limit=1000
[2026-01-02 10:40:08,925][__name__][INFO] - Running outputs/milestone_meta-llama_Llama-3.2-1B-Instruct_r16/merged/checkpoint-152 with apply_chat_template True
[2026-01-02 10:40:08,925][__name__][INFO] - 📝 Using fewshot_as_multiturn=True and custom system instruction
[2026-01-02 10:40:08,926][lm-eval][INFO] - Setting random seed to 23 | Setting numpy seed to 23 | Setting torch manual seed to 23
[2026-01-02 10:40:08,926][lm-eval][INFO] - Initializing hf model, with arguments: {'pretrained': 'outputs/milestone_meta-llama_Llama-3.2-1B-Instruct_r16/merged/checkpoint-152', 'tokenizer': 'outputs/milestone_meta-llama_Llama-3.2-1B-Instruct_r16/merged/checkpoint-152', 'max_length': 4096, 'eval_max_length': 16384, 'truncation': True, 'dtype': 'bfloat16'}
[2026-01-02 10:40:08,927][lm-eval][INFO] - Using device 'cuda'
[2026-01-02 10:40:09,600][lm-eval][INFO] - `group` and `group_alias` keys in tasks' configs will no longer be used in the next release of lm-eval. `tag` will be used to allow to call a collection of tasks just like `group`. `group` will be removed in order to not cause confusion with the new ConfigurableGroup which will be the offical way to create groups with addition of group-wide configuations.
[2026-01-02 10:40:14,464][lm-eval][WARNING] - Overwriting default num_fewshot of _ro_belebele from None to 0
[2026-01-02 10:40:14,465][lm-eval][INFO] - Setting fewshot random generator seed to 23
[2026-01-02 10:40:14,465][lm-eval][INFO] - Building contexts for _ro_belebele on rank 0...
[2026-01-02 10:40:15,115][lm-eval][INFO] - Running loglikelihood requests
[2026-01-02 10:41:08,037][lm-eval][WARNING] - Failed to get model SHA for outputs/milestone_meta-llama_Llama-3.2-1B-Instruct_r16/merged/checkpoint-152 at revision main. Error: Repo id must be in the form 'repo_name' or 'namespace/repo_name': 'outputs/milestone_meta-llama_Llama-3.2-1B-Instruct_r16/merged/checkpoint-152'. Use `repo_type` argument if needed.
[2026-01-02 10:41:09,135][__name__][INFO] - ✅ Finished _ro_belebele
[2026-01-02 10:41:09,226][__name__][INFO] - 💾 Saved partial results: /home/dan-parii/Documents/ContinualPretrainRo/continual_pretrain/eval_results/outputs_milestone_meta-llama_Llama-3.2-1B-Instruct_r16_merged_checkpoint-152/2026-01-02_10-39-28/_ro_belebele.json
[2026-01-02 10:41:09,227][__name__][INFO] - 🚀 Running evaluation for ro_wiki | fewshot=0 | limit=1000
[2026-01-02 10:41:09,227][__name__][INFO] - Running outputs/milestone_meta-llama_Llama-3.2-1B-Instruct_r16/merged/checkpoint-152 with apply_chat_template True
[2026-01-02 10:41:09,228][lm-eval][INFO] - Setting random seed to 23 | Setting numpy seed to 23 | Setting torch manual seed to 23
[2026-01-02 10:41:09,228][lm-eval][INFO] - Initializing hf model, with arguments: {'pretrained': 'outputs/milestone_meta-llama_Llama-3.2-1B-Instruct_r16/merged/checkpoint-152', 'tokenizer': 'outputs/milestone_meta-llama_Llama-3.2-1B-Instruct_r16/merged/checkpoint-152', 'max_length': 4096, 'eval_max_length': 16384, 'truncation': True, 'dtype': 'bfloat16'}
[2026-01-02 10:41:09,229][lm-eval][INFO] - Using device 'cuda'
[2026-01-02 10:41:09,884][lm-eval][INFO] - `group` and `group_alias` keys in tasks' configs will no longer be used in the next release of lm-eval. `tag` will be used to allow to call a collection of tasks just like `group`. `group` will be removed in order to not cause confusion with the new ConfigurableGroup which will be the offical way to create groups with addition of group-wide configuations.
[2026-01-02 10:41:12,820][lm-eval][WARNING] - [Task: ro_wiki] metric word_perplexity is defined, but aggregation is not. using default aggregation=weighted_perplexity
[2026-01-02 10:41:12,820][lm-eval][WARNING] - [Task: ro_wiki] metric word_perplexity is defined, but higher_is_better is not. using default higher_is_better=False
[2026-01-02 10:41:12,820][lm-eval][WARNING] - [Task: ro_wiki] metric byte_perplexity is defined, but aggregation is not. using default aggregation=weighted_perplexity
[2026-01-02 10:41:12,820][lm-eval][WARNING] - [Task: ro_wiki] metric byte_perplexity is defined, but higher_is_better is not. using default higher_is_better=False
[2026-01-02 10:41:12,821][lm-eval][WARNING] - [Task: ro_wiki] metric bits_per_byte is defined, but aggregation is not. using default aggregation=bits_per_byte
[2026-01-02 10:41:12,821][lm-eval][WARNING] - [Task: ro_wiki] metric bits_per_byte is defined, but higher_is_better is not. using default higher_is_better=False
[2026-01-02 10:41:23,374][lm-eval][WARNING] - Overwriting default num_fewshot of ro_wiki from None to 0
[2026-01-02 10:41:23,374][lm-eval][INFO] - Setting fewshot random generator seed to 23
[2026-01-02 10:41:23,375][lm-eval][INFO] - Building contexts for ro_wiki on rank 0...
[2026-01-02 10:41:23,536][lm-eval][INFO] - Running loglikelihood_rolling requests
[2026-01-02 10:42:01,716][lm-eval][WARNING] - Failed to get model SHA for outputs/milestone_meta-llama_Llama-3.2-1B-Instruct_r16/merged/checkpoint-152 at revision main. Error: Repo id must be in the form 'repo_name' or 'namespace/repo_name': 'outputs/milestone_meta-llama_Llama-3.2-1B-Instruct_r16/merged/checkpoint-152'. Use `repo_type` argument if needed.
[2026-01-02 10:42:02,822][__name__][INFO] - ✅ Finished ro_wiki
[2026-01-02 10:42:02,941][__name__][INFO] - 💾 Saved partial results: /home/dan-parii/Documents/ContinualPretrainRo/continual_pretrain/eval_results/outputs_milestone_meta-llama_Llama-3.2-1B-Instruct_r16_merged_checkpoint-152/2026-01-02_10-39-28/ro_wiki.json
[2026-01-02 10:42:02,942][__name__][INFO] - 🚀 Running evaluation for _ro_arc_challenge | fewshot=5 | limit=1000
[2026-01-02 10:42:02,942][__name__][INFO] - Running outputs/milestone_meta-llama_Llama-3.2-1B-Instruct_r16/merged/checkpoint-152 with apply_chat_template True
[2026-01-02 10:42:02,942][__name__][INFO] - 📝 Using fewshot_as_multiturn=True and custom system instruction
[2026-01-02 10:42:02,943][lm-eval][INFO] - Setting random seed to 23 | Setting numpy seed to 23 | Setting torch manual seed to 23
[2026-01-02 10:42:02,943][lm-eval][INFO] - Initializing hf model, with arguments: {'pretrained': 'outputs/milestone_meta-llama_Llama-3.2-1B-Instruct_r16/merged/checkpoint-152', 'tokenizer': 'outputs/milestone_meta-llama_Llama-3.2-1B-Instruct_r16/merged/checkpoint-152', 'max_length': 4096, 'eval_max_length': 16384, 'truncation': True, 'dtype': 'bfloat16'}
[2026-01-02 10:42:02,944][lm-eval][INFO] - Using device 'cuda'
[2026-01-02 10:42:03,605][lm-eval][INFO] - `group` and `group_alias` keys in tasks' configs will no longer be used in the next release of lm-eval. `tag` will be used to allow to call a collection of tasks just like `group`. `group` will be removed in order to not cause confusion with the new ConfigurableGroup which will be the offical way to create groups with addition of group-wide configuations.
[2026-01-02 10:42:08,456][lm-eval][WARNING] - Overwriting default num_fewshot of _ro_arc_challenge from None to 5
[2026-01-02 10:42:08,456][lm-eval][INFO] - Setting fewshot random generator seed to 23
[2026-01-02 10:42:08,457][lm-eval][INFO] - Building contexts for _ro_arc_challenge on rank 0...
[2026-01-02 10:42:10,054][lm-eval][INFO] - Running loglikelihood requests
[2026-01-02 10:43:40,236][lm-eval][WARNING] - Failed to get model SHA for outputs/milestone_meta-llama_Llama-3.2-1B-Instruct_r16/merged/checkpoint-152 at revision main. Error: Repo id must be in the form 'repo_name' or 'namespace/repo_name': 'outputs/milestone_meta-llama_Llama-3.2-1B-Instruct_r16/merged/checkpoint-152'. Use `repo_type` argument if needed.
[2026-01-02 10:43:41,380][__name__][INFO] - ✅ Finished _ro_arc_challenge
[2026-01-02 10:43:41,569][__name__][INFO] - 💾 Saved partial results: /home/dan-parii/Documents/ContinualPretrainRo/continual_pretrain/eval_results/outputs_milestone_meta-llama_Llama-3.2-1B-Instruct_r16_merged_checkpoint-152/2026-01-02_10-39-28/_ro_arc_challenge.json
[2026-01-02 10:43:41,570][__name__][INFO] - 🚀 Running evaluation for arc_challenge | fewshot=5 | limit=1000
[2026-01-02 10:43:41,570][__name__][INFO] - Running outputs/milestone_meta-llama_Llama-3.2-1B-Instruct_r16/merged/checkpoint-152 with apply_chat_template True
[2026-01-02 10:43:41,570][__name__][INFO] - 📝 Using fewshot_as_multiturn=True and custom system instruction
[2026-01-02 10:43:41,571][lm-eval][INFO] - Setting random seed to 23 | Setting numpy seed to 23 | Setting torch manual seed to 23
[2026-01-02 10:43:41,572][lm-eval][INFO] - Initializing hf model, with arguments: {'pretrained': 'outputs/milestone_meta-llama_Llama-3.2-1B-Instruct_r16/merged/checkpoint-152', 'tokenizer': 'outputs/milestone_meta-llama_Llama-3.2-1B-Instruct_r16/merged/checkpoint-152', 'max_length': 4096, 'eval_max_length': 16384, 'truncation': True, 'dtype': 'bfloat16'}
[2026-01-02 10:43:41,572][lm-eval][INFO] - Using device 'cuda'
[2026-01-02 10:43:42,216][lm-eval][INFO] - `group` and `group_alias` keys in tasks' configs will no longer be used in the next release of lm-eval. `tag` will be used to allow to call a collection of tasks just like `group`. `group` will be removed in order to not cause confusion with the new ConfigurableGroup which will be the offical way to create groups with addition of group-wide configuations.
[2026-01-02 10:43:47,956][lm-eval][WARNING] - Overwriting default num_fewshot of arc_challenge from None to 5
[2026-01-02 10:43:47,956][lm-eval][INFO] - Setting fewshot random generator seed to 23
[2026-01-02 10:43:47,956][lm-eval][INFO] - Building contexts for arc_challenge on rank 0...
[2026-01-02 10:43:52,364][lm-eval][INFO] - Running loglikelihood requests
[2026-01-02 10:44:50,216][lm-eval][WARNING] - Failed to get model SHA for outputs/milestone_meta-llama_Llama-3.2-1B-Instruct_r16/merged/checkpoint-152 at revision main. Error: Repo id must be in the form 'repo_name' or 'namespace/repo_name': 'outputs/milestone_meta-llama_Llama-3.2-1B-Instruct_r16/merged/checkpoint-152'. Use `repo_type` argument if needed.
[2026-01-02 10:44:51,264][__name__][INFO] - ✅ Finished arc_challenge
[2026-01-02 10:44:51,450][__name__][INFO] - 💾 Saved partial results: /home/dan-parii/Documents/ContinualPretrainRo/continual_pretrain/eval_results/outputs_milestone_meta-llama_Llama-3.2-1B-Instruct_r16_merged_checkpoint-152/2026-01-02_10-39-28/arc_challenge.json
[2026-01-02 10:44:51,451][__name__][INFO] - 🚀 Running evaluation for winogrande | fewshot=5 | limit=1000
[2026-01-02 10:44:51,451][__name__][INFO] - Running outputs/milestone_meta-llama_Llama-3.2-1B-Instruct_r16/merged/checkpoint-152 with apply_chat_template True
[2026-01-02 10:44:51,451][__name__][INFO] - 📝 Using fewshot_as_multiturn=True and custom system instruction
[2026-01-02 10:44:51,453][lm-eval][INFO] - Setting random seed to 23 | Setting numpy seed to 23 | Setting torch manual seed to 23
[2026-01-02 10:44:51,453][lm-eval][INFO] - Initializing hf model, with arguments: {'pretrained': 'outputs/milestone_meta-llama_Llama-3.2-1B-Instruct_r16/merged/checkpoint-152', 'tokenizer': 'outputs/milestone_meta-llama_Llama-3.2-1B-Instruct_r16/merged/checkpoint-152', 'max_length': 4096, 'eval_max_length': 16384, 'truncation': True, 'dtype': 'bfloat16'}
[2026-01-02 10:44:51,454][lm-eval][INFO] - Using device 'cuda'
[2026-01-02 10:44:52,117][lm-eval][INFO] - `group` and `group_alias` keys in tasks' configs will no longer be used in the next release of lm-eval. `tag` will be used to allow to call a collection of tasks just like `group`. `group` will be removed in order to not cause confusion with the new ConfigurableGroup which will be the offical way to create groups with addition of group-wide configuations.
[2026-01-02 10:44:55,036][datasets.load][ERROR] - `trust_remote_code` is not supported anymore.
Please check that the Hugging Face dataset 'winogrande' isn't based on a loading script and remove `trust_remote_code`.
If the dataset is based on a loading script, please ask the dataset author to remove it and convert it to a standard format like Parquet.
[2026-01-02 10:44:59,003][lm-eval][WARNING] - Overwriting default num_fewshot of winogrande from None to 5
[2026-01-02 10:44:59,004][lm-eval][INFO] - Setting fewshot random generator seed to 23
[2026-01-02 10:44:59,006][lm-eval][INFO] - Building contexts for winogrande on rank 0...
[2026-01-02 10:44:59,095][lm-eval][INFO] - Running loglikelihood requests
[2026-01-02 10:45:19,785][lm-eval][WARNING] - Failed to get model SHA for outputs/milestone_meta-llama_Llama-3.2-1B-Instruct_r16/merged/checkpoint-152 at revision main. Error: Repo id must be in the form 'repo_name' or 'namespace/repo_name': 'outputs/milestone_meta-llama_Llama-3.2-1B-Instruct_r16/merged/checkpoint-152'. Use `repo_type` argument if needed.
[2026-01-02 10:45:20,916][__name__][INFO] - ✅ Finished winogrande
[2026-01-02 10:45:21,008][__name__][INFO] - 💾 Saved partial results: /home/dan-parii/Documents/ContinualPretrainRo/continual_pretrain/eval_results/outputs_milestone_meta-llama_Llama-3.2-1B-Instruct_r16_merged_checkpoint-152/2026-01-02_10-39-28/winogrande.json
[2026-01-02 10:45:21,008][__name__][INFO] - 🚀 Running evaluation for wikitext | fewshot=5 | limit=1000
[2026-01-02 10:45:21,009][__name__][INFO] - Running outputs/milestone_meta-llama_Llama-3.2-1B-Instruct_r16/merged/checkpoint-152 with apply_chat_template True
[2026-01-02 10:45:21,010][lm-eval][INFO] - Setting random seed to 23 | Setting numpy seed to 23 | Setting torch manual seed to 23
[2026-01-02 10:45:21,010][lm-eval][INFO] - Initializing hf model, with arguments: {'pretrained': 'outputs/milestone_meta-llama_Llama-3.2-1B-Instruct_r16/merged/checkpoint-152', 'tokenizer': 'outputs/milestone_meta-llama_Llama-3.2-1B-Instruct_r16/merged/checkpoint-152', 'max_length': 4096, 'eval_max_length': 16384, 'truncation': True, 'dtype': 'bfloat16'}
[2026-01-02 10:45:21,011][lm-eval][INFO] - Using device 'cuda'
[2026-01-02 10:45:21,665][lm-eval][INFO] - `group` and `group_alias` keys in tasks' configs will no longer be used in the next release of lm-eval. `tag` will be used to allow to call a collection of tasks just like `group`. `group` will be removed in order to not cause confusion with the new ConfigurableGroup which will be the offical way to create groups with addition of group-wide configuations.
[2026-01-02 10:45:24,561][lm-eval][WARNING] - [Task: wikitext] metric word_perplexity is defined, but aggregation is not. using default aggregation=weighted_perplexity
[2026-01-02 10:45:24,561][lm-eval][WARNING] - [Task: wikitext] metric word_perplexity is defined, but higher_is_better is not. using default higher_is_better=False
[2026-01-02 10:45:24,562][lm-eval][WARNING] - [Task: wikitext] metric byte_perplexity is defined, but aggregation is not. using default aggregation=weighted_perplexity
[2026-01-02 10:45:24,562][lm-eval][WARNING] - [Task: wikitext] metric byte_perplexity is defined, but higher_is_better is not. using default higher_is_better=False
[2026-01-02 10:45:24,562][lm-eval][WARNING] - [Task: wikitext] metric bits_per_byte is defined, but aggregation is not. using default aggregation=bits_per_byte
[2026-01-02 10:45:24,562][lm-eval][WARNING] - [Task: wikitext] metric bits_per_byte is defined, but higher_is_better is not. using default higher_is_better=False
[2026-01-02 10:45:24,563][datasets.load][ERROR] - `trust_remote_code` is not supported anymore.
Please check that the Hugging Face dataset 'EleutherAI/wikitext_document_level' isn't based on a loading script and remove `trust_remote_code`.
If the dataset is based on a loading script, please ask the dataset author to remove it and convert it to a standard format like Parquet.
[2026-01-02 10:45:31,504][lm-eval][WARNING] - Overwriting default num_fewshot of wikitext from None to 5
[2026-01-02 10:45:31,505][lm-eval][INFO] - Setting fewshot random generator seed to 23
[2026-01-02 10:45:31,506][lm-eval][INFO] - Building contexts for wikitext on rank 0...
[2026-01-02 10:45:34,321][lm-eval][INFO] - Running loglikelihood_rolling requests
[2026-01-02 10:47:53,708][lm-eval][WARNING] - Failed to get model SHA for outputs/milestone_meta-llama_Llama-3.2-1B-Instruct_r16/merged/checkpoint-152 at revision main. Error: Repo id must be in the form 'repo_name' or 'namespace/repo_name': 'outputs/milestone_meta-llama_Llama-3.2-1B-Instruct_r16/merged/checkpoint-152'. Use `repo_type` argument if needed.
[2026-01-02 10:47:54,852][__name__][INFO] - ✅ Finished wikitext
[2026-01-02 10:47:55,291][__name__][INFO] - 💾 Saved partial results: /home/dan-parii/Documents/ContinualPretrainRo/continual_pretrain/eval_results/outputs_milestone_meta-llama_Llama-3.2-1B-Instruct_r16_merged_checkpoint-152/2026-01-02_10-39-28/wikitext.json
[2026-01-02 10:47:56,190][__name__][INFO] - 📁 Combined results saved to: /home/dan-parii/Documents/ContinualPretrainRo/continual_pretrain/eval_results/outputs_milestone_meta-llama_Llama-3.2-1B-Instruct_r16_merged_checkpoint-152/2026-01-02_10-39-28/eval_results.json
[2026-01-02 10:47:56,190][__name__][INFO] - 📊 Summary:
[2026-01-02 10:47:56,190][__name__][INFO] -   - _ro_winogrande: {'acc,none': 0.495, 'acc_stderr,none': 0.015818508944436743}
[2026-01-02 10:47:56,190][__name__][INFO] -   - _ro_belebele: {'acc_norm,none': 0.30333333333333334, 'acc_norm_stderr,none': 0.01533178564193401}
[2026-01-02 10:47:56,191][__name__][INFO] -   - ro_wiki: {'word_perplexity,none': 103.68959259758114, 'byte_perplexity,none': 1.9842525460874223, 'bits_per_byte,none': 0.9885956566727586}
[2026-01-02 10:47:56,191][__name__][INFO] -   - _ro_arc_challenge: {'acc_norm,none': 0.257, 'acc_norm_stderr,none': 0.013825416526895026}
[2026-01-02 10:47:56,191][__name__][INFO] -   - arc_challenge: {'acc,none': 0.376, 'acc_stderr,none': 0.0153251055088981, 'acc_norm,none': 0.372, 'acc_norm_stderr,none': 0.01529214994204052}
[2026-01-02 10:47:56,191][__name__][INFO] -   - winogrande: {'acc,none': 0.59, 'acc_stderr,none': 0.015560917136921659}
[2026-01-02 10:47:56,191][__name__][INFO] -   - wikitext: {'word_perplexity,none': 16.842985080815183, 'byte_perplexity,none': 1.6988933979224263, 'bits_per_byte,none': 0.7645953292062412}
[2026-01-02 10:47:57,293][__name__][INFO] - 📊 W&B run finished
[2026-01-02 11:10:13,251][__name__][INFO] - Starting Romanian evaluation run
[2026-01-02 11:10:13,409][__name__][INFO] - 🚀 CUDA is available. Using GPU: NVIDIA GeForce RTX 3090
[2026-01-02 11:10:13,410][__name__][INFO] - 📁 Results will be saved in: /home/dan-parii/Documents/ContinualPretrainRo/continual_pretrain/eval_results/outputs_milestone_meta-llama_Llama-3.2-1B-Instruct_r16_merged_checkpoint-228/2026-01-02_11-10-13
[2026-01-02 11:10:15,038][__name__][INFO] - 📊 W&B logging enabled with GPU monitoring
[2026-01-02 11:10:15,039][__name__][INFO] - 🚀 Running evaluation for _ro_winogrande | fewshot=5 | limit=1000
[2026-01-02 11:10:15,039][__name__][INFO] - Running outputs/milestone_meta-llama_Llama-3.2-1B-Instruct_r16/merged/checkpoint-228 with apply_chat_template True
[2026-01-02 11:10:15,039][__name__][INFO] - 📝 Using fewshot_as_multiturn=True and custom system instruction
[2026-01-02 11:10:15,043][lm-eval][INFO] - Setting random seed to 23 | Setting numpy seed to 23 | Setting torch manual seed to 23
[2026-01-02 11:10:15,043][lm-eval][INFO] - Initializing hf model, with arguments: {'pretrained': 'outputs/milestone_meta-llama_Llama-3.2-1B-Instruct_r16/merged/checkpoint-228', 'tokenizer': 'outputs/milestone_meta-llama_Llama-3.2-1B-Instruct_r16/merged/checkpoint-228', 'max_length': 4096, 'eval_max_length': 16384, 'truncation': True, 'dtype': 'bfloat16'}
[2026-01-02 11:10:15,098][lm-eval][INFO] - Using device 'cuda'
[2026-01-02 11:10:16,026][lm-eval][INFO] - `group` and `group_alias` keys in tasks' configs will no longer be used in the next release of lm-eval. `tag` will be used to allow to call a collection of tasks just like `group`. `group` will be removed in order to not cause confusion with the new ConfigurableGroup which will be the offical way to create groups with addition of group-wide configuations.
[2026-01-02 11:10:21,314][lm-eval][WARNING] - Overwriting default num_fewshot of _ro_winogrande from None to 5
[2026-01-02 11:10:21,314][lm-eval][INFO] - Setting fewshot random generator seed to 23
[2026-01-02 11:10:21,316][lm-eval][INFO] - Building contexts for _ro_winogrande on rank 0...
[2026-01-02 11:10:21,432][lm-eval][INFO] - Running loglikelihood requests
[2026-01-02 11:10:51,308][lm-eval][WARNING] - Failed to get model SHA for outputs/milestone_meta-llama_Llama-3.2-1B-Instruct_r16/merged/checkpoint-228 at revision main. Error: Repo id must be in the form 'repo_name' or 'namespace/repo_name': 'outputs/milestone_meta-llama_Llama-3.2-1B-Instruct_r16/merged/checkpoint-228'. Use `repo_type` argument if needed.
[2026-01-02 11:10:52,305][__name__][INFO] - ✅ Finished _ro_winogrande
[2026-01-02 11:10:52,398][__name__][INFO] - 💾 Saved partial results: /home/dan-parii/Documents/ContinualPretrainRo/continual_pretrain/eval_results/outputs_milestone_meta-llama_Llama-3.2-1B-Instruct_r16_merged_checkpoint-228/2026-01-02_11-10-13/_ro_winogrande.json
[2026-01-02 11:10:52,399][__name__][INFO] - 🚀 Running evaluation for _ro_belebele | fewshot=0 | limit=1000
[2026-01-02 11:10:52,399][__name__][INFO] - Running outputs/milestone_meta-llama_Llama-3.2-1B-Instruct_r16/merged/checkpoint-228 with apply_chat_template True
[2026-01-02 11:10:52,399][__name__][INFO] - 📝 Using fewshot_as_multiturn=True and custom system instruction
[2026-01-02 11:10:52,400][lm-eval][INFO] - Setting random seed to 23 | Setting numpy seed to 23 | Setting torch manual seed to 23
[2026-01-02 11:10:52,401][lm-eval][INFO] - Initializing hf model, with arguments: {'pretrained': 'outputs/milestone_meta-llama_Llama-3.2-1B-Instruct_r16/merged/checkpoint-228', 'tokenizer': 'outputs/milestone_meta-llama_Llama-3.2-1B-Instruct_r16/merged/checkpoint-228', 'max_length': 4096, 'eval_max_length': 16384, 'truncation': True, 'dtype': 'bfloat16'}
[2026-01-02 11:10:52,402][lm-eval][INFO] - Using device 'cuda'
[2026-01-02 11:10:53,099][lm-eval][INFO] - `group` and `group_alias` keys in tasks' configs will no longer be used in the next release of lm-eval. `tag` will be used to allow to call a collection of tasks just like `group`. `group` will be removed in order to not cause confusion with the new ConfigurableGroup which will be the offical way to create groups with addition of group-wide configuations.
[2026-01-02 11:10:58,059][lm-eval][WARNING] - Overwriting default num_fewshot of _ro_belebele from None to 0
[2026-01-02 11:10:58,059][lm-eval][INFO] - Setting fewshot random generator seed to 23
[2026-01-02 11:10:58,060][lm-eval][INFO] - Building contexts for _ro_belebele on rank 0...
[2026-01-02 11:10:58,710][lm-eval][INFO] - Running loglikelihood requests
[2026-01-02 11:11:51,654][lm-eval][WARNING] - Failed to get model SHA for outputs/milestone_meta-llama_Llama-3.2-1B-Instruct_r16/merged/checkpoint-228 at revision main. Error: Repo id must be in the form 'repo_name' or 'namespace/repo_name': 'outputs/milestone_meta-llama_Llama-3.2-1B-Instruct_r16/merged/checkpoint-228'. Use `repo_type` argument if needed.
[2026-01-02 11:11:52,743][__name__][INFO] - ✅ Finished _ro_belebele
[2026-01-02 11:11:52,836][__name__][INFO] - 💾 Saved partial results: /home/dan-parii/Documents/ContinualPretrainRo/continual_pretrain/eval_results/outputs_milestone_meta-llama_Llama-3.2-1B-Instruct_r16_merged_checkpoint-228/2026-01-02_11-10-13/_ro_belebele.json
[2026-01-02 11:11:52,836][__name__][INFO] - 🚀 Running evaluation for ro_wiki | fewshot=0 | limit=1000
[2026-01-02 11:11:52,836][__name__][INFO] - Running outputs/milestone_meta-llama_Llama-3.2-1B-Instruct_r16/merged/checkpoint-228 with apply_chat_template True
[2026-01-02 11:11:52,838][lm-eval][INFO] - Setting random seed to 23 | Setting numpy seed to 23 | Setting torch manual seed to 23
[2026-01-02 11:11:52,838][lm-eval][INFO] - Initializing hf model, with arguments: {'pretrained': 'outputs/milestone_meta-llama_Llama-3.2-1B-Instruct_r16/merged/checkpoint-228', 'tokenizer': 'outputs/milestone_meta-llama_Llama-3.2-1B-Instruct_r16/merged/checkpoint-228', 'max_length': 4096, 'eval_max_length': 16384, 'truncation': True, 'dtype': 'bfloat16'}
[2026-01-02 11:11:52,839][lm-eval][INFO] - Using device 'cuda'
[2026-01-02 11:11:53,520][lm-eval][INFO] - `group` and `group_alias` keys in tasks' configs will no longer be used in the next release of lm-eval. `tag` will be used to allow to call a collection of tasks just like `group`. `group` will be removed in order to not cause confusion with the new ConfigurableGroup which will be the offical way to create groups with addition of group-wide configuations.
[2026-01-02 11:11:56,422][lm-eval][WARNING] - [Task: ro_wiki] metric word_perplexity is defined, but aggregation is not. using default aggregation=weighted_perplexity
[2026-01-02 11:11:56,422][lm-eval][WARNING] - [Task: ro_wiki] metric word_perplexity is defined, but higher_is_better is not. using default higher_is_better=False
[2026-01-02 11:11:56,422][lm-eval][WARNING] - [Task: ro_wiki] metric byte_perplexity is defined, but aggregation is not. using default aggregation=weighted_perplexity
[2026-01-02 11:11:56,423][lm-eval][WARNING] - [Task: ro_wiki] metric byte_perplexity is defined, but higher_is_better is not. using default higher_is_better=False
[2026-01-02 11:11:56,423][lm-eval][WARNING] - [Task: ro_wiki] metric bits_per_byte is defined, but aggregation is not. using default aggregation=bits_per_byte
[2026-01-02 11:11:56,423][lm-eval][WARNING] - [Task: ro_wiki] metric bits_per_byte is defined, but higher_is_better is not. using default higher_is_better=False
[2026-01-02 11:12:06,326][lm-eval][WARNING] - Overwriting default num_fewshot of ro_wiki from None to 0
[2026-01-02 11:12:06,326][lm-eval][INFO] - Setting fewshot random generator seed to 23
[2026-01-02 11:12:06,328][lm-eval][INFO] - Building contexts for ro_wiki on rank 0...
[2026-01-02 11:12:06,489][lm-eval][INFO] - Running loglikelihood_rolling requests
[2026-01-02 11:12:44,708][lm-eval][WARNING] - Failed to get model SHA for outputs/milestone_meta-llama_Llama-3.2-1B-Instruct_r16/merged/checkpoint-228 at revision main. Error: Repo id must be in the form 'repo_name' or 'namespace/repo_name': 'outputs/milestone_meta-llama_Llama-3.2-1B-Instruct_r16/merged/checkpoint-228'. Use `repo_type` argument if needed.
[2026-01-02 11:12:45,809][__name__][INFO] - ✅ Finished ro_wiki
[2026-01-02 11:12:45,929][__name__][INFO] - 💾 Saved partial results: /home/dan-parii/Documents/ContinualPretrainRo/continual_pretrain/eval_results/outputs_milestone_meta-llama_Llama-3.2-1B-Instruct_r16_merged_checkpoint-228/2026-01-02_11-10-13/ro_wiki.json
[2026-01-02 11:12:45,930][__name__][INFO] - 🚀 Running evaluation for _ro_arc_challenge | fewshot=5 | limit=1000
[2026-01-02 11:12:45,930][__name__][INFO] - Running outputs/milestone_meta-llama_Llama-3.2-1B-Instruct_r16/merged/checkpoint-228 with apply_chat_template True
[2026-01-02 11:12:45,930][__name__][INFO] - 📝 Using fewshot_as_multiturn=True and custom system instruction
[2026-01-02 11:12:45,931][lm-eval][INFO] - Setting random seed to 23 | Setting numpy seed to 23 | Setting torch manual seed to 23
[2026-01-02 11:12:45,932][lm-eval][INFO] - Initializing hf model, with arguments: {'pretrained': 'outputs/milestone_meta-llama_Llama-3.2-1B-Instruct_r16/merged/checkpoint-228', 'tokenizer': 'outputs/milestone_meta-llama_Llama-3.2-1B-Instruct_r16/merged/checkpoint-228', 'max_length': 4096, 'eval_max_length': 16384, 'truncation': True, 'dtype': 'bfloat16'}
[2026-01-02 11:12:45,932][lm-eval][INFO] - Using device 'cuda'
[2026-01-02 11:12:46,618][lm-eval][INFO] - `group` and `group_alias` keys in tasks' configs will no longer be used in the next release of lm-eval. `tag` will be used to allow to call a collection of tasks just like `group`. `group` will be removed in order to not cause confusion with the new ConfigurableGroup which will be the offical way to create groups with addition of group-wide configuations.
[2026-01-02 11:12:52,085][lm-eval][WARNING] - Overwriting default num_fewshot of _ro_arc_challenge from None to 5
[2026-01-02 11:12:52,086][lm-eval][INFO] - Setting fewshot random generator seed to 23
[2026-01-02 11:12:52,088][lm-eval][INFO] - Building contexts for _ro_arc_challenge on rank 0...
[2026-01-02 11:12:53,525][lm-eval][INFO] - Running loglikelihood requests
[2026-01-02 11:14:23,890][lm-eval][WARNING] - Failed to get model SHA for outputs/milestone_meta-llama_Llama-3.2-1B-Instruct_r16/merged/checkpoint-228 at revision main. Error: Repo id must be in the form 'repo_name' or 'namespace/repo_name': 'outputs/milestone_meta-llama_Llama-3.2-1B-Instruct_r16/merged/checkpoint-228'. Use `repo_type` argument if needed.
[2026-01-02 11:14:25,004][__name__][INFO] - ✅ Finished _ro_arc_challenge
[2026-01-02 11:14:25,197][__name__][INFO] - 💾 Saved partial results: /home/dan-parii/Documents/ContinualPretrainRo/continual_pretrain/eval_results/outputs_milestone_meta-llama_Llama-3.2-1B-Instruct_r16_merged_checkpoint-228/2026-01-02_11-10-13/_ro_arc_challenge.json
[2026-01-02 11:14:25,198][__name__][INFO] - 🚀 Running evaluation for arc_challenge | fewshot=5 | limit=1000
[2026-01-02 11:14:25,198][__name__][INFO] - Running outputs/milestone_meta-llama_Llama-3.2-1B-Instruct_r16/merged/checkpoint-228 with apply_chat_template True
[2026-01-02 11:14:25,198][__name__][INFO] - 📝 Using fewshot_as_multiturn=True and custom system instruction
[2026-01-02 11:14:25,199][lm-eval][INFO] - Setting random seed to 23 | Setting numpy seed to 23 | Setting torch manual seed to 23
[2026-01-02 11:14:25,199][lm-eval][INFO] - Initializing hf model, with arguments: {'pretrained': 'outputs/milestone_meta-llama_Llama-3.2-1B-Instruct_r16/merged/checkpoint-228', 'tokenizer': 'outputs/milestone_meta-llama_Llama-3.2-1B-Instruct_r16/merged/checkpoint-228', 'max_length': 4096, 'eval_max_length': 16384, 'truncation': True, 'dtype': 'bfloat16'}
[2026-01-02 11:14:25,200][lm-eval][INFO] - Using device 'cuda'
[2026-01-02 11:14:25,873][lm-eval][INFO] - `group` and `group_alias` keys in tasks' configs will no longer be used in the next release of lm-eval. `tag` will be used to allow to call a collection of tasks just like `group`. `group` will be removed in order to not cause confusion with the new ConfigurableGroup which will be the offical way to create groups with addition of group-wide configuations.
[2026-01-02 11:14:39,789][lm-eval][WARNING] - Overwriting default num_fewshot of arc_challenge from None to 5
[2026-01-02 11:14:39,789][lm-eval][INFO] - Setting fewshot random generator seed to 23
[2026-01-02 11:14:39,790][lm-eval][INFO] - Building contexts for arc_challenge on rank 0...
[2026-01-02 11:14:44,204][lm-eval][INFO] - Running loglikelihood requests
[2026-01-02 11:15:42,055][lm-eval][WARNING] - Failed to get model SHA for outputs/milestone_meta-llama_Llama-3.2-1B-Instruct_r16/merged/checkpoint-228 at revision main. Error: Repo id must be in the form 'repo_name' or 'namespace/repo_name': 'outputs/milestone_meta-llama_Llama-3.2-1B-Instruct_r16/merged/checkpoint-228'. Use `repo_type` argument if needed.
[2026-01-02 11:15:43,124][__name__][INFO] - ✅ Finished arc_challenge
[2026-01-02 11:15:43,311][__name__][INFO] - 💾 Saved partial results: /home/dan-parii/Documents/ContinualPretrainRo/continual_pretrain/eval_results/outputs_milestone_meta-llama_Llama-3.2-1B-Instruct_r16_merged_checkpoint-228/2026-01-02_11-10-13/arc_challenge.json
[2026-01-02 11:15:43,311][__name__][INFO] - 🚀 Running evaluation for winogrande | fewshot=5 | limit=1000
[2026-01-02 11:15:43,312][__name__][INFO] - Running outputs/milestone_meta-llama_Llama-3.2-1B-Instruct_r16/merged/checkpoint-228 with apply_chat_template True
[2026-01-02 11:15:43,312][__name__][INFO] - 📝 Using fewshot_as_multiturn=True and custom system instruction
[2026-01-02 11:15:43,313][lm-eval][INFO] - Setting random seed to 23 | Setting numpy seed to 23 | Setting torch manual seed to 23
[2026-01-02 11:15:43,313][lm-eval][INFO] - Initializing hf model, with arguments: {'pretrained': 'outputs/milestone_meta-llama_Llama-3.2-1B-Instruct_r16/merged/checkpoint-228', 'tokenizer': 'outputs/milestone_meta-llama_Llama-3.2-1B-Instruct_r16/merged/checkpoint-228', 'max_length': 4096, 'eval_max_length': 16384, 'truncation': True, 'dtype': 'bfloat16'}
[2026-01-02 11:15:43,314][lm-eval][INFO] - Using device 'cuda'
[2026-01-02 11:15:44,000][lm-eval][INFO] - `group` and `group_alias` keys in tasks' configs will no longer be used in the next release of lm-eval. `tag` will be used to allow to call a collection of tasks just like `group`. `group` will be removed in order to not cause confusion with the new ConfigurableGroup which will be the offical way to create groups with addition of group-wide configuations.
[2026-01-02 11:15:46,902][datasets.load][ERROR] - `trust_remote_code` is not supported anymore.
Please check that the Hugging Face dataset 'winogrande' isn't based on a loading script and remove `trust_remote_code`.
If the dataset is based on a loading script, please ask the dataset author to remove it and convert it to a standard format like Parquet.
[2026-01-02 11:15:53,392][lm-eval][WARNING] - Overwriting default num_fewshot of winogrande from None to 5
[2026-01-02 11:15:53,393][lm-eval][INFO] - Setting fewshot random generator seed to 23
[2026-01-02 11:15:53,396][lm-eval][INFO] - Building contexts for winogrande on rank 0...
[2026-01-02 11:15:53,488][lm-eval][INFO] - Running loglikelihood requests
[2026-01-02 11:16:14,019][lm-eval][WARNING] - Failed to get model SHA for outputs/milestone_meta-llama_Llama-3.2-1B-Instruct_r16/merged/checkpoint-228 at revision main. Error: Repo id must be in the form 'repo_name' or 'namespace/repo_name': 'outputs/milestone_meta-llama_Llama-3.2-1B-Instruct_r16/merged/checkpoint-228'. Use `repo_type` argument if needed.
[2026-01-02 11:16:15,153][__name__][INFO] - ✅ Finished winogrande
[2026-01-02 11:16:15,241][__name__][INFO] - 💾 Saved partial results: /home/dan-parii/Documents/ContinualPretrainRo/continual_pretrain/eval_results/outputs_milestone_meta-llama_Llama-3.2-1B-Instruct_r16_merged_checkpoint-228/2026-01-02_11-10-13/winogrande.json
[2026-01-02 11:16:15,241][__name__][INFO] - 🚀 Running evaluation for wikitext | fewshot=5 | limit=1000
[2026-01-02 11:16:15,242][__name__][INFO] - Running outputs/milestone_meta-llama_Llama-3.2-1B-Instruct_r16/merged/checkpoint-228 with apply_chat_template True
[2026-01-02 11:16:15,243][lm-eval][INFO] - Setting random seed to 23 | Setting numpy seed to 23 | Setting torch manual seed to 23
[2026-01-02 11:16:15,243][lm-eval][INFO] - Initializing hf model, with arguments: {'pretrained': 'outputs/milestone_meta-llama_Llama-3.2-1B-Instruct_r16/merged/checkpoint-228', 'tokenizer': 'outputs/milestone_meta-llama_Llama-3.2-1B-Instruct_r16/merged/checkpoint-228', 'max_length': 4096, 'eval_max_length': 16384, 'truncation': True, 'dtype': 'bfloat16'}
[2026-01-02 11:16:15,244][lm-eval][INFO] - Using device 'cuda'
[2026-01-02 11:16:15,926][lm-eval][INFO] - `group` and `group_alias` keys in tasks' configs will no longer be used in the next release of lm-eval. `tag` will be used to allow to call a collection of tasks just like `group`. `group` will be removed in order to not cause confusion with the new ConfigurableGroup which will be the offical way to create groups with addition of group-wide configuations.
[2026-01-02 11:16:18,824][lm-eval][WARNING] - [Task: wikitext] metric word_perplexity is defined, but aggregation is not. using default aggregation=weighted_perplexity
[2026-01-02 11:16:18,824][lm-eval][WARNING] - [Task: wikitext] metric word_perplexity is defined, but higher_is_better is not. using default higher_is_better=False
[2026-01-02 11:16:18,825][lm-eval][WARNING] - [Task: wikitext] metric byte_perplexity is defined, but aggregation is not. using default aggregation=weighted_perplexity
[2026-01-02 11:16:18,825][lm-eval][WARNING] - [Task: wikitext] metric byte_perplexity is defined, but higher_is_better is not. using default higher_is_better=False
[2026-01-02 11:16:18,825][lm-eval][WARNING] - [Task: wikitext] metric bits_per_byte is defined, but aggregation is not. using default aggregation=bits_per_byte
[2026-01-02 11:16:18,826][lm-eval][WARNING] - [Task: wikitext] metric bits_per_byte is defined, but higher_is_better is not. using default higher_is_better=False
[2026-01-02 11:16:18,826][datasets.load][ERROR] - `trust_remote_code` is not supported anymore.
Please check that the Hugging Face dataset 'EleutherAI/wikitext_document_level' isn't based on a loading script and remove `trust_remote_code`.
If the dataset is based on a loading script, please ask the dataset author to remove it and convert it to a standard format like Parquet.
[2026-01-02 11:16:22,040][lm-eval][WARNING] - Overwriting default num_fewshot of wikitext from None to 5
[2026-01-02 11:16:22,041][lm-eval][INFO] - Setting fewshot random generator seed to 23
[2026-01-02 11:16:22,042][lm-eval][INFO] - Building contexts for wikitext on rank 0...
[2026-01-02 11:16:24,859][lm-eval][INFO] - Running loglikelihood_rolling requests
[2026-01-02 11:18:44,381][lm-eval][WARNING] - Failed to get model SHA for outputs/milestone_meta-llama_Llama-3.2-1B-Instruct_r16/merged/checkpoint-228 at revision main. Error: Repo id must be in the form 'repo_name' or 'namespace/repo_name': 'outputs/milestone_meta-llama_Llama-3.2-1B-Instruct_r16/merged/checkpoint-228'. Use `repo_type` argument if needed.
[2026-01-02 11:18:45,546][__name__][INFO] - ✅ Finished wikitext
[2026-01-02 11:18:45,975][__name__][INFO] - 💾 Saved partial results: /home/dan-parii/Documents/ContinualPretrainRo/continual_pretrain/eval_results/outputs_milestone_meta-llama_Llama-3.2-1B-Instruct_r16_merged_checkpoint-228/2026-01-02_11-10-13/wikitext.json
[2026-01-02 11:18:46,873][__name__][INFO] - 📁 Combined results saved to: /home/dan-parii/Documents/ContinualPretrainRo/continual_pretrain/eval_results/outputs_milestone_meta-llama_Llama-3.2-1B-Instruct_r16_merged_checkpoint-228/2026-01-02_11-10-13/eval_results.json
[2026-01-02 11:18:46,873][__name__][INFO] - 📊 Summary:
[2026-01-02 11:18:46,874][__name__][INFO] -   - _ro_winogrande: {'acc,none': 0.498, 'acc_stderr,none': 0.01581917337430266}
[2026-01-02 11:18:46,874][__name__][INFO] -   - _ro_belebele: {'acc_norm,none': 0.3111111111111111, 'acc_norm_stderr,none': 0.015440185195103361}
[2026-01-02 11:18:46,874][__name__][INFO] -   - ro_wiki: {'word_perplexity,none': 102.67332211106928, 'byte_perplexity,none': 1.981369262324342, 'bits_per_byte,none': 0.986497776380377}
[2026-01-02 11:18:46,874][__name__][INFO] -   - _ro_arc_challenge: {'acc_norm,none': 0.257, 'acc_norm_stderr,none': 0.013825416526895026}
[2026-01-02 11:18:46,874][__name__][INFO] -   - arc_challenge: {'acc,none': 0.373, 'acc_stderr,none': 0.015300493622922927, 'acc_norm,none': 0.374, 'acc_norm_stderr,none': 0.015308767369006505}
[2026-01-02 11:18:46,875][__name__][INFO] -   - winogrande: {'acc,none': 0.597, 'acc_stderr,none': 0.015518757419066512}
[2026-01-02 11:18:46,875][__name__][INFO] -   - wikitext: {'word_perplexity,none': 16.865233318424597, 'byte_perplexity,none': 1.6993143302873301, 'bits_per_byte,none': 0.7649527393983616}
[2026-01-02 11:18:47,958][__name__][INFO] - 📊 W&B run finished
[2026-01-02 11:41:12,893][__name__][INFO] - Starting Romanian evaluation run
[2026-01-02 11:41:13,044][__name__][INFO] - 🚀 CUDA is available. Using GPU: NVIDIA GeForce RTX 3090
[2026-01-02 11:41:13,051][__name__][INFO] - 📁 Results will be saved in: /home/dan-parii/Documents/ContinualPretrainRo/continual_pretrain/eval_results/outputs_milestone_meta-llama_Llama-3.2-1B-Instruct_r16_merged_checkpoint-305/2026-01-02_11-41-13
[2026-01-02 11:41:14,772][__name__][INFO] - 📊 W&B logging enabled with GPU monitoring
[2026-01-02 11:41:14,773][__name__][INFO] - 🚀 Running evaluation for _ro_winogrande | fewshot=5 | limit=1000
[2026-01-02 11:41:14,773][__name__][INFO] - Running outputs/milestone_meta-llama_Llama-3.2-1B-Instruct_r16/merged/checkpoint-305 with apply_chat_template True
[2026-01-02 11:41:14,773][__name__][INFO] - 📝 Using fewshot_as_multiturn=True and custom system instruction
[2026-01-02 11:41:14,777][lm-eval][INFO] - Setting random seed to 23 | Setting numpy seed to 23 | Setting torch manual seed to 23
[2026-01-02 11:41:14,778][lm-eval][INFO] - Initializing hf model, with arguments: {'pretrained': 'outputs/milestone_meta-llama_Llama-3.2-1B-Instruct_r16/merged/checkpoint-305', 'tokenizer': 'outputs/milestone_meta-llama_Llama-3.2-1B-Instruct_r16/merged/checkpoint-305', 'max_length': 4096, 'eval_max_length': 16384, 'truncation': True, 'dtype': 'bfloat16'}
[2026-01-02 11:41:14,828][lm-eval][INFO] - Using device 'cuda'
[2026-01-02 11:41:15,682][lm-eval][INFO] - `group` and `group_alias` keys in tasks' configs will no longer be used in the next release of lm-eval. `tag` will be used to allow to call a collection of tasks just like `group`. `group` will be removed in order to not cause confusion with the new ConfigurableGroup which will be the offical way to create groups with addition of group-wide configuations.
[2026-01-02 11:41:21,407][lm-eval][WARNING] - Overwriting default num_fewshot of _ro_winogrande from None to 5
[2026-01-02 11:41:21,407][lm-eval][INFO] - Setting fewshot random generator seed to 23
[2026-01-02 11:41:21,409][lm-eval][INFO] - Building contexts for _ro_winogrande on rank 0...
[2026-01-02 11:41:21,522][lm-eval][INFO] - Running loglikelihood requests
[2026-01-02 11:41:51,403][lm-eval][WARNING] - Failed to get model SHA for outputs/milestone_meta-llama_Llama-3.2-1B-Instruct_r16/merged/checkpoint-305 at revision main. Error: Repo id must be in the form 'repo_name' or 'namespace/repo_name': 'outputs/milestone_meta-llama_Llama-3.2-1B-Instruct_r16/merged/checkpoint-305'. Use `repo_type` argument if needed.
[2026-01-02 11:41:52,391][__name__][INFO] - ✅ Finished _ro_winogrande
[2026-01-02 11:41:52,483][__name__][INFO] - 💾 Saved partial results: /home/dan-parii/Documents/ContinualPretrainRo/continual_pretrain/eval_results/outputs_milestone_meta-llama_Llama-3.2-1B-Instruct_r16_merged_checkpoint-305/2026-01-02_11-41-13/_ro_winogrande.json
[2026-01-02 11:41:52,483][__name__][INFO] - 🚀 Running evaluation for _ro_belebele | fewshot=0 | limit=1000
[2026-01-02 11:41:52,484][__name__][INFO] - Running outputs/milestone_meta-llama_Llama-3.2-1B-Instruct_r16/merged/checkpoint-305 with apply_chat_template True
[2026-01-02 11:41:52,484][__name__][INFO] - 📝 Using fewshot_as_multiturn=True and custom system instruction
[2026-01-02 11:41:52,485][lm-eval][INFO] - Setting random seed to 23 | Setting numpy seed to 23 | Setting torch manual seed to 23
[2026-01-02 11:41:52,485][lm-eval][INFO] - Initializing hf model, with arguments: {'pretrained': 'outputs/milestone_meta-llama_Llama-3.2-1B-Instruct_r16/merged/checkpoint-305', 'tokenizer': 'outputs/milestone_meta-llama_Llama-3.2-1B-Instruct_r16/merged/checkpoint-305', 'max_length': 4096, 'eval_max_length': 16384, 'truncation': True, 'dtype': 'bfloat16'}
[2026-01-02 11:41:52,486][lm-eval][INFO] - Using device 'cuda'
[2026-01-02 11:41:53,190][lm-eval][INFO] - `group` and `group_alias` keys in tasks' configs will no longer be used in the next release of lm-eval. `tag` will be used to allow to call a collection of tasks just like `group`. `group` will be removed in order to not cause confusion with the new ConfigurableGroup which will be the offical way to create groups with addition of group-wide configuations.
[2026-01-02 11:42:03,110][lm-eval][WARNING] - Overwriting default num_fewshot of _ro_belebele from None to 0
[2026-01-02 11:42:03,110][lm-eval][INFO] - Setting fewshot random generator seed to 23
[2026-01-02 11:42:03,111][lm-eval][INFO] - Building contexts for _ro_belebele on rank 0...
[2026-01-02 11:42:03,777][lm-eval][INFO] - Running loglikelihood requests
[2026-01-02 11:42:56,685][lm-eval][WARNING] - Failed to get model SHA for outputs/milestone_meta-llama_Llama-3.2-1B-Instruct_r16/merged/checkpoint-305 at revision main. Error: Repo id must be in the form 'repo_name' or 'namespace/repo_name': 'outputs/milestone_meta-llama_Llama-3.2-1B-Instruct_r16/merged/checkpoint-305'. Use `repo_type` argument if needed.
[2026-01-02 11:42:57,733][__name__][INFO] - ✅ Finished _ro_belebele
[2026-01-02 11:42:57,825][__name__][INFO] - 💾 Saved partial results: /home/dan-parii/Documents/ContinualPretrainRo/continual_pretrain/eval_results/outputs_milestone_meta-llama_Llama-3.2-1B-Instruct_r16_merged_checkpoint-305/2026-01-02_11-41-13/_ro_belebele.json
[2026-01-02 11:42:57,825][__name__][INFO] - 🚀 Running evaluation for ro_wiki | fewshot=0 | limit=1000
[2026-01-02 11:42:57,826][__name__][INFO] - Running outputs/milestone_meta-llama_Llama-3.2-1B-Instruct_r16/merged/checkpoint-305 with apply_chat_template True
[2026-01-02 11:42:57,827][lm-eval][INFO] - Setting random seed to 23 | Setting numpy seed to 23 | Setting torch manual seed to 23
[2026-01-02 11:42:57,827][lm-eval][INFO] - Initializing hf model, with arguments: {'pretrained': 'outputs/milestone_meta-llama_Llama-3.2-1B-Instruct_r16/merged/checkpoint-305', 'tokenizer': 'outputs/milestone_meta-llama_Llama-3.2-1B-Instruct_r16/merged/checkpoint-305', 'max_length': 4096, 'eval_max_length': 16384, 'truncation': True, 'dtype': 'bfloat16'}
[2026-01-02 11:42:57,828][lm-eval][INFO] - Using device 'cuda'
[2026-01-02 11:42:58,510][lm-eval][INFO] - `group` and `group_alias` keys in tasks' configs will no longer be used in the next release of lm-eval. `tag` will be used to allow to call a collection of tasks just like `group`. `group` will be removed in order to not cause confusion with the new ConfigurableGroup which will be the offical way to create groups with addition of group-wide configuations.
[2026-01-02 11:43:01,468][lm-eval][WARNING] - [Task: ro_wiki] metric word_perplexity is defined, but aggregation is not. using default aggregation=weighted_perplexity
[2026-01-02 11:43:01,469][lm-eval][WARNING] - [Task: ro_wiki] metric word_perplexity is defined, but higher_is_better is not. using default higher_is_better=False
[2026-01-02 11:43:01,469][lm-eval][WARNING] - [Task: ro_wiki] metric byte_perplexity is defined, but aggregation is not. using default aggregation=weighted_perplexity
[2026-01-02 11:43:01,469][lm-eval][WARNING] - [Task: ro_wiki] metric byte_perplexity is defined, but higher_is_better is not. using default higher_is_better=False
[2026-01-02 11:43:01,470][lm-eval][WARNING] - [Task: ro_wiki] metric bits_per_byte is defined, but aggregation is not. using default aggregation=bits_per_byte
[2026-01-02 11:43:01,470][lm-eval][WARNING] - [Task: ro_wiki] metric bits_per_byte is defined, but higher_is_better is not. using default higher_is_better=False
[2026-01-02 11:43:06,233][lm-eval][WARNING] - Overwriting default num_fewshot of ro_wiki from None to 0
[2026-01-02 11:43:06,233][lm-eval][INFO] - Setting fewshot random generator seed to 23
[2026-01-02 11:43:06,234][lm-eval][INFO] - Building contexts for ro_wiki on rank 0...
[2026-01-02 11:43:06,394][lm-eval][INFO] - Running loglikelihood_rolling requests
[2026-01-02 11:43:44,601][lm-eval][WARNING] - Failed to get model SHA for outputs/milestone_meta-llama_Llama-3.2-1B-Instruct_r16/merged/checkpoint-305 at revision main. Error: Repo id must be in the form 'repo_name' or 'namespace/repo_name': 'outputs/milestone_meta-llama_Llama-3.2-1B-Instruct_r16/merged/checkpoint-305'. Use `repo_type` argument if needed.
[2026-01-02 11:43:45,646][__name__][INFO] - ✅ Finished ro_wiki
[2026-01-02 11:43:45,765][__name__][INFO] - 💾 Saved partial results: /home/dan-parii/Documents/ContinualPretrainRo/continual_pretrain/eval_results/outputs_milestone_meta-llama_Llama-3.2-1B-Instruct_r16_merged_checkpoint-305/2026-01-02_11-41-13/ro_wiki.json
[2026-01-02 11:43:45,766][__name__][INFO] - 🚀 Running evaluation for _ro_arc_challenge | fewshot=5 | limit=1000
[2026-01-02 11:43:45,766][__name__][INFO] - Running outputs/milestone_meta-llama_Llama-3.2-1B-Instruct_r16/merged/checkpoint-305 with apply_chat_template True
[2026-01-02 11:43:45,766][__name__][INFO] - 📝 Using fewshot_as_multiturn=True and custom system instruction
[2026-01-02 11:43:45,767][lm-eval][INFO] - Setting random seed to 23 | Setting numpy seed to 23 | Setting torch manual seed to 23
[2026-01-02 11:43:45,768][lm-eval][INFO] - Initializing hf model, with arguments: {'pretrained': 'outputs/milestone_meta-llama_Llama-3.2-1B-Instruct_r16/merged/checkpoint-305', 'tokenizer': 'outputs/milestone_meta-llama_Llama-3.2-1B-Instruct_r16/merged/checkpoint-305', 'max_length': 4096, 'eval_max_length': 16384, 'truncation': True, 'dtype': 'bfloat16'}
[2026-01-02 11:43:45,768][lm-eval][INFO] - Using device 'cuda'
[2026-01-02 11:43:46,460][lm-eval][INFO] - `group` and `group_alias` keys in tasks' configs will no longer be used in the next release of lm-eval. `tag` will be used to allow to call a collection of tasks just like `group`. `group` will be removed in order to not cause confusion with the new ConfigurableGroup which will be the offical way to create groups with addition of group-wide configuations.
[2026-01-02 11:43:51,507][lm-eval][WARNING] - Overwriting default num_fewshot of _ro_arc_challenge from None to 5
[2026-01-02 11:43:51,508][lm-eval][INFO] - Setting fewshot random generator seed to 23
[2026-01-02 11:43:51,509][lm-eval][INFO] - Building contexts for _ro_arc_challenge on rank 0...
[2026-01-02 11:43:52,949][lm-eval][INFO] - Running loglikelihood requests
[2026-01-02 11:45:23,445][lm-eval][WARNING] - Failed to get model SHA for outputs/milestone_meta-llama_Llama-3.2-1B-Instruct_r16/merged/checkpoint-305 at revision main. Error: Repo id must be in the form 'repo_name' or 'namespace/repo_name': 'outputs/milestone_meta-llama_Llama-3.2-1B-Instruct_r16/merged/checkpoint-305'. Use `repo_type` argument if needed.
[2026-01-02 11:45:24,526][__name__][INFO] - ✅ Finished _ro_arc_challenge
[2026-01-02 11:45:24,716][__name__][INFO] - 💾 Saved partial results: /home/dan-parii/Documents/ContinualPretrainRo/continual_pretrain/eval_results/outputs_milestone_meta-llama_Llama-3.2-1B-Instruct_r16_merged_checkpoint-305/2026-01-02_11-41-13/_ro_arc_challenge.json
[2026-01-02 11:45:24,717][__name__][INFO] - 🚀 Running evaluation for arc_challenge | fewshot=5 | limit=1000
[2026-01-02 11:45:24,717][__name__][INFO] - Running outputs/milestone_meta-llama_Llama-3.2-1B-Instruct_r16/merged/checkpoint-305 with apply_chat_template True
[2026-01-02 11:45:24,717][__name__][INFO] - 📝 Using fewshot_as_multiturn=True and custom system instruction
[2026-01-02 11:45:24,718][lm-eval][INFO] - Setting random seed to 23 | Setting numpy seed to 23 | Setting torch manual seed to 23
[2026-01-02 11:45:24,719][lm-eval][INFO] - Initializing hf model, with arguments: {'pretrained': 'outputs/milestone_meta-llama_Llama-3.2-1B-Instruct_r16/merged/checkpoint-305', 'tokenizer': 'outputs/milestone_meta-llama_Llama-3.2-1B-Instruct_r16/merged/checkpoint-305', 'max_length': 4096, 'eval_max_length': 16384, 'truncation': True, 'dtype': 'bfloat16'}
[2026-01-02 11:45:24,719][lm-eval][INFO] - Using device 'cuda'
[2026-01-02 11:45:25,402][lm-eval][INFO] - `group` and `group_alias` keys in tasks' configs will no longer be used in the next release of lm-eval. `tag` will be used to allow to call a collection of tasks just like `group`. `group` will be removed in order to not cause confusion with the new ConfigurableGroup which will be the offical way to create groups with addition of group-wide configuations.
[2026-01-02 11:45:30,190][lm-eval][WARNING] - Overwriting default num_fewshot of arc_challenge from None to 5
[2026-01-02 11:45:30,190][lm-eval][INFO] - Setting fewshot random generator seed to 23
[2026-01-02 11:45:30,190][lm-eval][INFO] - Building contexts for arc_challenge on rank 0...
[2026-01-02 11:45:34,621][lm-eval][INFO] - Running loglikelihood requests
[2026-01-02 11:46:32,574][lm-eval][WARNING] - Failed to get model SHA for outputs/milestone_meta-llama_Llama-3.2-1B-Instruct_r16/merged/checkpoint-305 at revision main. Error: Repo id must be in the form 'repo_name' or 'namespace/repo_name': 'outputs/milestone_meta-llama_Llama-3.2-1B-Instruct_r16/merged/checkpoint-305'. Use `repo_type` argument if needed.
[2026-01-02 11:46:33,612][__name__][INFO] - ✅ Finished arc_challenge
[2026-01-02 11:46:33,797][__name__][INFO] - 💾 Saved partial results: /home/dan-parii/Documents/ContinualPretrainRo/continual_pretrain/eval_results/outputs_milestone_meta-llama_Llama-3.2-1B-Instruct_r16_merged_checkpoint-305/2026-01-02_11-41-13/arc_challenge.json
[2026-01-02 11:46:33,798][__name__][INFO] - 🚀 Running evaluation for winogrande | fewshot=5 | limit=1000
[2026-01-02 11:46:33,798][__name__][INFO] - Running outputs/milestone_meta-llama_Llama-3.2-1B-Instruct_r16/merged/checkpoint-305 with apply_chat_template True
[2026-01-02 11:46:33,799][__name__][INFO] - 📝 Using fewshot_as_multiturn=True and custom system instruction
[2026-01-02 11:46:33,800][lm-eval][INFO] - Setting random seed to 23 | Setting numpy seed to 23 | Setting torch manual seed to 23
[2026-01-02 11:46:33,800][lm-eval][INFO] - Initializing hf model, with arguments: {'pretrained': 'outputs/milestone_meta-llama_Llama-3.2-1B-Instruct_r16/merged/checkpoint-305', 'tokenizer': 'outputs/milestone_meta-llama_Llama-3.2-1B-Instruct_r16/merged/checkpoint-305', 'max_length': 4096, 'eval_max_length': 16384, 'truncation': True, 'dtype': 'bfloat16'}
[2026-01-02 11:46:33,801][lm-eval][INFO] - Using device 'cuda'
[2026-01-02 11:46:34,495][lm-eval][INFO] - `group` and `group_alias` keys in tasks' configs will no longer be used in the next release of lm-eval. `tag` will be used to allow to call a collection of tasks just like `group`. `group` will be removed in order to not cause confusion with the new ConfigurableGroup which will be the offical way to create groups with addition of group-wide configuations.
[2026-01-02 11:46:37,482][datasets.load][ERROR] - `trust_remote_code` is not supported anymore.
Please check that the Hugging Face dataset 'winogrande' isn't based on a loading script and remove `trust_remote_code`.
If the dataset is based on a loading script, please ask the dataset author to remove it and convert it to a standard format like Parquet.
[2026-01-02 11:46:41,459][lm-eval][WARNING] - Overwriting default num_fewshot of winogrande from None to 5
[2026-01-02 11:46:41,459][lm-eval][INFO] - Setting fewshot random generator seed to 23
[2026-01-02 11:46:41,464][lm-eval][INFO] - Building contexts for winogrande on rank 0...
[2026-01-02 11:46:41,557][lm-eval][INFO] - Running loglikelihood requests
[2026-01-02 11:47:02,092][lm-eval][WARNING] - Failed to get model SHA for outputs/milestone_meta-llama_Llama-3.2-1B-Instruct_r16/merged/checkpoint-305 at revision main. Error: Repo id must be in the form 'repo_name' or 'namespace/repo_name': 'outputs/milestone_meta-llama_Llama-3.2-1B-Instruct_r16/merged/checkpoint-305'. Use `repo_type` argument if needed.
[2026-01-02 11:47:03,189][__name__][INFO] - ✅ Finished winogrande
[2026-01-02 11:47:03,277][__name__][INFO] - 💾 Saved partial results: /home/dan-parii/Documents/ContinualPretrainRo/continual_pretrain/eval_results/outputs_milestone_meta-llama_Llama-3.2-1B-Instruct_r16_merged_checkpoint-305/2026-01-02_11-41-13/winogrande.json
[2026-01-02 11:47:03,278][__name__][INFO] - 🚀 Running evaluation for wikitext | fewshot=5 | limit=1000
[2026-01-02 11:47:03,278][__name__][INFO] - Running outputs/milestone_meta-llama_Llama-3.2-1B-Instruct_r16/merged/checkpoint-305 with apply_chat_template True
[2026-01-02 11:47:03,279][lm-eval][INFO] - Setting random seed to 23 | Setting numpy seed to 23 | Setting torch manual seed to 23
[2026-01-02 11:47:03,279][lm-eval][INFO] - Initializing hf model, with arguments: {'pretrained': 'outputs/milestone_meta-llama_Llama-3.2-1B-Instruct_r16/merged/checkpoint-305', 'tokenizer': 'outputs/milestone_meta-llama_Llama-3.2-1B-Instruct_r16/merged/checkpoint-305', 'max_length': 4096, 'eval_max_length': 16384, 'truncation': True, 'dtype': 'bfloat16'}
[2026-01-02 11:47:03,280][lm-eval][INFO] - Using device 'cuda'
[2026-01-02 11:47:03,968][lm-eval][INFO] - `group` and `group_alias` keys in tasks' configs will no longer be used in the next release of lm-eval. `tag` will be used to allow to call a collection of tasks just like `group`. `group` will be removed in order to not cause confusion with the new ConfigurableGroup which will be the offical way to create groups with addition of group-wide configuations.
[2026-01-02 11:47:06,956][lm-eval][WARNING] - [Task: wikitext] metric word_perplexity is defined, but aggregation is not. using default aggregation=weighted_perplexity
[2026-01-02 11:47:06,956][lm-eval][WARNING] - [Task: wikitext] metric word_perplexity is defined, but higher_is_better is not. using default higher_is_better=False
[2026-01-02 11:47:06,956][lm-eval][WARNING] - [Task: wikitext] metric byte_perplexity is defined, but aggregation is not. using default aggregation=weighted_perplexity
[2026-01-02 11:47:06,957][lm-eval][WARNING] - [Task: wikitext] metric byte_perplexity is defined, but higher_is_better is not. using default higher_is_better=False
[2026-01-02 11:47:06,957][lm-eval][WARNING] - [Task: wikitext] metric bits_per_byte is defined, but aggregation is not. using default aggregation=bits_per_byte
[2026-01-02 11:47:06,957][lm-eval][WARNING] - [Task: wikitext] metric bits_per_byte is defined, but higher_is_better is not. using default higher_is_better=False
[2026-01-02 11:47:06,957][datasets.load][ERROR] - `trust_remote_code` is not supported anymore.
Please check that the Hugging Face dataset 'EleutherAI/wikitext_document_level' isn't based on a loading script and remove `trust_remote_code`.
If the dataset is based on a loading script, please ask the dataset author to remove it and convert it to a standard format like Parquet.
[2026-01-02 11:47:09,670][lm-eval][WARNING] - Overwriting default num_fewshot of wikitext from None to 5
[2026-01-02 11:47:09,670][lm-eval][INFO] - Setting fewshot random generator seed to 23
[2026-01-02 11:47:09,671][lm-eval][INFO] - Building contexts for wikitext on rank 0...
[2026-01-02 11:47:12,478][lm-eval][INFO] - Running loglikelihood_rolling requests
[2026-01-02 11:49:32,070][lm-eval][WARNING] - Failed to get model SHA for outputs/milestone_meta-llama_Llama-3.2-1B-Instruct_r16/merged/checkpoint-305 at revision main. Error: Repo id must be in the form 'repo_name' or 'namespace/repo_name': 'outputs/milestone_meta-llama_Llama-3.2-1B-Instruct_r16/merged/checkpoint-305'. Use `repo_type` argument if needed.
[2026-01-02 11:49:33,209][__name__][INFO] - ✅ Finished wikitext
[2026-01-02 11:49:33,641][__name__][INFO] - 💾 Saved partial results: /home/dan-parii/Documents/ContinualPretrainRo/continual_pretrain/eval_results/outputs_milestone_meta-llama_Llama-3.2-1B-Instruct_r16_merged_checkpoint-305/2026-01-02_11-41-13/wikitext.json
[2026-01-02 11:49:34,538][__name__][INFO] - 📁 Combined results saved to: /home/dan-parii/Documents/ContinualPretrainRo/continual_pretrain/eval_results/outputs_milestone_meta-llama_Llama-3.2-1B-Instruct_r16_merged_checkpoint-305/2026-01-02_11-41-13/eval_results.json
[2026-01-02 11:49:34,538][__name__][INFO] - 📊 Summary:
[2026-01-02 11:49:34,539][__name__][INFO] -   - _ro_winogrande: {'acc,none': 0.502, 'acc_stderr,none': 0.01581917337430266}
[2026-01-02 11:49:34,539][__name__][INFO] -   - _ro_belebele: {'acc_norm,none': 0.3, 'acc_norm_stderr,none': 0.0152837456462369}
[2026-01-02 11:49:34,539][__name__][INFO] -   - ro_wiki: {'word_perplexity,none': 102.71291697668967, 'byte_perplexity,none': 1.9814820522503365, 'bits_per_byte,none': 0.9865798998081926}
[2026-01-02 11:49:34,539][__name__][INFO] -   - _ro_arc_challenge: {'acc_norm,none': 0.257, 'acc_norm_stderr,none': 0.013825416526895026}
[2026-01-02 11:49:34,539][__name__][INFO] -   - arc_challenge: {'acc,none': 0.377, 'acc_stderr,none': 0.0153331701257798, 'acc_norm,none': 0.371, 'acc_norm_stderr,none': 0.015283736211823096}
[2026-01-02 11:49:34,540][__name__][INFO] -   - winogrande: {'acc,none': 0.597, 'acc_stderr,none': 0.015518757419066512}
[2026-01-02 11:49:34,540][__name__][INFO] -   - wikitext: {'word_perplexity,none': 16.90957909128034, 'byte_perplexity,none': 1.7001519999510473, 'bits_per_byte,none': 0.7656637344645328}
[2026-01-02 11:49:35,635][__name__][INFO] - 📊 W&B run finished
[2026-01-02 12:11:53,908][__name__][INFO] - Starting Romanian evaluation run
[2026-01-02 12:11:54,071][__name__][INFO] - 🚀 CUDA is available. Using GPU: NVIDIA GeForce RTX 3090
[2026-01-02 12:11:54,072][__name__][INFO] - 📁 Results will be saved in: /home/dan-parii/Documents/ContinualPretrainRo/continual_pretrain/eval_results/outputs_milestone_meta-llama_Llama-3.2-1B-Instruct_r16_merged_checkpoint-381/2026-01-02_12-11-54
[2026-01-02 12:11:55,782][__name__][INFO] - 📊 W&B logging enabled with GPU monitoring
[2026-01-02 12:11:55,783][__name__][INFO] - 🚀 Running evaluation for _ro_winogrande | fewshot=5 | limit=1000
[2026-01-02 12:11:55,783][__name__][INFO] - Running outputs/milestone_meta-llama_Llama-3.2-1B-Instruct_r16/merged/checkpoint-381 with apply_chat_template True
[2026-01-02 12:11:55,783][__name__][INFO] - 📝 Using fewshot_as_multiturn=True and custom system instruction
[2026-01-02 12:11:55,789][lm-eval][INFO] - Setting random seed to 23 | Setting numpy seed to 23 | Setting torch manual seed to 23
[2026-01-02 12:11:55,789][lm-eval][INFO] - Initializing hf model, with arguments: {'pretrained': 'outputs/milestone_meta-llama_Llama-3.2-1B-Instruct_r16/merged/checkpoint-381', 'tokenizer': 'outputs/milestone_meta-llama_Llama-3.2-1B-Instruct_r16/merged/checkpoint-381', 'max_length': 4096, 'eval_max_length': 16384, 'truncation': True, 'dtype': 'bfloat16'}
[2026-01-02 12:11:55,853][lm-eval][INFO] - Using device 'cuda'
[2026-01-02 12:11:56,692][lm-eval][INFO] - `group` and `group_alias` keys in tasks' configs will no longer be used in the next release of lm-eval. `tag` will be used to allow to call a collection of tasks just like `group`. `group` will be removed in order to not cause confusion with the new ConfigurableGroup which will be the offical way to create groups with addition of group-wide configuations.
[2026-01-02 12:12:02,972][lm-eval][WARNING] - Overwriting default num_fewshot of _ro_winogrande from None to 5
[2026-01-02 12:12:02,972][lm-eval][INFO] - Setting fewshot random generator seed to 23
[2026-01-02 12:12:02,974][lm-eval][INFO] - Building contexts for _ro_winogrande on rank 0...
[2026-01-02 12:12:03,087][lm-eval][INFO] - Running loglikelihood requests
[2026-01-02 12:12:32,979][lm-eval][WARNING] - Failed to get model SHA for outputs/milestone_meta-llama_Llama-3.2-1B-Instruct_r16/merged/checkpoint-381 at revision main. Error: Repo id must be in the form 'repo_name' or 'namespace/repo_name': 'outputs/milestone_meta-llama_Llama-3.2-1B-Instruct_r16/merged/checkpoint-381'. Use `repo_type` argument if needed.
[2026-01-02 12:12:33,982][__name__][INFO] - ✅ Finished _ro_winogrande
[2026-01-02 12:12:34,076][__name__][INFO] - 💾 Saved partial results: /home/dan-parii/Documents/ContinualPretrainRo/continual_pretrain/eval_results/outputs_milestone_meta-llama_Llama-3.2-1B-Instruct_r16_merged_checkpoint-381/2026-01-02_12-11-54/_ro_winogrande.json
[2026-01-02 12:12:34,076][__name__][INFO] - 🚀 Running evaluation for _ro_belebele | fewshot=0 | limit=1000
[2026-01-02 12:12:34,076][__name__][INFO] - Running outputs/milestone_meta-llama_Llama-3.2-1B-Instruct_r16/merged/checkpoint-381 with apply_chat_template True
[2026-01-02 12:12:34,077][__name__][INFO] - 📝 Using fewshot_as_multiturn=True and custom system instruction
[2026-01-02 12:12:34,078][lm-eval][INFO] - Setting random seed to 23 | Setting numpy seed to 23 | Setting torch manual seed to 23
[2026-01-02 12:12:34,078][lm-eval][INFO] - Initializing hf model, with arguments: {'pretrained': 'outputs/milestone_meta-llama_Llama-3.2-1B-Instruct_r16/merged/checkpoint-381', 'tokenizer': 'outputs/milestone_meta-llama_Llama-3.2-1B-Instruct_r16/merged/checkpoint-381', 'max_length': 4096, 'eval_max_length': 16384, 'truncation': True, 'dtype': 'bfloat16'}
[2026-01-02 12:12:34,079][lm-eval][INFO] - Using device 'cuda'
[2026-01-02 12:12:34,759][lm-eval][INFO] - `group` and `group_alias` keys in tasks' configs will no longer be used in the next release of lm-eval. `tag` will be used to allow to call a collection of tasks just like `group`. `group` will be removed in order to not cause confusion with the new ConfigurableGroup which will be the offical way to create groups with addition of group-wide configuations.
[2026-01-02 12:12:41,199][lm-eval][WARNING] - Overwriting default num_fewshot of _ro_belebele from None to 0
[2026-01-02 12:12:41,199][lm-eval][INFO] - Setting fewshot random generator seed to 23
[2026-01-02 12:12:41,199][lm-eval][INFO] - Building contexts for _ro_belebele on rank 0...
[2026-01-02 12:12:41,859][lm-eval][INFO] - Running loglikelihood requests
[2026-01-02 12:13:34,798][lm-eval][WARNING] - Failed to get model SHA for outputs/milestone_meta-llama_Llama-3.2-1B-Instruct_r16/merged/checkpoint-381 at revision main. Error: Repo id must be in the form 'repo_name' or 'namespace/repo_name': 'outputs/milestone_meta-llama_Llama-3.2-1B-Instruct_r16/merged/checkpoint-381'. Use `repo_type` argument if needed.
[2026-01-02 12:13:35,893][__name__][INFO] - ✅ Finished _ro_belebele
[2026-01-02 12:13:35,983][__name__][INFO] - 💾 Saved partial results: /home/dan-parii/Documents/ContinualPretrainRo/continual_pretrain/eval_results/outputs_milestone_meta-llama_Llama-3.2-1B-Instruct_r16_merged_checkpoint-381/2026-01-02_12-11-54/_ro_belebele.json
[2026-01-02 12:13:35,984][__name__][INFO] - 🚀 Running evaluation for ro_wiki | fewshot=0 | limit=1000
[2026-01-02 12:13:35,984][__name__][INFO] - Running outputs/milestone_meta-llama_Llama-3.2-1B-Instruct_r16/merged/checkpoint-381 with apply_chat_template True
[2026-01-02 12:13:35,985][lm-eval][INFO] - Setting random seed to 23 | Setting numpy seed to 23 | Setting torch manual seed to 23
[2026-01-02 12:13:35,985][lm-eval][INFO] - Initializing hf model, with arguments: {'pretrained': 'outputs/milestone_meta-llama_Llama-3.2-1B-Instruct_r16/merged/checkpoint-381', 'tokenizer': 'outputs/milestone_meta-llama_Llama-3.2-1B-Instruct_r16/merged/checkpoint-381', 'max_length': 4096, 'eval_max_length': 16384, 'truncation': True, 'dtype': 'bfloat16'}
[2026-01-02 12:13:35,986][lm-eval][INFO] - Using device 'cuda'
[2026-01-02 12:13:36,650][lm-eval][INFO] - `group` and `group_alias` keys in tasks' configs will no longer be used in the next release of lm-eval. `tag` will be used to allow to call a collection of tasks just like `group`. `group` will be removed in order to not cause confusion with the new ConfigurableGroup which will be the offical way to create groups with addition of group-wide configuations.
[2026-01-02 12:13:39,587][lm-eval][WARNING] - [Task: ro_wiki] metric word_perplexity is defined, but aggregation is not. using default aggregation=weighted_perplexity
[2026-01-02 12:13:39,588][lm-eval][WARNING] - [Task: ro_wiki] metric word_perplexity is defined, but higher_is_better is not. using default higher_is_better=False
[2026-01-02 12:13:39,588][lm-eval][WARNING] - [Task: ro_wiki] metric byte_perplexity is defined, but aggregation is not. using default aggregation=weighted_perplexity
[2026-01-02 12:13:39,588][lm-eval][WARNING] - [Task: ro_wiki] metric byte_perplexity is defined, but higher_is_better is not. using default higher_is_better=False
[2026-01-02 12:13:39,588][lm-eval][WARNING] - [Task: ro_wiki] metric bits_per_byte is defined, but aggregation is not. using default aggregation=bits_per_byte
[2026-01-02 12:13:39,588][lm-eval][WARNING] - [Task: ro_wiki] metric bits_per_byte is defined, but higher_is_better is not. using default higher_is_better=False
[2026-01-02 12:13:41,720][lm-eval][WARNING] - Overwriting default num_fewshot of ro_wiki from None to 0
[2026-01-02 12:13:41,720][lm-eval][INFO] - Setting fewshot random generator seed to 23
[2026-01-02 12:13:41,721][lm-eval][INFO] - Building contexts for ro_wiki on rank 0...
[2026-01-02 12:13:41,884][lm-eval][INFO] - Running loglikelihood_rolling requests
[2026-01-02 12:14:20,142][lm-eval][WARNING] - Failed to get model SHA for outputs/milestone_meta-llama_Llama-3.2-1B-Instruct_r16/merged/checkpoint-381 at revision main. Error: Repo id must be in the form 'repo_name' or 'namespace/repo_name': 'outputs/milestone_meta-llama_Llama-3.2-1B-Instruct_r16/merged/checkpoint-381'. Use `repo_type` argument if needed.
[2026-01-02 12:14:21,221][__name__][INFO] - ✅ Finished ro_wiki
[2026-01-02 12:14:21,341][__name__][INFO] - 💾 Saved partial results: /home/dan-parii/Documents/ContinualPretrainRo/continual_pretrain/eval_results/outputs_milestone_meta-llama_Llama-3.2-1B-Instruct_r16_merged_checkpoint-381/2026-01-02_12-11-54/ro_wiki.json
[2026-01-02 12:14:21,341][__name__][INFO] - 🚀 Running evaluation for _ro_arc_challenge | fewshot=5 | limit=1000
[2026-01-02 12:14:21,342][__name__][INFO] - Running outputs/milestone_meta-llama_Llama-3.2-1B-Instruct_r16/merged/checkpoint-381 with apply_chat_template True
[2026-01-02 12:14:21,342][__name__][INFO] - 📝 Using fewshot_as_multiturn=True and custom system instruction
[2026-01-02 12:14:21,343][lm-eval][INFO] - Setting random seed to 23 | Setting numpy seed to 23 | Setting torch manual seed to 23
[2026-01-02 12:14:21,343][lm-eval][INFO] - Initializing hf model, with arguments: {'pretrained': 'outputs/milestone_meta-llama_Llama-3.2-1B-Instruct_r16/merged/checkpoint-381', 'tokenizer': 'outputs/milestone_meta-llama_Llama-3.2-1B-Instruct_r16/merged/checkpoint-381', 'max_length': 4096, 'eval_max_length': 16384, 'truncation': True, 'dtype': 'bfloat16'}
[2026-01-02 12:14:21,344][lm-eval][INFO] - Using device 'cuda'
[2026-01-02 12:14:22,011][lm-eval][INFO] - `group` and `group_alias` keys in tasks' configs will no longer be used in the next release of lm-eval. `tag` will be used to allow to call a collection of tasks just like `group`. `group` will be removed in order to not cause confusion with the new ConfigurableGroup which will be the offical way to create groups with addition of group-wide configuations.
[2026-01-02 12:14:27,867][lm-eval][WARNING] - Overwriting default num_fewshot of _ro_arc_challenge from None to 5
[2026-01-02 12:14:27,868][lm-eval][INFO] - Setting fewshot random generator seed to 23
[2026-01-02 12:14:27,868][lm-eval][INFO] - Building contexts for _ro_arc_challenge on rank 0...
[2026-01-02 12:14:29,321][lm-eval][INFO] - Running loglikelihood requests
[2026-01-02 12:15:59,810][lm-eval][WARNING] - Failed to get model SHA for outputs/milestone_meta-llama_Llama-3.2-1B-Instruct_r16/merged/checkpoint-381 at revision main. Error: Repo id must be in the form 'repo_name' or 'namespace/repo_name': 'outputs/milestone_meta-llama_Llama-3.2-1B-Instruct_r16/merged/checkpoint-381'. Use `repo_type` argument if needed.
[2026-01-02 12:16:00,948][__name__][INFO] - ✅ Finished _ro_arc_challenge
[2026-01-02 12:16:01,138][__name__][INFO] - 💾 Saved partial results: /home/dan-parii/Documents/ContinualPretrainRo/continual_pretrain/eval_results/outputs_milestone_meta-llama_Llama-3.2-1B-Instruct_r16_merged_checkpoint-381/2026-01-02_12-11-54/_ro_arc_challenge.json
[2026-01-02 12:16:01,139][__name__][INFO] - 🚀 Running evaluation for arc_challenge | fewshot=5 | limit=1000
[2026-01-02 12:16:01,139][__name__][INFO] - Running outputs/milestone_meta-llama_Llama-3.2-1B-Instruct_r16/merged/checkpoint-381 with apply_chat_template True
[2026-01-02 12:16:01,139][__name__][INFO] - 📝 Using fewshot_as_multiturn=True and custom system instruction
[2026-01-02 12:16:01,140][lm-eval][INFO] - Setting random seed to 23 | Setting numpy seed to 23 | Setting torch manual seed to 23
[2026-01-02 12:16:01,140][lm-eval][INFO] - Initializing hf model, with arguments: {'pretrained': 'outputs/milestone_meta-llama_Llama-3.2-1B-Instruct_r16/merged/checkpoint-381', 'tokenizer': 'outputs/milestone_meta-llama_Llama-3.2-1B-Instruct_r16/merged/checkpoint-381', 'max_length': 4096, 'eval_max_length': 16384, 'truncation': True, 'dtype': 'bfloat16'}
[2026-01-02 12:16:01,141][lm-eval][INFO] - Using device 'cuda'
[2026-01-02 12:16:01,803][lm-eval][INFO] - `group` and `group_alias` keys in tasks' configs will no longer be used in the next release of lm-eval. `tag` will be used to allow to call a collection of tasks just like `group`. `group` will be removed in order to not cause confusion with the new ConfigurableGroup which will be the offical way to create groups with addition of group-wide configuations.
[2026-01-02 12:16:06,544][lm-eval][WARNING] - Overwriting default num_fewshot of arc_challenge from None to 5
[2026-01-02 12:16:06,545][lm-eval][INFO] - Setting fewshot random generator seed to 23
[2026-01-02 12:16:06,545][lm-eval][INFO] - Building contexts for arc_challenge on rank 0...
[2026-01-02 12:16:10,953][lm-eval][INFO] - Running loglikelihood requests
[2026-01-02 12:17:08,870][lm-eval][WARNING] - Failed to get model SHA for outputs/milestone_meta-llama_Llama-3.2-1B-Instruct_r16/merged/checkpoint-381 at revision main. Error: Repo id must be in the form 'repo_name' or 'namespace/repo_name': 'outputs/milestone_meta-llama_Llama-3.2-1B-Instruct_r16/merged/checkpoint-381'. Use `repo_type` argument if needed.
[2026-01-02 12:17:09,928][__name__][INFO] - ✅ Finished arc_challenge
[2026-01-02 12:17:10,111][__name__][INFO] - 💾 Saved partial results: /home/dan-parii/Documents/ContinualPretrainRo/continual_pretrain/eval_results/outputs_milestone_meta-llama_Llama-3.2-1B-Instruct_r16_merged_checkpoint-381/2026-01-02_12-11-54/arc_challenge.json
[2026-01-02 12:17:10,112][__name__][INFO] - 🚀 Running evaluation for winogrande | fewshot=5 | limit=1000
[2026-01-02 12:17:10,112][__name__][INFO] - Running outputs/milestone_meta-llama_Llama-3.2-1B-Instruct_r16/merged/checkpoint-381 with apply_chat_template True
[2026-01-02 12:17:10,112][__name__][INFO] - 📝 Using fewshot_as_multiturn=True and custom system instruction
[2026-01-02 12:17:10,113][lm-eval][INFO] - Setting random seed to 23 | Setting numpy seed to 23 | Setting torch manual seed to 23
[2026-01-02 12:17:10,114][lm-eval][INFO] - Initializing hf model, with arguments: {'pretrained': 'outputs/milestone_meta-llama_Llama-3.2-1B-Instruct_r16/merged/checkpoint-381', 'tokenizer': 'outputs/milestone_meta-llama_Llama-3.2-1B-Instruct_r16/merged/checkpoint-381', 'max_length': 4096, 'eval_max_length': 16384, 'truncation': True, 'dtype': 'bfloat16'}
[2026-01-02 12:17:10,114][lm-eval][INFO] - Using device 'cuda'
[2026-01-02 12:17:10,777][lm-eval][INFO] - `group` and `group_alias` keys in tasks' configs will no longer be used in the next release of lm-eval. `tag` will be used to allow to call a collection of tasks just like `group`. `group` will be removed in order to not cause confusion with the new ConfigurableGroup which will be the offical way to create groups with addition of group-wide configuations.
[2026-01-02 12:17:13,705][datasets.load][ERROR] - `trust_remote_code` is not supported anymore.
Please check that the Hugging Face dataset 'winogrande' isn't based on a loading script and remove `trust_remote_code`.
If the dataset is based on a loading script, please ask the dataset author to remove it and convert it to a standard format like Parquet.
[2026-01-02 12:17:18,130][lm-eval][WARNING] - Overwriting default num_fewshot of winogrande from None to 5
[2026-01-02 12:17:18,130][lm-eval][INFO] - Setting fewshot random generator seed to 23
[2026-01-02 12:17:18,131][lm-eval][INFO] - Building contexts for winogrande on rank 0...
[2026-01-02 12:17:18,224][lm-eval][INFO] - Running loglikelihood requests
[2026-01-02 12:17:38,751][lm-eval][WARNING] - Failed to get model SHA for outputs/milestone_meta-llama_Llama-3.2-1B-Instruct_r16/merged/checkpoint-381 at revision main. Error: Repo id must be in the form 'repo_name' or 'namespace/repo_name': 'outputs/milestone_meta-llama_Llama-3.2-1B-Instruct_r16/merged/checkpoint-381'. Use `repo_type` argument if needed.
[2026-01-02 12:17:39,873][__name__][INFO] - ✅ Finished winogrande
[2026-01-02 12:17:39,960][__name__][INFO] - 💾 Saved partial results: /home/dan-parii/Documents/ContinualPretrainRo/continual_pretrain/eval_results/outputs_milestone_meta-llama_Llama-3.2-1B-Instruct_r16_merged_checkpoint-381/2026-01-02_12-11-54/winogrande.json
[2026-01-02 12:17:39,961][__name__][INFO] - 🚀 Running evaluation for wikitext | fewshot=5 | limit=1000
[2026-01-02 12:17:39,961][__name__][INFO] - Running outputs/milestone_meta-llama_Llama-3.2-1B-Instruct_r16/merged/checkpoint-381 with apply_chat_template True
[2026-01-02 12:17:39,962][lm-eval][INFO] - Setting random seed to 23 | Setting numpy seed to 23 | Setting torch manual seed to 23
[2026-01-02 12:17:39,962][lm-eval][INFO] - Initializing hf model, with arguments: {'pretrained': 'outputs/milestone_meta-llama_Llama-3.2-1B-Instruct_r16/merged/checkpoint-381', 'tokenizer': 'outputs/milestone_meta-llama_Llama-3.2-1B-Instruct_r16/merged/checkpoint-381', 'max_length': 4096, 'eval_max_length': 16384, 'truncation': True, 'dtype': 'bfloat16'}
[2026-01-02 12:17:39,963][lm-eval][INFO] - Using device 'cuda'
[2026-01-02 12:17:40,633][lm-eval][INFO] - `group` and `group_alias` keys in tasks' configs will no longer be used in the next release of lm-eval. `tag` will be used to allow to call a collection of tasks just like `group`. `group` will be removed in order to not cause confusion with the new ConfigurableGroup which will be the offical way to create groups with addition of group-wide configuations.
[2026-01-02 12:17:43,530][lm-eval][WARNING] - [Task: wikitext] metric word_perplexity is defined, but aggregation is not. using default aggregation=weighted_perplexity
[2026-01-02 12:17:43,530][lm-eval][WARNING] - [Task: wikitext] metric word_perplexity is defined, but higher_is_better is not. using default higher_is_better=False
[2026-01-02 12:17:43,531][lm-eval][WARNING] - [Task: wikitext] metric byte_perplexity is defined, but aggregation is not. using default aggregation=weighted_perplexity
[2026-01-02 12:17:43,531][lm-eval][WARNING] - [Task: wikitext] metric byte_perplexity is defined, but higher_is_better is not. using default higher_is_better=False
[2026-01-02 12:17:43,531][lm-eval][WARNING] - [Task: wikitext] metric bits_per_byte is defined, but aggregation is not. using default aggregation=bits_per_byte
[2026-01-02 12:17:43,531][lm-eval][WARNING] - [Task: wikitext] metric bits_per_byte is defined, but higher_is_better is not. using default higher_is_better=False
[2026-01-02 12:17:43,532][datasets.load][ERROR] - `trust_remote_code` is not supported anymore.
Please check that the Hugging Face dataset 'EleutherAI/wikitext_document_level' isn't based on a loading script and remove `trust_remote_code`.
If the dataset is based on a loading script, please ask the dataset author to remove it and convert it to a standard format like Parquet.
[2026-01-02 12:17:45,534][lm-eval][WARNING] - Overwriting default num_fewshot of wikitext from None to 5
[2026-01-02 12:17:45,535][lm-eval][INFO] - Setting fewshot random generator seed to 23
[2026-01-02 12:17:45,536][lm-eval][INFO] - Building contexts for wikitext on rank 0...
[2026-01-02 12:17:48,340][lm-eval][INFO] - Running loglikelihood_rolling requests
[2026-01-02 12:20:07,923][lm-eval][WARNING] - Failed to get model SHA for outputs/milestone_meta-llama_Llama-3.2-1B-Instruct_r16/merged/checkpoint-381 at revision main. Error: Repo id must be in the form 'repo_name' or 'namespace/repo_name': 'outputs/milestone_meta-llama_Llama-3.2-1B-Instruct_r16/merged/checkpoint-381'. Use `repo_type` argument if needed.
[2026-01-02 12:20:09,068][__name__][INFO] - ✅ Finished wikitext
[2026-01-02 12:20:09,501][__name__][INFO] - 💾 Saved partial results: /home/dan-parii/Documents/ContinualPretrainRo/continual_pretrain/eval_results/outputs_milestone_meta-llama_Llama-3.2-1B-Instruct_r16_merged_checkpoint-381/2026-01-02_12-11-54/wikitext.json
[2026-01-02 12:20:10,397][__name__][INFO] - 📁 Combined results saved to: /home/dan-parii/Documents/ContinualPretrainRo/continual_pretrain/eval_results/outputs_milestone_meta-llama_Llama-3.2-1B-Instruct_r16_merged_checkpoint-381/2026-01-02_12-11-54/eval_results.json
[2026-01-02 12:20:10,397][__name__][INFO] - 📊 Summary:
[2026-01-02 12:20:10,397][__name__][INFO] -   - _ro_winogrande: {'acc,none': 0.501, 'acc_stderr,none': 0.015819268290576817}
[2026-01-02 12:20:10,398][__name__][INFO] -   - _ro_belebele: {'acc_norm,none': 0.29888888888888887, 'acc_norm_stderr,none': 0.015267518830616174}
[2026-01-02 12:20:10,398][__name__][INFO] -   - ro_wiki: {'word_perplexity,none': 103.04027555475024, 'byte_perplexity,none': 1.9824131486833771, 'bits_per_byte,none': 0.9872576615365684}
[2026-01-02 12:20:10,398][__name__][INFO] -   - _ro_arc_challenge: {'acc_norm,none': 0.265, 'acc_norm_stderr,none': 0.013963164754810064}
[2026-01-02 12:20:10,398][__name__][INFO] -   - arc_challenge: {'acc,none': 0.374, 'acc_stderr,none': 0.015308767369006505, 'acc_norm,none': 0.375, 'acc_norm_stderr,none': 0.015316971293620996}
[2026-01-02 12:20:10,399][__name__][INFO] -   - winogrande: {'acc,none': 0.606, 'acc_stderr,none': 0.015459721957493382}
[2026-01-02 12:20:10,399][__name__][INFO] -   - wikitext: {'word_perplexity,none': 16.96095130916108, 'byte_perplexity,none': 1.7011201675516847, 'bits_per_byte,none': 0.7664850569374938}
[2026-01-02 12:20:11,516][__name__][INFO] - 📊 W&B run finished
[2026-01-02 12:42:31,673][__name__][INFO] - Starting Romanian evaluation run
[2026-01-02 12:42:31,827][__name__][INFO] - 🚀 CUDA is available. Using GPU: NVIDIA GeForce RTX 3090
[2026-01-02 12:42:31,828][__name__][INFO] - 📁 Results will be saved in: /home/dan-parii/Documents/ContinualPretrainRo/continual_pretrain/eval_results/outputs_milestone_meta-llama_Llama-3.2-1B-Instruct_r16_merged_checkpoint-457/2026-01-02_12-42-31
[2026-01-02 12:42:33,378][__name__][INFO] - 📊 W&B logging enabled with GPU monitoring
[2026-01-02 12:42:33,378][__name__][INFO] - 🚀 Running evaluation for _ro_winogrande | fewshot=5 | limit=1000
[2026-01-02 12:42:33,379][__name__][INFO] - Running outputs/milestone_meta-llama_Llama-3.2-1B-Instruct_r16/merged/checkpoint-457 with apply_chat_template True
[2026-01-02 12:42:33,379][__name__][INFO] - 📝 Using fewshot_as_multiturn=True and custom system instruction
[2026-01-02 12:42:33,383][lm-eval][INFO] - Setting random seed to 23 | Setting numpy seed to 23 | Setting torch manual seed to 23
[2026-01-02 12:42:33,383][lm-eval][INFO] - Initializing hf model, with arguments: {'pretrained': 'outputs/milestone_meta-llama_Llama-3.2-1B-Instruct_r16/merged/checkpoint-457', 'tokenizer': 'outputs/milestone_meta-llama_Llama-3.2-1B-Instruct_r16/merged/checkpoint-457', 'max_length': 4096, 'eval_max_length': 16384, 'truncation': True, 'dtype': 'bfloat16'}
[2026-01-02 12:42:33,433][lm-eval][INFO] - Using device 'cuda'
[2026-01-02 12:42:34,278][lm-eval][INFO] - `group` and `group_alias` keys in tasks' configs will no longer be used in the next release of lm-eval. `tag` will be used to allow to call a collection of tasks just like `group`. `group` will be removed in order to not cause confusion with the new ConfigurableGroup which will be the offical way to create groups with addition of group-wide configuations.
[2026-01-02 12:42:39,752][lm-eval][WARNING] - Overwriting default num_fewshot of _ro_winogrande from None to 5
[2026-01-02 12:42:39,752][lm-eval][INFO] - Setting fewshot random generator seed to 23
[2026-01-02 12:42:39,756][lm-eval][INFO] - Building contexts for _ro_winogrande on rank 0...
[2026-01-02 12:42:39,871][lm-eval][INFO] - Running loglikelihood requests
[2026-01-02 12:43:09,733][lm-eval][WARNING] - Failed to get model SHA for outputs/milestone_meta-llama_Llama-3.2-1B-Instruct_r16/merged/checkpoint-457 at revision main. Error: Repo id must be in the form 'repo_name' or 'namespace/repo_name': 'outputs/milestone_meta-llama_Llama-3.2-1B-Instruct_r16/merged/checkpoint-457'. Use `repo_type` argument if needed.
[2026-01-02 12:43:10,736][__name__][INFO] - ✅ Finished _ro_winogrande
[2026-01-02 12:43:10,829][__name__][INFO] - 💾 Saved partial results: /home/dan-parii/Documents/ContinualPretrainRo/continual_pretrain/eval_results/outputs_milestone_meta-llama_Llama-3.2-1B-Instruct_r16_merged_checkpoint-457/2026-01-02_12-42-31/_ro_winogrande.json
[2026-01-02 12:43:10,829][__name__][INFO] - 🚀 Running evaluation for _ro_belebele | fewshot=0 | limit=1000
[2026-01-02 12:43:10,829][__name__][INFO] - Running outputs/milestone_meta-llama_Llama-3.2-1B-Instruct_r16/merged/checkpoint-457 with apply_chat_template True
[2026-01-02 12:43:10,830][__name__][INFO] - 📝 Using fewshot_as_multiturn=True and custom system instruction
[2026-01-02 12:43:10,831][lm-eval][INFO] - Setting random seed to 23 | Setting numpy seed to 23 | Setting torch manual seed to 23
[2026-01-02 12:43:10,831][lm-eval][INFO] - Initializing hf model, with arguments: {'pretrained': 'outputs/milestone_meta-llama_Llama-3.2-1B-Instruct_r16/merged/checkpoint-457', 'tokenizer': 'outputs/milestone_meta-llama_Llama-3.2-1B-Instruct_r16/merged/checkpoint-457', 'max_length': 4096, 'eval_max_length': 16384, 'truncation': True, 'dtype': 'bfloat16'}
[2026-01-02 12:43:10,832][lm-eval][INFO] - Using device 'cuda'
[2026-01-02 12:43:11,523][lm-eval][INFO] - `group` and `group_alias` keys in tasks' configs will no longer be used in the next release of lm-eval. `tag` will be used to allow to call a collection of tasks just like `group`. `group` will be removed in order to not cause confusion with the new ConfigurableGroup which will be the offical way to create groups with addition of group-wide configuations.
[2026-01-02 12:43:22,068][lm-eval][WARNING] - Overwriting default num_fewshot of _ro_belebele from None to 0
[2026-01-02 12:43:22,068][lm-eval][INFO] - Setting fewshot random generator seed to 23
[2026-01-02 12:43:22,069][lm-eval][INFO] - Building contexts for _ro_belebele on rank 0...
[2026-01-02 12:43:22,733][lm-eval][INFO] - Running loglikelihood requests
[2026-01-02 12:44:15,629][lm-eval][WARNING] - Failed to get model SHA for outputs/milestone_meta-llama_Llama-3.2-1B-Instruct_r16/merged/checkpoint-457 at revision main. Error: Repo id must be in the form 'repo_name' or 'namespace/repo_name': 'outputs/milestone_meta-llama_Llama-3.2-1B-Instruct_r16/merged/checkpoint-457'. Use `repo_type` argument if needed.
[2026-01-02 12:44:16,722][__name__][INFO] - ✅ Finished _ro_belebele
[2026-01-02 12:44:16,813][__name__][INFO] - 💾 Saved partial results: /home/dan-parii/Documents/ContinualPretrainRo/continual_pretrain/eval_results/outputs_milestone_meta-llama_Llama-3.2-1B-Instruct_r16_merged_checkpoint-457/2026-01-02_12-42-31/_ro_belebele.json
[2026-01-02 12:44:16,814][__name__][INFO] - 🚀 Running evaluation for ro_wiki | fewshot=0 | limit=1000
[2026-01-02 12:44:16,814][__name__][INFO] - Running outputs/milestone_meta-llama_Llama-3.2-1B-Instruct_r16/merged/checkpoint-457 with apply_chat_template True
[2026-01-02 12:44:16,815][lm-eval][INFO] - Setting random seed to 23 | Setting numpy seed to 23 | Setting torch manual seed to 23
[2026-01-02 12:44:16,815][lm-eval][INFO] - Initializing hf model, with arguments: {'pretrained': 'outputs/milestone_meta-llama_Llama-3.2-1B-Instruct_r16/merged/checkpoint-457', 'tokenizer': 'outputs/milestone_meta-llama_Llama-3.2-1B-Instruct_r16/merged/checkpoint-457', 'max_length': 4096, 'eval_max_length': 16384, 'truncation': True, 'dtype': 'bfloat16'}
[2026-01-02 12:44:16,816][lm-eval][INFO] - Using device 'cuda'
[2026-01-02 12:44:17,485][lm-eval][INFO] - `group` and `group_alias` keys in tasks' configs will no longer be used in the next release of lm-eval. `tag` will be used to allow to call a collection of tasks just like `group`. `group` will be removed in order to not cause confusion with the new ConfigurableGroup which will be the offical way to create groups with addition of group-wide configuations.
[2026-01-02 12:44:20,402][lm-eval][WARNING] - [Task: ro_wiki] metric word_perplexity is defined, but aggregation is not. using default aggregation=weighted_perplexity
[2026-01-02 12:44:20,402][lm-eval][WARNING] - [Task: ro_wiki] metric word_perplexity is defined, but higher_is_better is not. using default higher_is_better=False
[2026-01-02 12:44:20,402][lm-eval][WARNING] - [Task: ro_wiki] metric byte_perplexity is defined, but aggregation is not. using default aggregation=weighted_perplexity
[2026-01-02 12:44:20,402][lm-eval][WARNING] - [Task: ro_wiki] metric byte_perplexity is defined, but higher_is_better is not. using default higher_is_better=False
[2026-01-02 12:44:20,403][lm-eval][WARNING] - [Task: ro_wiki] metric bits_per_byte is defined, but aggregation is not. using default aggregation=bits_per_byte
[2026-01-02 12:44:20,403][lm-eval][WARNING] - [Task: ro_wiki] metric bits_per_byte is defined, but higher_is_better is not. using default higher_is_better=False
[2026-01-02 12:44:22,500][lm-eval][WARNING] - Overwriting default num_fewshot of ro_wiki from None to 0
[2026-01-02 12:44:22,500][lm-eval][INFO] - Setting fewshot random generator seed to 23
[2026-01-02 12:44:22,501][lm-eval][INFO] - Building contexts for ro_wiki on rank 0...
[2026-01-02 12:44:22,658][lm-eval][INFO] - Running loglikelihood_rolling requests
[2026-01-02 12:45:00,913][lm-eval][WARNING] - Failed to get model SHA for outputs/milestone_meta-llama_Llama-3.2-1B-Instruct_r16/merged/checkpoint-457 at revision main. Error: Repo id must be in the form 'repo_name' or 'namespace/repo_name': 'outputs/milestone_meta-llama_Llama-3.2-1B-Instruct_r16/merged/checkpoint-457'. Use `repo_type` argument if needed.
[2026-01-02 12:45:02,040][__name__][INFO] - ✅ Finished ro_wiki
[2026-01-02 12:45:02,160][__name__][INFO] - 💾 Saved partial results: /home/dan-parii/Documents/ContinualPretrainRo/continual_pretrain/eval_results/outputs_milestone_meta-llama_Llama-3.2-1B-Instruct_r16_merged_checkpoint-457/2026-01-02_12-42-31/ro_wiki.json
[2026-01-02 12:45:02,161][__name__][INFO] - 🚀 Running evaluation for _ro_arc_challenge | fewshot=5 | limit=1000
[2026-01-02 12:45:02,161][__name__][INFO] - Running outputs/milestone_meta-llama_Llama-3.2-1B-Instruct_r16/merged/checkpoint-457 with apply_chat_template True
[2026-01-02 12:45:02,161][__name__][INFO] - 📝 Using fewshot_as_multiturn=True and custom system instruction
[2026-01-02 12:45:02,162][lm-eval][INFO] - Setting random seed to 23 | Setting numpy seed to 23 | Setting torch manual seed to 23
[2026-01-02 12:45:02,162][lm-eval][INFO] - Initializing hf model, with arguments: {'pretrained': 'outputs/milestone_meta-llama_Llama-3.2-1B-Instruct_r16/merged/checkpoint-457', 'tokenizer': 'outputs/milestone_meta-llama_Llama-3.2-1B-Instruct_r16/merged/checkpoint-457', 'max_length': 4096, 'eval_max_length': 16384, 'truncation': True, 'dtype': 'bfloat16'}
[2026-01-02 12:45:02,163][lm-eval][INFO] - Using device 'cuda'
[2026-01-02 12:45:02,842][lm-eval][INFO] - `group` and `group_alias` keys in tasks' configs will no longer be used in the next release of lm-eval. `tag` will be used to allow to call a collection of tasks just like `group`. `group` will be removed in order to not cause confusion with the new ConfigurableGroup which will be the offical way to create groups with addition of group-wide configuations.
[2026-01-02 12:45:07,751][lm-eval][WARNING] - Overwriting default num_fewshot of _ro_arc_challenge from None to 5
[2026-01-02 12:45:07,751][lm-eval][INFO] - Setting fewshot random generator seed to 23
[2026-01-02 12:45:07,752][lm-eval][INFO] - Building contexts for _ro_arc_challenge on rank 0...
[2026-01-02 12:45:09,352][lm-eval][INFO] - Running loglikelihood requests
[2026-01-02 12:46:39,655][lm-eval][WARNING] - Failed to get model SHA for outputs/milestone_meta-llama_Llama-3.2-1B-Instruct_r16/merged/checkpoint-457 at revision main. Error: Repo id must be in the form 'repo_name' or 'namespace/repo_name': 'outputs/milestone_meta-llama_Llama-3.2-1B-Instruct_r16/merged/checkpoint-457'. Use `repo_type` argument if needed.
[2026-01-02 12:46:40,793][__name__][INFO] - ✅ Finished _ro_arc_challenge
[2026-01-02 12:46:40,983][__name__][INFO] - 💾 Saved partial results: /home/dan-parii/Documents/ContinualPretrainRo/continual_pretrain/eval_results/outputs_milestone_meta-llama_Llama-3.2-1B-Instruct_r16_merged_checkpoint-457/2026-01-02_12-42-31/_ro_arc_challenge.json
[2026-01-02 12:46:40,984][__name__][INFO] - 🚀 Running evaluation for arc_challenge | fewshot=5 | limit=1000
[2026-01-02 12:46:40,984][__name__][INFO] - Running outputs/milestone_meta-llama_Llama-3.2-1B-Instruct_r16/merged/checkpoint-457 with apply_chat_template True
[2026-01-02 12:46:40,984][__name__][INFO] - 📝 Using fewshot_as_multiturn=True and custom system instruction
[2026-01-02 12:46:40,985][lm-eval][INFO] - Setting random seed to 23 | Setting numpy seed to 23 | Setting torch manual seed to 23
[2026-01-02 12:46:40,985][lm-eval][INFO] - Initializing hf model, with arguments: {'pretrained': 'outputs/milestone_meta-llama_Llama-3.2-1B-Instruct_r16/merged/checkpoint-457', 'tokenizer': 'outputs/milestone_meta-llama_Llama-3.2-1B-Instruct_r16/merged/checkpoint-457', 'max_length': 4096, 'eval_max_length': 16384, 'truncation': True, 'dtype': 'bfloat16'}
[2026-01-02 12:46:40,986][lm-eval][INFO] - Using device 'cuda'
[2026-01-02 12:46:41,653][lm-eval][INFO] - `group` and `group_alias` keys in tasks' configs will no longer be used in the next release of lm-eval. `tag` will be used to allow to call a collection of tasks just like `group`. `group` will be removed in order to not cause confusion with the new ConfigurableGroup which will be the offical way to create groups with addition of group-wide configuations.
[2026-01-02 12:46:46,473][lm-eval][WARNING] - Overwriting default num_fewshot of arc_challenge from None to 5
[2026-01-02 12:46:46,473][lm-eval][INFO] - Setting fewshot random generator seed to 23
[2026-01-02 12:46:46,474][lm-eval][INFO] - Building contexts for arc_challenge on rank 0...
[2026-01-02 12:46:50,876][lm-eval][INFO] - Running loglikelihood requests
[2026-01-02 12:47:48,821][lm-eval][WARNING] - Failed to get model SHA for outputs/milestone_meta-llama_Llama-3.2-1B-Instruct_r16/merged/checkpoint-457 at revision main. Error: Repo id must be in the form 'repo_name' or 'namespace/repo_name': 'outputs/milestone_meta-llama_Llama-3.2-1B-Instruct_r16/merged/checkpoint-457'. Use `repo_type` argument if needed.
[2026-01-02 12:47:49,870][__name__][INFO] - ✅ Finished arc_challenge
[2026-01-02 12:47:50,054][__name__][INFO] - 💾 Saved partial results: /home/dan-parii/Documents/ContinualPretrainRo/continual_pretrain/eval_results/outputs_milestone_meta-llama_Llama-3.2-1B-Instruct_r16_merged_checkpoint-457/2026-01-02_12-42-31/arc_challenge.json
[2026-01-02 12:47:50,055][__name__][INFO] - 🚀 Running evaluation for winogrande | fewshot=5 | limit=1000
[2026-01-02 12:47:50,055][__name__][INFO] - Running outputs/milestone_meta-llama_Llama-3.2-1B-Instruct_r16/merged/checkpoint-457 with apply_chat_template True
[2026-01-02 12:47:50,055][__name__][INFO] - 📝 Using fewshot_as_multiturn=True and custom system instruction
[2026-01-02 12:47:50,056][lm-eval][INFO] - Setting random seed to 23 | Setting numpy seed to 23 | Setting torch manual seed to 23
[2026-01-02 12:47:50,057][lm-eval][INFO] - Initializing hf model, with arguments: {'pretrained': 'outputs/milestone_meta-llama_Llama-3.2-1B-Instruct_r16/merged/checkpoint-457', 'tokenizer': 'outputs/milestone_meta-llama_Llama-3.2-1B-Instruct_r16/merged/checkpoint-457', 'max_length': 4096, 'eval_max_length': 16384, 'truncation': True, 'dtype': 'bfloat16'}
[2026-01-02 12:47:50,057][lm-eval][INFO] - Using device 'cuda'
[2026-01-02 12:47:50,890][lm-eval][INFO] - `group` and `group_alias` keys in tasks' configs will no longer be used in the next release of lm-eval. `tag` will be used to allow to call a collection of tasks just like `group`. `group` will be removed in order to not cause confusion with the new ConfigurableGroup which will be the offical way to create groups with addition of group-wide configuations.
[2026-01-02 12:47:53,751][datasets.load][ERROR] - `trust_remote_code` is not supported anymore.
Please check that the Hugging Face dataset 'winogrande' isn't based on a loading script and remove `trust_remote_code`.
If the dataset is based on a loading script, please ask the dataset author to remove it and convert it to a standard format like Parquet.
[2026-01-02 12:48:10,824][lm-eval][WARNING] - Overwriting default num_fewshot of winogrande from None to 5
[2026-01-02 12:48:10,824][lm-eval][INFO] - Setting fewshot random generator seed to 23
[2026-01-02 12:48:10,825][lm-eval][INFO] - Building contexts for winogrande on rank 0...
[2026-01-02 12:48:10,915][lm-eval][INFO] - Running loglikelihood requests
[2026-01-02 12:48:31,435][lm-eval][WARNING] - Failed to get model SHA for outputs/milestone_meta-llama_Llama-3.2-1B-Instruct_r16/merged/checkpoint-457 at revision main. Error: Repo id must be in the form 'repo_name' or 'namespace/repo_name': 'outputs/milestone_meta-llama_Llama-3.2-1B-Instruct_r16/merged/checkpoint-457'. Use `repo_type` argument if needed.
[2026-01-02 12:48:32,572][__name__][INFO] - ✅ Finished winogrande
[2026-01-02 12:48:32,658][__name__][INFO] - 💾 Saved partial results: /home/dan-parii/Documents/ContinualPretrainRo/continual_pretrain/eval_results/outputs_milestone_meta-llama_Llama-3.2-1B-Instruct_r16_merged_checkpoint-457/2026-01-02_12-42-31/winogrande.json
[2026-01-02 12:48:32,658][__name__][INFO] - 🚀 Running evaluation for wikitext | fewshot=5 | limit=1000
[2026-01-02 12:48:32,658][__name__][INFO] - Running outputs/milestone_meta-llama_Llama-3.2-1B-Instruct_r16/merged/checkpoint-457 with apply_chat_template True
[2026-01-02 12:48:32,660][lm-eval][INFO] - Setting random seed to 23 | Setting numpy seed to 23 | Setting torch manual seed to 23
[2026-01-02 12:48:32,660][lm-eval][INFO] - Initializing hf model, with arguments: {'pretrained': 'outputs/milestone_meta-llama_Llama-3.2-1B-Instruct_r16/merged/checkpoint-457', 'tokenizer': 'outputs/milestone_meta-llama_Llama-3.2-1B-Instruct_r16/merged/checkpoint-457', 'max_length': 4096, 'eval_max_length': 16384, 'truncation': True, 'dtype': 'bfloat16'}
[2026-01-02 12:48:32,661][lm-eval][INFO] - Using device 'cuda'
[2026-01-02 12:48:33,359][lm-eval][INFO] - `group` and `group_alias` keys in tasks' configs will no longer be used in the next release of lm-eval. `tag` will be used to allow to call a collection of tasks just like `group`. `group` will be removed in order to not cause confusion with the new ConfigurableGroup which will be the offical way to create groups with addition of group-wide configuations.
[2026-01-02 12:48:36,264][lm-eval][WARNING] - [Task: wikitext] metric word_perplexity is defined, but aggregation is not. using default aggregation=weighted_perplexity
[2026-01-02 12:48:36,265][lm-eval][WARNING] - [Task: wikitext] metric word_perplexity is defined, but higher_is_better is not. using default higher_is_better=False
[2026-01-02 12:48:36,265][lm-eval][WARNING] - [Task: wikitext] metric byte_perplexity is defined, but aggregation is not. using default aggregation=weighted_perplexity
[2026-01-02 12:48:36,265][lm-eval][WARNING] - [Task: wikitext] metric byte_perplexity is defined, but higher_is_better is not. using default higher_is_better=False
[2026-01-02 12:48:36,265][lm-eval][WARNING] - [Task: wikitext] metric bits_per_byte is defined, but aggregation is not. using default aggregation=bits_per_byte
[2026-01-02 12:48:36,265][lm-eval][WARNING] - [Task: wikitext] metric bits_per_byte is defined, but higher_is_better is not. using default higher_is_better=False
[2026-01-02 12:48:36,266][datasets.load][ERROR] - `trust_remote_code` is not supported anymore.
Please check that the Hugging Face dataset 'EleutherAI/wikitext_document_level' isn't based on a loading script and remove `trust_remote_code`.
If the dataset is based on a loading script, please ask the dataset author to remove it and convert it to a standard format like Parquet.
[2026-01-02 12:48:47,406][datasets.load][WARNING] - Using the latest cached version of the dataset since EleutherAI/wikitext_document_level couldn't be found on the Hugging Face Hub
[2026-01-02 12:48:47,407][datasets.packaged_modules.cache.cache][WARNING] - Found the latest cached dataset configuration 'wikitext-2-raw-v1' at /home/dan-parii/.cache/huggingface/datasets/EleutherAI___wikitext_document_level/wikitext-2-raw-v1/0.0.0/647234772b9554e208af6c826f23b99e3cac88c8 (last modified on Fri Dec 26 13:08:34 2025).
[2026-01-02 12:48:47,426][lm-eval][WARNING] - Overwriting default num_fewshot of wikitext from None to 5
[2026-01-02 12:48:47,426][lm-eval][INFO] - Setting fewshot random generator seed to 23
[2026-01-02 12:48:47,429][lm-eval][INFO] - Building contexts for wikitext on rank 0...
[2026-01-02 12:48:50,258][lm-eval][INFO] - Running loglikelihood_rolling requests
[2026-01-02 12:51:09,693][lm-eval][WARNING] - Failed to get model SHA for outputs/milestone_meta-llama_Llama-3.2-1B-Instruct_r16/merged/checkpoint-457 at revision main. Error: Repo id must be in the form 'repo_name' or 'namespace/repo_name': 'outputs/milestone_meta-llama_Llama-3.2-1B-Instruct_r16/merged/checkpoint-457'. Use `repo_type` argument if needed.
[2026-01-02 12:51:10,841][__name__][INFO] - ✅ Finished wikitext
[2026-01-02 12:51:11,267][__name__][INFO] - 💾 Saved partial results: /home/dan-parii/Documents/ContinualPretrainRo/continual_pretrain/eval_results/outputs_milestone_meta-llama_Llama-3.2-1B-Instruct_r16_merged_checkpoint-457/2026-01-02_12-42-31/wikitext.json
[2026-01-02 12:51:12,150][__name__][INFO] - 📁 Combined results saved to: /home/dan-parii/Documents/ContinualPretrainRo/continual_pretrain/eval_results/outputs_milestone_meta-llama_Llama-3.2-1B-Instruct_r16_merged_checkpoint-457/2026-01-02_12-42-31/eval_results.json
[2026-01-02 12:51:12,150][__name__][INFO] - 📊 Summary:
[2026-01-02 12:51:12,151][__name__][INFO] -   - _ro_winogrande: {'acc,none': 0.497, 'acc_stderr,none': 0.01581901517924682}
[2026-01-02 12:51:12,151][__name__][INFO] -   - _ro_belebele: {'acc_norm,none': 0.30444444444444446, 'acc_norm_stderr,none': 0.015347586603832326}
[2026-01-02 12:51:12,151][__name__][INFO] -   - ro_wiki: {'word_perplexity,none': 102.93433446427004, 'byte_perplexity,none': 1.9821120998332789, 'bits_per_byte,none': 0.9870385575295504}
[2026-01-02 12:51:12,151][__name__][INFO] -   - _ro_arc_challenge: {'acc_norm,none': 0.265, 'acc_norm_stderr,none': 0.013963164754810064}
[2026-01-02 12:51:12,152][__name__][INFO] -   - arc_challenge: {'acc,none': 0.375, 'acc_stderr,none': 0.015316971293620996, 'acc_norm,none': 0.372, 'acc_norm_stderr,none': 0.01529214994204052}
[2026-01-02 12:51:12,152][__name__][INFO] -   - winogrande: {'acc,none': 0.597, 'acc_stderr,none': 0.015518757419066512}
[2026-01-02 12:51:12,152][__name__][INFO] -   - wikitext: {'word_perplexity,none': 16.98694583226702, 'byte_perplexity,none': 1.7016091564311555, 'bits_per_byte,none': 0.7668997016354112}
[2026-01-02 12:51:13,343][__name__][INFO] - 📊 W&B run finished
[2026-01-02 13:13:34,975][__name__][INFO] - Starting Romanian evaluation run
[2026-01-02 13:13:35,133][__name__][INFO] - 🚀 CUDA is available. Using GPU: NVIDIA GeForce RTX 3090
[2026-01-02 13:13:35,133][__name__][INFO] - 📁 Results will be saved in: /home/dan-parii/Documents/ContinualPretrainRo/continual_pretrain/eval_results/outputs_milestone_meta-llama_Llama-3.2-1B-Instruct_r16_merged_checkpoint-534/2026-01-02_13-13-35
[2026-01-02 13:13:36,790][__name__][INFO] - 📊 W&B logging enabled with GPU monitoring
[2026-01-02 13:13:36,790][__name__][INFO] - 🚀 Running evaluation for _ro_winogrande | fewshot=5 | limit=1000
[2026-01-02 13:13:36,791][__name__][INFO] - Running outputs/milestone_meta-llama_Llama-3.2-1B-Instruct_r16/merged/checkpoint-534 with apply_chat_template True
[2026-01-02 13:13:36,791][__name__][INFO] - 📝 Using fewshot_as_multiturn=True and custom system instruction
[2026-01-02 13:13:36,795][lm-eval][INFO] - Setting random seed to 23 | Setting numpy seed to 23 | Setting torch manual seed to 23
[2026-01-02 13:13:36,795][lm-eval][INFO] - Initializing hf model, with arguments: {'pretrained': 'outputs/milestone_meta-llama_Llama-3.2-1B-Instruct_r16/merged/checkpoint-534', 'tokenizer': 'outputs/milestone_meta-llama_Llama-3.2-1B-Instruct_r16/merged/checkpoint-534', 'max_length': 4096, 'eval_max_length': 16384, 'truncation': True, 'dtype': 'bfloat16'}
[2026-01-02 13:13:36,846][lm-eval][INFO] - Using device 'cuda'
[2026-01-02 13:13:38,095][lm-eval][INFO] - `group` and `group_alias` keys in tasks' configs will no longer be used in the next release of lm-eval. `tag` will be used to allow to call a collection of tasks just like `group`. `group` will be removed in order to not cause confusion with the new ConfigurableGroup which will be the offical way to create groups with addition of group-wide configuations.
[2026-01-02 13:13:43,395][lm-eval][WARNING] - Overwriting default num_fewshot of _ro_winogrande from None to 5
[2026-01-02 13:13:43,395][lm-eval][INFO] - Setting fewshot random generator seed to 23
[2026-01-02 13:13:43,400][lm-eval][INFO] - Building contexts for _ro_winogrande on rank 0...
[2026-01-02 13:13:43,513][lm-eval][INFO] - Running loglikelihood requests
[2026-01-02 13:14:13,369][lm-eval][WARNING] - Failed to get model SHA for outputs/milestone_meta-llama_Llama-3.2-1B-Instruct_r16/merged/checkpoint-534 at revision main. Error: Repo id must be in the form 'repo_name' or 'namespace/repo_name': 'outputs/milestone_meta-llama_Llama-3.2-1B-Instruct_r16/merged/checkpoint-534'. Use `repo_type` argument if needed.
[2026-01-02 13:14:14,301][__name__][INFO] - ✅ Finished _ro_winogrande
[2026-01-02 13:14:14,395][__name__][INFO] - 💾 Saved partial results: /home/dan-parii/Documents/ContinualPretrainRo/continual_pretrain/eval_results/outputs_milestone_meta-llama_Llama-3.2-1B-Instruct_r16_merged_checkpoint-534/2026-01-02_13-13-35/_ro_winogrande.json
[2026-01-02 13:14:14,396][__name__][INFO] - 🚀 Running evaluation for _ro_belebele | fewshot=0 | limit=1000
[2026-01-02 13:14:14,396][__name__][INFO] - Running outputs/milestone_meta-llama_Llama-3.2-1B-Instruct_r16/merged/checkpoint-534 with apply_chat_template True
[2026-01-02 13:14:14,396][__name__][INFO] - 📝 Using fewshot_as_multiturn=True and custom system instruction
[2026-01-02 13:14:14,397][lm-eval][INFO] - Setting random seed to 23 | Setting numpy seed to 23 | Setting torch manual seed to 23
[2026-01-02 13:14:14,398][lm-eval][INFO] - Initializing hf model, with arguments: {'pretrained': 'outputs/milestone_meta-llama_Llama-3.2-1B-Instruct_r16/merged/checkpoint-534', 'tokenizer': 'outputs/milestone_meta-llama_Llama-3.2-1B-Instruct_r16/merged/checkpoint-534', 'max_length': 4096, 'eval_max_length': 16384, 'truncation': True, 'dtype': 'bfloat16'}
[2026-01-02 13:14:14,398][lm-eval][INFO] - Using device 'cuda'
[2026-01-02 13:14:15,073][lm-eval][INFO] - `group` and `group_alias` keys in tasks' configs will no longer be used in the next release of lm-eval. `tag` will be used to allow to call a collection of tasks just like `group`. `group` will be removed in order to not cause confusion with the new ConfigurableGroup which will be the offical way to create groups with addition of group-wide configuations.
[2026-01-02 13:14:20,084][lm-eval][WARNING] - Overwriting default num_fewshot of _ro_belebele from None to 0
[2026-01-02 13:14:20,085][lm-eval][INFO] - Setting fewshot random generator seed to 23
[2026-01-02 13:14:20,085][lm-eval][INFO] - Building contexts for _ro_belebele on rank 0...
[2026-01-02 13:14:20,736][lm-eval][INFO] - Running loglikelihood requests
[2026-01-02 13:15:13,700][lm-eval][WARNING] - Failed to get model SHA for outputs/milestone_meta-llama_Llama-3.2-1B-Instruct_r16/merged/checkpoint-534 at revision main. Error: Repo id must be in the form 'repo_name' or 'namespace/repo_name': 'outputs/milestone_meta-llama_Llama-3.2-1B-Instruct_r16/merged/checkpoint-534'. Use `repo_type` argument if needed.
[2026-01-02 13:15:14,672][__name__][INFO] - ✅ Finished _ro_belebele
[2026-01-02 13:15:14,762][__name__][INFO] - 💾 Saved partial results: /home/dan-parii/Documents/ContinualPretrainRo/continual_pretrain/eval_results/outputs_milestone_meta-llama_Llama-3.2-1B-Instruct_r16_merged_checkpoint-534/2026-01-02_13-13-35/_ro_belebele.json
[2026-01-02 13:15:14,762][__name__][INFO] - 🚀 Running evaluation for ro_wiki | fewshot=0 | limit=1000
[2026-01-02 13:15:14,763][__name__][INFO] - Running outputs/milestone_meta-llama_Llama-3.2-1B-Instruct_r16/merged/checkpoint-534 with apply_chat_template True
[2026-01-02 13:15:14,764][lm-eval][INFO] - Setting random seed to 23 | Setting numpy seed to 23 | Setting torch manual seed to 23
[2026-01-02 13:15:14,764][lm-eval][INFO] - Initializing hf model, with arguments: {'pretrained': 'outputs/milestone_meta-llama_Llama-3.2-1B-Instruct_r16/merged/checkpoint-534', 'tokenizer': 'outputs/milestone_meta-llama_Llama-3.2-1B-Instruct_r16/merged/checkpoint-534', 'max_length': 4096, 'eval_max_length': 16384, 'truncation': True, 'dtype': 'bfloat16'}
[2026-01-02 13:15:14,765][lm-eval][INFO] - Using device 'cuda'
[2026-01-02 13:15:15,426][lm-eval][INFO] - `group` and `group_alias` keys in tasks' configs will no longer be used in the next release of lm-eval. `tag` will be used to allow to call a collection of tasks just like `group`. `group` will be removed in order to not cause confusion with the new ConfigurableGroup which will be the offical way to create groups with addition of group-wide configuations.
[2026-01-02 13:15:18,332][lm-eval][WARNING] - [Task: ro_wiki] metric word_perplexity is defined, but aggregation is not. using default aggregation=weighted_perplexity
[2026-01-02 13:15:18,332][lm-eval][WARNING] - [Task: ro_wiki] metric word_perplexity is defined, but higher_is_better is not. using default higher_is_better=False
[2026-01-02 13:15:18,333][lm-eval][WARNING] - [Task: ro_wiki] metric byte_perplexity is defined, but aggregation is not. using default aggregation=weighted_perplexity
[2026-01-02 13:15:18,333][lm-eval][WARNING] - [Task: ro_wiki] metric byte_perplexity is defined, but higher_is_better is not. using default higher_is_better=False
[2026-01-02 13:15:18,333][lm-eval][WARNING] - [Task: ro_wiki] metric bits_per_byte is defined, but aggregation is not. using default aggregation=bits_per_byte
[2026-01-02 13:15:18,334][lm-eval][WARNING] - [Task: ro_wiki] metric bits_per_byte is defined, but higher_is_better is not. using default higher_is_better=False
[2026-01-02 13:15:20,317][lm-eval][WARNING] - Overwriting default num_fewshot of ro_wiki from None to 0
[2026-01-02 13:15:20,317][lm-eval][INFO] - Setting fewshot random generator seed to 23
[2026-01-02 13:15:20,319][lm-eval][INFO] - Building contexts for ro_wiki on rank 0...
[2026-01-02 13:15:20,477][lm-eval][INFO] - Running loglikelihood_rolling requests
[2026-01-02 13:15:58,768][lm-eval][WARNING] - Failed to get model SHA for outputs/milestone_meta-llama_Llama-3.2-1B-Instruct_r16/merged/checkpoint-534 at revision main. Error: Repo id must be in the form 'repo_name' or 'namespace/repo_name': 'outputs/milestone_meta-llama_Llama-3.2-1B-Instruct_r16/merged/checkpoint-534'. Use `repo_type` argument if needed.
[2026-01-02 13:15:59,735][__name__][INFO] - ✅ Finished ro_wiki
[2026-01-02 13:15:59,853][__name__][INFO] - 💾 Saved partial results: /home/dan-parii/Documents/ContinualPretrainRo/continual_pretrain/eval_results/outputs_milestone_meta-llama_Llama-3.2-1B-Instruct_r16_merged_checkpoint-534/2026-01-02_13-13-35/ro_wiki.json
[2026-01-02 13:15:59,854][__name__][INFO] - 🚀 Running evaluation for _ro_arc_challenge | fewshot=5 | limit=1000
[2026-01-02 13:15:59,854][__name__][INFO] - Running outputs/milestone_meta-llama_Llama-3.2-1B-Instruct_r16/merged/checkpoint-534 with apply_chat_template True
[2026-01-02 13:15:59,855][__name__][INFO] - 📝 Using fewshot_as_multiturn=True and custom system instruction
[2026-01-02 13:15:59,856][lm-eval][INFO] - Setting random seed to 23 | Setting numpy seed to 23 | Setting torch manual seed to 23
[2026-01-02 13:15:59,856][lm-eval][INFO] - Initializing hf model, with arguments: {'pretrained': 'outputs/milestone_meta-llama_Llama-3.2-1B-Instruct_r16/merged/checkpoint-534', 'tokenizer': 'outputs/milestone_meta-llama_Llama-3.2-1B-Instruct_r16/merged/checkpoint-534', 'max_length': 4096, 'eval_max_length': 16384, 'truncation': True, 'dtype': 'bfloat16'}
[2026-01-02 13:15:59,857][lm-eval][INFO] - Using device 'cuda'
[2026-01-02 13:16:00,520][lm-eval][INFO] - `group` and `group_alias` keys in tasks' configs will no longer be used in the next release of lm-eval. `tag` will be used to allow to call a collection of tasks just like `group`. `group` will be removed in order to not cause confusion with the new ConfigurableGroup which will be the offical way to create groups with addition of group-wide configuations.
[2026-01-02 13:16:08,882][lm-eval][WARNING] - Overwriting default num_fewshot of _ro_arc_challenge from None to 5
[2026-01-02 13:16:08,882][lm-eval][INFO] - Setting fewshot random generator seed to 23
[2026-01-02 13:16:08,884][lm-eval][INFO] - Building contexts for _ro_arc_challenge on rank 0...
[2026-01-02 13:16:10,514][lm-eval][INFO] - Running loglikelihood requests
[2026-01-02 13:17:40,761][lm-eval][WARNING] - Failed to get model SHA for outputs/milestone_meta-llama_Llama-3.2-1B-Instruct_r16/merged/checkpoint-534 at revision main. Error: Repo id must be in the form 'repo_name' or 'namespace/repo_name': 'outputs/milestone_meta-llama_Llama-3.2-1B-Instruct_r16/merged/checkpoint-534'. Use `repo_type` argument if needed.
[2026-01-02 13:17:41,752][__name__][INFO] - ✅ Finished _ro_arc_challenge
[2026-01-02 13:17:41,941][__name__][INFO] - 💾 Saved partial results: /home/dan-parii/Documents/ContinualPretrainRo/continual_pretrain/eval_results/outputs_milestone_meta-llama_Llama-3.2-1B-Instruct_r16_merged_checkpoint-534/2026-01-02_13-13-35/_ro_arc_challenge.json
[2026-01-02 13:17:41,942][__name__][INFO] - 🚀 Running evaluation for arc_challenge | fewshot=5 | limit=1000
[2026-01-02 13:17:41,942][__name__][INFO] - Running outputs/milestone_meta-llama_Llama-3.2-1B-Instruct_r16/merged/checkpoint-534 with apply_chat_template True
[2026-01-02 13:17:41,942][__name__][INFO] - 📝 Using fewshot_as_multiturn=True and custom system instruction
[2026-01-02 13:17:41,943][lm-eval][INFO] - Setting random seed to 23 | Setting numpy seed to 23 | Setting torch manual seed to 23
[2026-01-02 13:17:41,944][lm-eval][INFO] - Initializing hf model, with arguments: {'pretrained': 'outputs/milestone_meta-llama_Llama-3.2-1B-Instruct_r16/merged/checkpoint-534', 'tokenizer': 'outputs/milestone_meta-llama_Llama-3.2-1B-Instruct_r16/merged/checkpoint-534', 'max_length': 4096, 'eval_max_length': 16384, 'truncation': True, 'dtype': 'bfloat16'}
[2026-01-02 13:17:41,944][lm-eval][INFO] - Using device 'cuda'
[2026-01-02 13:17:42,593][lm-eval][INFO] - `group` and `group_alias` keys in tasks' configs will no longer be used in the next release of lm-eval. `tag` will be used to allow to call a collection of tasks just like `group`. `group` will be removed in order to not cause confusion with the new ConfigurableGroup which will be the offical way to create groups with addition of group-wide configuations.
[2026-01-02 13:17:47,356][lm-eval][WARNING] - Overwriting default num_fewshot of arc_challenge from None to 5
[2026-01-02 13:17:47,356][lm-eval][INFO] - Setting fewshot random generator seed to 23
[2026-01-02 13:17:47,357][lm-eval][INFO] - Building contexts for arc_challenge on rank 0...
[2026-01-02 13:17:51,769][lm-eval][INFO] - Running loglikelihood requests
[2026-01-02 13:18:49,633][lm-eval][WARNING] - Failed to get model SHA for outputs/milestone_meta-llama_Llama-3.2-1B-Instruct_r16/merged/checkpoint-534 at revision main. Error: Repo id must be in the form 'repo_name' or 'namespace/repo_name': 'outputs/milestone_meta-llama_Llama-3.2-1B-Instruct_r16/merged/checkpoint-534'. Use `repo_type` argument if needed.
[2026-01-02 13:18:50,586][__name__][INFO] - ✅ Finished arc_challenge
[2026-01-02 13:18:50,768][__name__][INFO] - 💾 Saved partial results: /home/dan-parii/Documents/ContinualPretrainRo/continual_pretrain/eval_results/outputs_milestone_meta-llama_Llama-3.2-1B-Instruct_r16_merged_checkpoint-534/2026-01-02_13-13-35/arc_challenge.json
[2026-01-02 13:18:50,769][__name__][INFO] - 🚀 Running evaluation for winogrande | fewshot=5 | limit=1000
[2026-01-02 13:18:50,769][__name__][INFO] - Running outputs/milestone_meta-llama_Llama-3.2-1B-Instruct_r16/merged/checkpoint-534 with apply_chat_template True
[2026-01-02 13:18:50,769][__name__][INFO] - 📝 Using fewshot_as_multiturn=True and custom system instruction
[2026-01-02 13:18:50,770][lm-eval][INFO] - Setting random seed to 23 | Setting numpy seed to 23 | Setting torch manual seed to 23
[2026-01-02 13:18:50,771][lm-eval][INFO] - Initializing hf model, with arguments: {'pretrained': 'outputs/milestone_meta-llama_Llama-3.2-1B-Instruct_r16/merged/checkpoint-534', 'tokenizer': 'outputs/milestone_meta-llama_Llama-3.2-1B-Instruct_r16/merged/checkpoint-534', 'max_length': 4096, 'eval_max_length': 16384, 'truncation': True, 'dtype': 'bfloat16'}
[2026-01-02 13:18:50,772][lm-eval][INFO] - Using device 'cuda'
[2026-01-02 13:18:51,440][lm-eval][INFO] - `group` and `group_alias` keys in tasks' configs will no longer be used in the next release of lm-eval. `tag` will be used to allow to call a collection of tasks just like `group`. `group` will be removed in order to not cause confusion with the new ConfigurableGroup which will be the offical way to create groups with addition of group-wide configuations.
[2026-01-02 13:18:54,338][datasets.load][ERROR] - `trust_remote_code` is not supported anymore.
Please check that the Hugging Face dataset 'winogrande' isn't based on a loading script and remove `trust_remote_code`.
If the dataset is based on a loading script, please ask the dataset author to remove it and convert it to a standard format like Parquet.
[2026-01-02 13:18:58,646][lm-eval][WARNING] - Overwriting default num_fewshot of winogrande from None to 5
[2026-01-02 13:18:58,647][lm-eval][INFO] - Setting fewshot random generator seed to 23
[2026-01-02 13:18:58,651][lm-eval][INFO] - Building contexts for winogrande on rank 0...
[2026-01-02 13:18:58,739][lm-eval][INFO] - Running loglikelihood requests
[2026-01-02 13:19:19,447][lm-eval][WARNING] - Failed to get model SHA for outputs/milestone_meta-llama_Llama-3.2-1B-Instruct_r16/merged/checkpoint-534 at revision main. Error: Repo id must be in the form 'repo_name' or 'namespace/repo_name': 'outputs/milestone_meta-llama_Llama-3.2-1B-Instruct_r16/merged/checkpoint-534'. Use `repo_type` argument if needed.
[2026-01-02 13:19:20,447][__name__][INFO] - ✅ Finished winogrande
[2026-01-02 13:19:20,541][__name__][INFO] - 💾 Saved partial results: /home/dan-parii/Documents/ContinualPretrainRo/continual_pretrain/eval_results/outputs_milestone_meta-llama_Llama-3.2-1B-Instruct_r16_merged_checkpoint-534/2026-01-02_13-13-35/winogrande.json
[2026-01-02 13:19:20,541][__name__][INFO] - 🚀 Running evaluation for wikitext | fewshot=5 | limit=1000
[2026-01-02 13:19:20,541][__name__][INFO] - Running outputs/milestone_meta-llama_Llama-3.2-1B-Instruct_r16/merged/checkpoint-534 with apply_chat_template True
[2026-01-02 13:19:20,542][lm-eval][INFO] - Setting random seed to 23 | Setting numpy seed to 23 | Setting torch manual seed to 23
[2026-01-02 13:19:20,543][lm-eval][INFO] - Initializing hf model, with arguments: {'pretrained': 'outputs/milestone_meta-llama_Llama-3.2-1B-Instruct_r16/merged/checkpoint-534', 'tokenizer': 'outputs/milestone_meta-llama_Llama-3.2-1B-Instruct_r16/merged/checkpoint-534', 'max_length': 4096, 'eval_max_length': 16384, 'truncation': True, 'dtype': 'bfloat16'}
[2026-01-02 13:19:20,543][lm-eval][INFO] - Using device 'cuda'
[2026-01-02 13:19:21,213][lm-eval][INFO] - `group` and `group_alias` keys in tasks' configs will no longer be used in the next release of lm-eval. `tag` will be used to allow to call a collection of tasks just like `group`. `group` will be removed in order to not cause confusion with the new ConfigurableGroup which will be the offical way to create groups with addition of group-wide configuations.
[2026-01-02 13:19:24,088][lm-eval][WARNING] - [Task: wikitext] metric word_perplexity is defined, but aggregation is not. using default aggregation=weighted_perplexity
[2026-01-02 13:19:24,089][lm-eval][WARNING] - [Task: wikitext] metric word_perplexity is defined, but higher_is_better is not. using default higher_is_better=False
[2026-01-02 13:19:24,089][lm-eval][WARNING] - [Task: wikitext] metric byte_perplexity is defined, but aggregation is not. using default aggregation=weighted_perplexity
[2026-01-02 13:19:24,089][lm-eval][WARNING] - [Task: wikitext] metric byte_perplexity is defined, but higher_is_better is not. using default higher_is_better=False
[2026-01-02 13:19:24,089][lm-eval][WARNING] - [Task: wikitext] metric bits_per_byte is defined, but aggregation is not. using default aggregation=bits_per_byte
[2026-01-02 13:19:24,089][lm-eval][WARNING] - [Task: wikitext] metric bits_per_byte is defined, but higher_is_better is not. using default higher_is_better=False
[2026-01-02 13:19:24,089][datasets.load][ERROR] - `trust_remote_code` is not supported anymore.
Please check that the Hugging Face dataset 'EleutherAI/wikitext_document_level' isn't based on a loading script and remove `trust_remote_code`.
If the dataset is based on a loading script, please ask the dataset author to remove it and convert it to a standard format like Parquet.
[2026-01-02 13:19:30,949][lm-eval][WARNING] - Overwriting default num_fewshot of wikitext from None to 5
[2026-01-02 13:19:30,949][lm-eval][INFO] - Setting fewshot random generator seed to 23
[2026-01-02 13:19:30,950][lm-eval][INFO] - Building contexts for wikitext on rank 0...
[2026-01-02 13:19:33,764][lm-eval][INFO] - Running loglikelihood_rolling requests
[2026-01-02 13:21:53,154][lm-eval][WARNING] - Failed to get model SHA for outputs/milestone_meta-llama_Llama-3.2-1B-Instruct_r16/merged/checkpoint-534 at revision main. Error: Repo id must be in the form 'repo_name' or 'namespace/repo_name': 'outputs/milestone_meta-llama_Llama-3.2-1B-Instruct_r16/merged/checkpoint-534'. Use `repo_type` argument if needed.
[2026-01-02 13:21:54,179][__name__][INFO] - ✅ Finished wikitext
[2026-01-02 13:21:54,608][__name__][INFO] - 💾 Saved partial results: /home/dan-parii/Documents/ContinualPretrainRo/continual_pretrain/eval_results/outputs_milestone_meta-llama_Llama-3.2-1B-Instruct_r16_merged_checkpoint-534/2026-01-02_13-13-35/wikitext.json
[2026-01-02 13:21:55,500][__name__][INFO] - 📁 Combined results saved to: /home/dan-parii/Documents/ContinualPretrainRo/continual_pretrain/eval_results/outputs_milestone_meta-llama_Llama-3.2-1B-Instruct_r16_merged_checkpoint-534/2026-01-02_13-13-35/eval_results.json
[2026-01-02 13:21:55,500][__name__][INFO] - 📊 Summary:
[2026-01-02 13:21:55,500][__name__][INFO] -   - _ro_winogrande: {'acc,none': 0.494, 'acc_stderr,none': 0.015818160898606836}
[2026-01-02 13:21:55,500][__name__][INFO] -   - _ro_belebele: {'acc_norm,none': 0.30666666666666664, 'acc_norm_stderr,none': 0.015378871939715806}
[2026-01-02 13:21:55,501][__name__][INFO] -   - ro_wiki: {'word_perplexity,none': 103.22180550241103, 'byte_perplexity,none': 1.9829283827770567, 'bits_per_byte,none': 0.987632572837466}
[2026-01-02 13:21:55,501][__name__][INFO] -   - _ro_arc_challenge: {'acc_norm,none': 0.266, 'acc_norm_stderr,none': 0.013979965645145179}
[2026-01-02 13:21:55,501][__name__][INFO] -   - arc_challenge: {'acc,none': 0.372, 'acc_stderr,none': 0.01529214994204052, 'acc_norm,none': 0.373, 'acc_norm_stderr,none': 0.015300493622922927}
[2026-01-02 13:21:55,501][__name__][INFO] -   - winogrande: {'acc,none': 0.591, 'acc_stderr,none': 0.015555094373257946}
[2026-01-02 13:21:55,501][__name__][INFO] -   - wikitext: {'word_perplexity,none': 17.015357337775686, 'byte_perplexity,none': 1.702142916952378, 'bits_per_byte,none': 0.7673521750510419}
[2026-01-02 13:21:56,632][__name__][INFO] - 📊 W&B run finished
[2026-01-02 13:44:15,281][__name__][INFO] - Starting Romanian evaluation run
[2026-01-02 13:44:15,448][__name__][INFO] - 🚀 CUDA is available. Using GPU: NVIDIA GeForce RTX 3090
[2026-01-02 13:44:15,449][__name__][INFO] - 📁 Results will be saved in: /home/dan-parii/Documents/ContinualPretrainRo/continual_pretrain/eval_results/outputs_milestone_meta-llama_Llama-3.2-1B-Instruct_r16_merged_checkpoint-610/2026-01-02_13-44-15
[2026-01-02 13:44:17,196][__name__][INFO] - 📊 W&B logging enabled with GPU monitoring
[2026-01-02 13:44:17,196][__name__][INFO] - 🚀 Running evaluation for _ro_winogrande | fewshot=5 | limit=1000
[2026-01-02 13:44:17,196][__name__][INFO] - Running outputs/milestone_meta-llama_Llama-3.2-1B-Instruct_r16/merged/checkpoint-610 with apply_chat_template True
[2026-01-02 13:44:17,196][__name__][INFO] - 📝 Using fewshot_as_multiturn=True and custom system instruction
[2026-01-02 13:44:17,200][lm-eval][INFO] - Setting random seed to 23 | Setting numpy seed to 23 | Setting torch manual seed to 23
[2026-01-02 13:44:17,201][lm-eval][INFO] - Initializing hf model, with arguments: {'pretrained': 'outputs/milestone_meta-llama_Llama-3.2-1B-Instruct_r16/merged/checkpoint-610', 'tokenizer': 'outputs/milestone_meta-llama_Llama-3.2-1B-Instruct_r16/merged/checkpoint-610', 'max_length': 4096, 'eval_max_length': 16384, 'truncation': True, 'dtype': 'bfloat16'}
[2026-01-02 13:44:17,250][lm-eval][INFO] - Using device 'cuda'
[2026-01-02 13:44:18,090][lm-eval][INFO] - `group` and `group_alias` keys in tasks' configs will no longer be used in the next release of lm-eval. `tag` will be used to allow to call a collection of tasks just like `group`. `group` will be removed in order to not cause confusion with the new ConfigurableGroup which will be the offical way to create groups with addition of group-wide configuations.
[2026-01-02 13:44:23,420][lm-eval][WARNING] - Overwriting default num_fewshot of _ro_winogrande from None to 5
[2026-01-02 13:44:23,420][lm-eval][INFO] - Setting fewshot random generator seed to 23
[2026-01-02 13:44:23,423][lm-eval][INFO] - Building contexts for _ro_winogrande on rank 0...
[2026-01-02 13:44:23,539][lm-eval][INFO] - Running loglikelihood requests
[2026-01-02 13:44:53,448][lm-eval][WARNING] - Failed to get model SHA for outputs/milestone_meta-llama_Llama-3.2-1B-Instruct_r16/merged/checkpoint-610 at revision main. Error: Repo id must be in the form 'repo_name' or 'namespace/repo_name': 'outputs/milestone_meta-llama_Llama-3.2-1B-Instruct_r16/merged/checkpoint-610'. Use `repo_type` argument if needed.
[2026-01-02 13:44:54,381][__name__][INFO] - ✅ Finished _ro_winogrande
[2026-01-02 13:44:54,474][__name__][INFO] - 💾 Saved partial results: /home/dan-parii/Documents/ContinualPretrainRo/continual_pretrain/eval_results/outputs_milestone_meta-llama_Llama-3.2-1B-Instruct_r16_merged_checkpoint-610/2026-01-02_13-44-15/_ro_winogrande.json
[2026-01-02 13:44:54,475][__name__][INFO] - 🚀 Running evaluation for _ro_belebele | fewshot=0 | limit=1000
[2026-01-02 13:44:54,475][__name__][INFO] - Running outputs/milestone_meta-llama_Llama-3.2-1B-Instruct_r16/merged/checkpoint-610 with apply_chat_template True
[2026-01-02 13:44:54,475][__name__][INFO] - 📝 Using fewshot_as_multiturn=True and custom system instruction
[2026-01-02 13:44:54,476][lm-eval][INFO] - Setting random seed to 23 | Setting numpy seed to 23 | Setting torch manual seed to 23
[2026-01-02 13:44:54,476][lm-eval][INFO] - Initializing hf model, with arguments: {'pretrained': 'outputs/milestone_meta-llama_Llama-3.2-1B-Instruct_r16/merged/checkpoint-610', 'tokenizer': 'outputs/milestone_meta-llama_Llama-3.2-1B-Instruct_r16/merged/checkpoint-610', 'max_length': 4096, 'eval_max_length': 16384, 'truncation': True, 'dtype': 'bfloat16'}
[2026-01-02 13:44:54,477][lm-eval][INFO] - Using device 'cuda'
[2026-01-02 13:44:55,163][lm-eval][INFO] - `group` and `group_alias` keys in tasks' configs will no longer be used in the next release of lm-eval. `tag` will be used to allow to call a collection of tasks just like `group`. `group` will be removed in order to not cause confusion with the new ConfigurableGroup which will be the offical way to create groups with addition of group-wide configuations.
[2026-01-02 13:45:01,382][lm-eval][WARNING] - Overwriting default num_fewshot of _ro_belebele from None to 0
[2026-01-02 13:45:01,382][lm-eval][INFO] - Setting fewshot random generator seed to 23
[2026-01-02 13:45:01,383][lm-eval][INFO] - Building contexts for _ro_belebele on rank 0...
[2026-01-02 13:45:02,043][lm-eval][INFO] - Running loglikelihood requests
[2026-01-02 13:45:54,961][lm-eval][WARNING] - Failed to get model SHA for outputs/milestone_meta-llama_Llama-3.2-1B-Instruct_r16/merged/checkpoint-610 at revision main. Error: Repo id must be in the form 'repo_name' or 'namespace/repo_name': 'outputs/milestone_meta-llama_Llama-3.2-1B-Instruct_r16/merged/checkpoint-610'. Use `repo_type` argument if needed.
[2026-01-02 13:45:55,965][__name__][INFO] - ✅ Finished _ro_belebele
[2026-01-02 13:45:56,056][__name__][INFO] - 💾 Saved partial results: /home/dan-parii/Documents/ContinualPretrainRo/continual_pretrain/eval_results/outputs_milestone_meta-llama_Llama-3.2-1B-Instruct_r16_merged_checkpoint-610/2026-01-02_13-44-15/_ro_belebele.json
[2026-01-02 13:45:56,056][__name__][INFO] - 🚀 Running evaluation for ro_wiki | fewshot=0 | limit=1000
[2026-01-02 13:45:56,056][__name__][INFO] - Running outputs/milestone_meta-llama_Llama-3.2-1B-Instruct_r16/merged/checkpoint-610 with apply_chat_template True
[2026-01-02 13:45:56,058][lm-eval][INFO] - Setting random seed to 23 | Setting numpy seed to 23 | Setting torch manual seed to 23
[2026-01-02 13:45:56,058][lm-eval][INFO] - Initializing hf model, with arguments: {'pretrained': 'outputs/milestone_meta-llama_Llama-3.2-1B-Instruct_r16/merged/checkpoint-610', 'tokenizer': 'outputs/milestone_meta-llama_Llama-3.2-1B-Instruct_r16/merged/checkpoint-610', 'max_length': 4096, 'eval_max_length': 16384, 'truncation': True, 'dtype': 'bfloat16'}
[2026-01-02 13:45:56,058][lm-eval][INFO] - Using device 'cuda'
[2026-01-02 13:45:56,734][lm-eval][INFO] - `group` and `group_alias` keys in tasks' configs will no longer be used in the next release of lm-eval. `tag` will be used to allow to call a collection of tasks just like `group`. `group` will be removed in order to not cause confusion with the new ConfigurableGroup which will be the offical way to create groups with addition of group-wide configuations.
[2026-01-02 13:45:59,617][lm-eval][WARNING] - [Task: ro_wiki] metric word_perplexity is defined, but aggregation is not. using default aggregation=weighted_perplexity
[2026-01-02 13:45:59,618][lm-eval][WARNING] - [Task: ro_wiki] metric word_perplexity is defined, but higher_is_better is not. using default higher_is_better=False
[2026-01-02 13:45:59,618][lm-eval][WARNING] - [Task: ro_wiki] metric byte_perplexity is defined, but aggregation is not. using default aggregation=weighted_perplexity
[2026-01-02 13:45:59,618][lm-eval][WARNING] - [Task: ro_wiki] metric byte_perplexity is defined, but higher_is_better is not. using default higher_is_better=False
[2026-01-02 13:45:59,618][lm-eval][WARNING] - [Task: ro_wiki] metric bits_per_byte is defined, but aggregation is not. using default aggregation=bits_per_byte
[2026-01-02 13:45:59,619][lm-eval][WARNING] - [Task: ro_wiki] metric bits_per_byte is defined, but higher_is_better is not. using default higher_is_better=False
[2026-01-02 13:46:02,766][lm-eval][WARNING] - Overwriting default num_fewshot of ro_wiki from None to 0
[2026-01-02 13:46:02,766][lm-eval][INFO] - Setting fewshot random generator seed to 23
[2026-01-02 13:46:02,767][lm-eval][INFO] - Building contexts for ro_wiki on rank 0...
[2026-01-02 13:46:02,924][lm-eval][INFO] - Running loglikelihood_rolling requests
[2026-01-02 13:46:41,143][lm-eval][WARNING] - Failed to get model SHA for outputs/milestone_meta-llama_Llama-3.2-1B-Instruct_r16/merged/checkpoint-610 at revision main. Error: Repo id must be in the form 'repo_name' or 'namespace/repo_name': 'outputs/milestone_meta-llama_Llama-3.2-1B-Instruct_r16/merged/checkpoint-610'. Use `repo_type` argument if needed.
[2026-01-02 13:46:42,176][__name__][INFO] - ✅ Finished ro_wiki
[2026-01-02 13:46:42,295][__name__][INFO] - 💾 Saved partial results: /home/dan-parii/Documents/ContinualPretrainRo/continual_pretrain/eval_results/outputs_milestone_meta-llama_Llama-3.2-1B-Instruct_r16_merged_checkpoint-610/2026-01-02_13-44-15/ro_wiki.json
[2026-01-02 13:46:42,295][__name__][INFO] - 🚀 Running evaluation for _ro_arc_challenge | fewshot=5 | limit=1000
[2026-01-02 13:46:42,296][__name__][INFO] - Running outputs/milestone_meta-llama_Llama-3.2-1B-Instruct_r16/merged/checkpoint-610 with apply_chat_template True
[2026-01-02 13:46:42,296][__name__][INFO] - 📝 Using fewshot_as_multiturn=True and custom system instruction
[2026-01-02 13:46:42,297][lm-eval][INFO] - Setting random seed to 23 | Setting numpy seed to 23 | Setting torch manual seed to 23
[2026-01-02 13:46:42,297][lm-eval][INFO] - Initializing hf model, with arguments: {'pretrained': 'outputs/milestone_meta-llama_Llama-3.2-1B-Instruct_r16/merged/checkpoint-610', 'tokenizer': 'outputs/milestone_meta-llama_Llama-3.2-1B-Instruct_r16/merged/checkpoint-610', 'max_length': 4096, 'eval_max_length': 16384, 'truncation': True, 'dtype': 'bfloat16'}
[2026-01-02 13:46:42,298][lm-eval][INFO] - Using device 'cuda'
[2026-01-02 13:46:42,975][lm-eval][INFO] - `group` and `group_alias` keys in tasks' configs will no longer be used in the next release of lm-eval. `tag` will be used to allow to call a collection of tasks just like `group`. `group` will be removed in order to not cause confusion with the new ConfigurableGroup which will be the offical way to create groups with addition of group-wide configuations.
[2026-01-02 13:46:47,795][lm-eval][WARNING] - Overwriting default num_fewshot of _ro_arc_challenge from None to 5
[2026-01-02 13:46:47,795][lm-eval][INFO] - Setting fewshot random generator seed to 23
[2026-01-02 13:46:47,796][lm-eval][INFO] - Building contexts for _ro_arc_challenge on rank 0...
[2026-01-02 13:46:49,398][lm-eval][INFO] - Running loglikelihood requests
[2026-01-02 13:48:19,618][lm-eval][WARNING] - Failed to get model SHA for outputs/milestone_meta-llama_Llama-3.2-1B-Instruct_r16/merged/checkpoint-610 at revision main. Error: Repo id must be in the form 'repo_name' or 'namespace/repo_name': 'outputs/milestone_meta-llama_Llama-3.2-1B-Instruct_r16/merged/checkpoint-610'. Use `repo_type` argument if needed.
[2026-01-02 13:48:20,702][__name__][INFO] - ✅ Finished _ro_arc_challenge
[2026-01-02 13:48:20,889][__name__][INFO] - 💾 Saved partial results: /home/dan-parii/Documents/ContinualPretrainRo/continual_pretrain/eval_results/outputs_milestone_meta-llama_Llama-3.2-1B-Instruct_r16_merged_checkpoint-610/2026-01-02_13-44-15/_ro_arc_challenge.json
[2026-01-02 13:48:20,890][__name__][INFO] - 🚀 Running evaluation for arc_challenge | fewshot=5 | limit=1000
[2026-01-02 13:48:20,890][__name__][INFO] - Running outputs/milestone_meta-llama_Llama-3.2-1B-Instruct_r16/merged/checkpoint-610 with apply_chat_template True
[2026-01-02 13:48:20,890][__name__][INFO] - 📝 Using fewshot_as_multiturn=True and custom system instruction
[2026-01-02 13:48:20,891][lm-eval][INFO] - Setting random seed to 23 | Setting numpy seed to 23 | Setting torch manual seed to 23
[2026-01-02 13:48:20,891][lm-eval][INFO] - Initializing hf model, with arguments: {'pretrained': 'outputs/milestone_meta-llama_Llama-3.2-1B-Instruct_r16/merged/checkpoint-610', 'tokenizer': 'outputs/milestone_meta-llama_Llama-3.2-1B-Instruct_r16/merged/checkpoint-610', 'max_length': 4096, 'eval_max_length': 16384, 'truncation': True, 'dtype': 'bfloat16'}
[2026-01-02 13:48:20,892][lm-eval][INFO] - Using device 'cuda'
[2026-01-02 13:48:21,563][lm-eval][INFO] - `group` and `group_alias` keys in tasks' configs will no longer be used in the next release of lm-eval. `tag` will be used to allow to call a collection of tasks just like `group`. `group` will be removed in order to not cause confusion with the new ConfigurableGroup which will be the offical way to create groups with addition of group-wide configuations.
[2026-01-02 13:48:26,996][lm-eval][WARNING] - Overwriting default num_fewshot of arc_challenge from None to 5
[2026-01-02 13:48:26,996][lm-eval][INFO] - Setting fewshot random generator seed to 23
[2026-01-02 13:48:26,996][lm-eval][INFO] - Building contexts for arc_challenge on rank 0...
[2026-01-02 13:48:31,395][lm-eval][INFO] - Running loglikelihood requests
[2026-01-02 13:49:29,256][lm-eval][WARNING] - Failed to get model SHA for outputs/milestone_meta-llama_Llama-3.2-1B-Instruct_r16/merged/checkpoint-610 at revision main. Error: Repo id must be in the form 'repo_name' or 'namespace/repo_name': 'outputs/milestone_meta-llama_Llama-3.2-1B-Instruct_r16/merged/checkpoint-610'. Use `repo_type` argument if needed.
[2026-01-02 13:49:30,254][__name__][INFO] - ✅ Finished arc_challenge
[2026-01-02 13:49:30,439][__name__][INFO] - 💾 Saved partial results: /home/dan-parii/Documents/ContinualPretrainRo/continual_pretrain/eval_results/outputs_milestone_meta-llama_Llama-3.2-1B-Instruct_r16_merged_checkpoint-610/2026-01-02_13-44-15/arc_challenge.json
[2026-01-02 13:49:30,440][__name__][INFO] - 🚀 Running evaluation for winogrande | fewshot=5 | limit=1000
[2026-01-02 13:49:30,440][__name__][INFO] - Running outputs/milestone_meta-llama_Llama-3.2-1B-Instruct_r16/merged/checkpoint-610 with apply_chat_template True
[2026-01-02 13:49:30,440][__name__][INFO] - 📝 Using fewshot_as_multiturn=True and custom system instruction
[2026-01-02 13:49:30,441][lm-eval][INFO] - Setting random seed to 23 | Setting numpy seed to 23 | Setting torch manual seed to 23
[2026-01-02 13:49:30,442][lm-eval][INFO] - Initializing hf model, with arguments: {'pretrained': 'outputs/milestone_meta-llama_Llama-3.2-1B-Instruct_r16/merged/checkpoint-610', 'tokenizer': 'outputs/milestone_meta-llama_Llama-3.2-1B-Instruct_r16/merged/checkpoint-610', 'max_length': 4096, 'eval_max_length': 16384, 'truncation': True, 'dtype': 'bfloat16'}
[2026-01-02 13:49:30,443][lm-eval][INFO] - Using device 'cuda'
[2026-01-02 13:49:31,285][lm-eval][INFO] - `group` and `group_alias` keys in tasks' configs will no longer be used in the next release of lm-eval. `tag` will be used to allow to call a collection of tasks just like `group`. `group` will be removed in order to not cause confusion with the new ConfigurableGroup which will be the offical way to create groups with addition of group-wide configuations.
[2026-01-02 13:49:34,152][datasets.load][ERROR] - `trust_remote_code` is not supported anymore.
Please check that the Hugging Face dataset 'winogrande' isn't based on a loading script and remove `trust_remote_code`.
If the dataset is based on a loading script, please ask the dataset author to remove it and convert it to a standard format like Parquet.
[2026-01-02 13:49:38,067][lm-eval][WARNING] - Overwriting default num_fewshot of winogrande from None to 5
[2026-01-02 13:49:38,068][lm-eval][INFO] - Setting fewshot random generator seed to 23
[2026-01-02 13:49:38,072][lm-eval][INFO] - Building contexts for winogrande on rank 0...
[2026-01-02 13:49:38,158][lm-eval][INFO] - Running loglikelihood requests
[2026-01-02 13:49:58,687][lm-eval][WARNING] - Failed to get model SHA for outputs/milestone_meta-llama_Llama-3.2-1B-Instruct_r16/merged/checkpoint-610 at revision main. Error: Repo id must be in the form 'repo_name' or 'namespace/repo_name': 'outputs/milestone_meta-llama_Llama-3.2-1B-Instruct_r16/merged/checkpoint-610'. Use `repo_type` argument if needed.
[2026-01-02 13:49:59,731][__name__][INFO] - ✅ Finished winogrande
[2026-01-02 13:49:59,822][__name__][INFO] - 💾 Saved partial results: /home/dan-parii/Documents/ContinualPretrainRo/continual_pretrain/eval_results/outputs_milestone_meta-llama_Llama-3.2-1B-Instruct_r16_merged_checkpoint-610/2026-01-02_13-44-15/winogrande.json
[2026-01-02 13:49:59,822][__name__][INFO] - 🚀 Running evaluation for wikitext | fewshot=5 | limit=1000
[2026-01-02 13:49:59,822][__name__][INFO] - Running outputs/milestone_meta-llama_Llama-3.2-1B-Instruct_r16/merged/checkpoint-610 with apply_chat_template True
[2026-01-02 13:49:59,823][lm-eval][INFO] - Setting random seed to 23 | Setting numpy seed to 23 | Setting torch manual seed to 23
[2026-01-02 13:49:59,824][lm-eval][INFO] - Initializing hf model, with arguments: {'pretrained': 'outputs/milestone_meta-llama_Llama-3.2-1B-Instruct_r16/merged/checkpoint-610', 'tokenizer': 'outputs/milestone_meta-llama_Llama-3.2-1B-Instruct_r16/merged/checkpoint-610', 'max_length': 4096, 'eval_max_length': 16384, 'truncation': True, 'dtype': 'bfloat16'}
[2026-01-02 13:49:59,825][lm-eval][INFO] - Using device 'cuda'
[2026-01-02 13:50:00,494][lm-eval][INFO] - `group` and `group_alias` keys in tasks' configs will no longer be used in the next release of lm-eval. `tag` will be used to allow to call a collection of tasks just like `group`. `group` will be removed in order to not cause confusion with the new ConfigurableGroup which will be the offical way to create groups with addition of group-wide configuations.
[2026-01-02 13:50:03,390][lm-eval][WARNING] - [Task: wikitext] metric word_perplexity is defined, but aggregation is not. using default aggregation=weighted_perplexity
[2026-01-02 13:50:03,390][lm-eval][WARNING] - [Task: wikitext] metric word_perplexity is defined, but higher_is_better is not. using default higher_is_better=False
[2026-01-02 13:50:03,390][lm-eval][WARNING] - [Task: wikitext] metric byte_perplexity is defined, but aggregation is not. using default aggregation=weighted_perplexity
[2026-01-02 13:50:03,391][lm-eval][WARNING] - [Task: wikitext] metric byte_perplexity is defined, but higher_is_better is not. using default higher_is_better=False
[2026-01-02 13:50:03,391][lm-eval][WARNING] - [Task: wikitext] metric bits_per_byte is defined, but aggregation is not. using default aggregation=bits_per_byte
[2026-01-02 13:50:03,391][lm-eval][WARNING] - [Task: wikitext] metric bits_per_byte is defined, but higher_is_better is not. using default higher_is_better=False
[2026-01-02 13:50:03,391][datasets.load][ERROR] - `trust_remote_code` is not supported anymore.
Please check that the Hugging Face dataset 'EleutherAI/wikitext_document_level' isn't based on a loading script and remove `trust_remote_code`.
If the dataset is based on a loading script, please ask the dataset author to remove it and convert it to a standard format like Parquet.
[2026-01-02 13:50:07,628][lm-eval][WARNING] - Overwriting default num_fewshot of wikitext from None to 5
[2026-01-02 13:50:07,629][lm-eval][INFO] - Setting fewshot random generator seed to 23
[2026-01-02 13:50:07,630][lm-eval][INFO] - Building contexts for wikitext on rank 0...
[2026-01-02 13:50:10,444][lm-eval][INFO] - Running loglikelihood_rolling requests
[2026-01-02 13:52:29,808][lm-eval][WARNING] - Failed to get model SHA for outputs/milestone_meta-llama_Llama-3.2-1B-Instruct_r16/merged/checkpoint-610 at revision main. Error: Repo id must be in the form 'repo_name' or 'namespace/repo_name': 'outputs/milestone_meta-llama_Llama-3.2-1B-Instruct_r16/merged/checkpoint-610'. Use `repo_type` argument if needed.
[2026-01-02 13:52:30,854][__name__][INFO] - ✅ Finished wikitext
[2026-01-02 13:52:31,279][__name__][INFO] - 💾 Saved partial results: /home/dan-parii/Documents/ContinualPretrainRo/continual_pretrain/eval_results/outputs_milestone_meta-llama_Llama-3.2-1B-Instruct_r16_merged_checkpoint-610/2026-01-02_13-44-15/wikitext.json
[2026-01-02 13:52:32,157][__name__][INFO] - 📁 Combined results saved to: /home/dan-parii/Documents/ContinualPretrainRo/continual_pretrain/eval_results/outputs_milestone_meta-llama_Llama-3.2-1B-Instruct_r16_merged_checkpoint-610/2026-01-02_13-44-15/eval_results.json
[2026-01-02 13:52:32,158][__name__][INFO] - 📊 Summary:
[2026-01-02 13:52:32,158][__name__][INFO] -   - _ro_winogrande: {'acc,none': 0.495, 'acc_stderr,none': 0.015818508944436743}
[2026-01-02 13:52:32,158][__name__][INFO] -   - _ro_belebele: {'acc_norm,none': 0.29888888888888887, 'acc_norm_stderr,none': 0.015267518830616174}
[2026-01-02 13:52:32,158][__name__][INFO] -   - ro_wiki: {'word_perplexity,none': 103.18657471457871, 'byte_perplexity,none': 1.9828284481233578, 'bits_per_byte,none': 0.9875598627669889}
[2026-01-02 13:52:32,158][__name__][INFO] -   - _ro_arc_challenge: {'acc_norm,none': 0.266, 'acc_norm_stderr,none': 0.013979965645145179}
[2026-01-02 13:52:32,159][__name__][INFO] -   - arc_challenge: {'acc,none': 0.371, 'acc_stderr,none': 0.015283736211823096, 'acc_norm,none': 0.376, 'acc_norm_stderr,none': 0.0153251055088981}
[2026-01-02 13:52:32,159][__name__][INFO] -   - winogrande: {'acc,none': 0.603, 'acc_stderr,none': 0.015480007449307982}
[2026-01-02 13:52:32,159][__name__][INFO] -   - wikitext: {'word_perplexity,none': 17.031081202109608, 'byte_perplexity,none': 1.7024380064891447, 'bits_per_byte,none': 0.7676022641057307}
[2026-01-02 13:52:33,280][__name__][INFO] - 📊 W&B run finished
[2026-01-02 14:14:51,295][__name__][INFO] - Starting Romanian evaluation run
[2026-01-02 14:14:51,445][__name__][INFO] - 🚀 CUDA is available. Using GPU: NVIDIA GeForce RTX 3090
[2026-01-02 14:14:51,445][__name__][INFO] - 📁 Results will be saved in: /home/dan-parii/Documents/ContinualPretrainRo/continual_pretrain/eval_results/outputs_milestone_meta-llama_Llama-3.2-1B-Instruct_r16_merged_checkpoint-686/2026-01-02_14-14-51
[2026-01-02 14:14:53,109][__name__][INFO] - 📊 W&B logging enabled with GPU monitoring
[2026-01-02 14:14:53,109][__name__][INFO] - 🚀 Running evaluation for _ro_winogrande | fewshot=5 | limit=1000
[2026-01-02 14:14:53,109][__name__][INFO] - Running outputs/milestone_meta-llama_Llama-3.2-1B-Instruct_r16/merged/checkpoint-686 with apply_chat_template True
[2026-01-02 14:14:53,109][__name__][INFO] - 📝 Using fewshot_as_multiturn=True and custom system instruction
[2026-01-02 14:14:53,111][lm-eval][INFO] - Setting random seed to 23 | Setting numpy seed to 23 | Setting torch manual seed to 23
[2026-01-02 14:14:53,112][lm-eval][INFO] - Initializing hf model, with arguments: {'pretrained': 'outputs/milestone_meta-llama_Llama-3.2-1B-Instruct_r16/merged/checkpoint-686', 'tokenizer': 'outputs/milestone_meta-llama_Llama-3.2-1B-Instruct_r16/merged/checkpoint-686', 'max_length': 4096, 'eval_max_length': 16384, 'truncation': True, 'dtype': 'bfloat16'}
[2026-01-02 14:14:53,164][lm-eval][INFO] - Using device 'cuda'
[2026-01-02 14:14:55,335][lm-eval][INFO] - `group` and `group_alias` keys in tasks' configs will no longer be used in the next release of lm-eval. `tag` will be used to allow to call a collection of tasks just like `group`. `group` will be removed in order to not cause confusion with the new ConfigurableGroup which will be the offical way to create groups with addition of group-wide configuations.
[2026-01-02 14:15:01,179][lm-eval][WARNING] - Overwriting default num_fewshot of _ro_winogrande from None to 5
[2026-01-02 14:15:01,179][lm-eval][INFO] - Setting fewshot random generator seed to 23
[2026-01-02 14:15:01,184][lm-eval][INFO] - Building contexts for _ro_winogrande on rank 0...
[2026-01-02 14:15:01,298][lm-eval][INFO] - Running loglikelihood requests
[2026-01-02 14:15:31,135][lm-eval][WARNING] - Failed to get model SHA for outputs/milestone_meta-llama_Llama-3.2-1B-Instruct_r16/merged/checkpoint-686 at revision main. Error: Repo id must be in the form 'repo_name' or 'namespace/repo_name': 'outputs/milestone_meta-llama_Llama-3.2-1B-Instruct_r16/merged/checkpoint-686'. Use `repo_type` argument if needed.
[2026-01-02 14:15:32,079][__name__][INFO] - ✅ Finished _ro_winogrande
[2026-01-02 14:15:32,174][__name__][INFO] - 💾 Saved partial results: /home/dan-parii/Documents/ContinualPretrainRo/continual_pretrain/eval_results/outputs_milestone_meta-llama_Llama-3.2-1B-Instruct_r16_merged_checkpoint-686/2026-01-02_14-14-51/_ro_winogrande.json
[2026-01-02 14:15:32,174][__name__][INFO] - 🚀 Running evaluation for _ro_belebele | fewshot=0 | limit=1000
[2026-01-02 14:15:32,175][__name__][INFO] - Running outputs/milestone_meta-llama_Llama-3.2-1B-Instruct_r16/merged/checkpoint-686 with apply_chat_template True
[2026-01-02 14:15:32,175][__name__][INFO] - 📝 Using fewshot_as_multiturn=True and custom system instruction
[2026-01-02 14:15:32,176][lm-eval][INFO] - Setting random seed to 23 | Setting numpy seed to 23 | Setting torch manual seed to 23
[2026-01-02 14:15:32,176][lm-eval][INFO] - Initializing hf model, with arguments: {'pretrained': 'outputs/milestone_meta-llama_Llama-3.2-1B-Instruct_r16/merged/checkpoint-686', 'tokenizer': 'outputs/milestone_meta-llama_Llama-3.2-1B-Instruct_r16/merged/checkpoint-686', 'max_length': 4096, 'eval_max_length': 16384, 'truncation': True, 'dtype': 'bfloat16'}
[2026-01-02 14:15:32,177][lm-eval][INFO] - Using device 'cuda'
[2026-01-02 14:15:32,845][lm-eval][INFO] - `group` and `group_alias` keys in tasks' configs will no longer be used in the next release of lm-eval. `tag` will be used to allow to call a collection of tasks just like `group`. `group` will be removed in order to not cause confusion with the new ConfigurableGroup which will be the offical way to create groups with addition of group-wide configuations.
[2026-01-02 14:15:38,019][lm-eval][WARNING] - Overwriting default num_fewshot of _ro_belebele from None to 0
[2026-01-02 14:15:38,019][lm-eval][INFO] - Setting fewshot random generator seed to 23
[2026-01-02 14:15:38,020][lm-eval][INFO] - Building contexts for _ro_belebele on rank 0...
[2026-01-02 14:15:38,677][lm-eval][INFO] - Running loglikelihood requests
[2026-01-02 14:16:31,575][lm-eval][WARNING] - Failed to get model SHA for outputs/milestone_meta-llama_Llama-3.2-1B-Instruct_r16/merged/checkpoint-686 at revision main. Error: Repo id must be in the form 'repo_name' or 'namespace/repo_name': 'outputs/milestone_meta-llama_Llama-3.2-1B-Instruct_r16/merged/checkpoint-686'. Use `repo_type` argument if needed.
[2026-01-02 14:16:32,557][__name__][INFO] - ✅ Finished _ro_belebele
[2026-01-02 14:16:32,647][__name__][INFO] - 💾 Saved partial results: /home/dan-parii/Documents/ContinualPretrainRo/continual_pretrain/eval_results/outputs_milestone_meta-llama_Llama-3.2-1B-Instruct_r16_merged_checkpoint-686/2026-01-02_14-14-51/_ro_belebele.json
[2026-01-02 14:16:32,648][__name__][INFO] - 🚀 Running evaluation for ro_wiki | fewshot=0 | limit=1000
[2026-01-02 14:16:32,648][__name__][INFO] - Running outputs/milestone_meta-llama_Llama-3.2-1B-Instruct_r16/merged/checkpoint-686 with apply_chat_template True
[2026-01-02 14:16:32,649][lm-eval][INFO] - Setting random seed to 23 | Setting numpy seed to 23 | Setting torch manual seed to 23
[2026-01-02 14:16:32,649][lm-eval][INFO] - Initializing hf model, with arguments: {'pretrained': 'outputs/milestone_meta-llama_Llama-3.2-1B-Instruct_r16/merged/checkpoint-686', 'tokenizer': 'outputs/milestone_meta-llama_Llama-3.2-1B-Instruct_r16/merged/checkpoint-686', 'max_length': 4096, 'eval_max_length': 16384, 'truncation': True, 'dtype': 'bfloat16'}
[2026-01-02 14:16:32,650][lm-eval][INFO] - Using device 'cuda'
[2026-01-02 14:16:33,305][lm-eval][INFO] - `group` and `group_alias` keys in tasks' configs will no longer be used in the next release of lm-eval. `tag` will be used to allow to call a collection of tasks just like `group`. `group` will be removed in order to not cause confusion with the new ConfigurableGroup which will be the offical way to create groups with addition of group-wide configuations.
[2026-01-02 14:16:36,195][lm-eval][WARNING] - [Task: ro_wiki] metric word_perplexity is defined, but aggregation is not. using default aggregation=weighted_perplexity
[2026-01-02 14:16:36,195][lm-eval][WARNING] - [Task: ro_wiki] metric word_perplexity is defined, but higher_is_better is not. using default higher_is_better=False
[2026-01-02 14:16:36,195][lm-eval][WARNING] - [Task: ro_wiki] metric byte_perplexity is defined, but aggregation is not. using default aggregation=weighted_perplexity
[2026-01-02 14:16:36,196][lm-eval][WARNING] - [Task: ro_wiki] metric byte_perplexity is defined, but higher_is_better is not. using default higher_is_better=False
[2026-01-02 14:16:36,196][lm-eval][WARNING] - [Task: ro_wiki] metric bits_per_byte is defined, but aggregation is not. using default aggregation=bits_per_byte
[2026-01-02 14:16:36,196][lm-eval][WARNING] - [Task: ro_wiki] metric bits_per_byte is defined, but higher_is_better is not. using default higher_is_better=False
[2026-01-02 14:16:38,289][lm-eval][WARNING] - Overwriting default num_fewshot of ro_wiki from None to 0
[2026-01-02 14:16:38,289][lm-eval][INFO] - Setting fewshot random generator seed to 23
[2026-01-02 14:16:38,290][lm-eval][INFO] - Building contexts for ro_wiki on rank 0...
[2026-01-02 14:16:38,450][lm-eval][INFO] - Running loglikelihood_rolling requests
[2026-01-02 14:17:16,691][lm-eval][WARNING] - Failed to get model SHA for outputs/milestone_meta-llama_Llama-3.2-1B-Instruct_r16/merged/checkpoint-686 at revision main. Error: Repo id must be in the form 'repo_name' or 'namespace/repo_name': 'outputs/milestone_meta-llama_Llama-3.2-1B-Instruct_r16/merged/checkpoint-686'. Use `repo_type` argument if needed.
[2026-01-02 14:17:17,710][__name__][INFO] - ✅ Finished ro_wiki
[2026-01-02 14:17:17,831][__name__][INFO] - 💾 Saved partial results: /home/dan-parii/Documents/ContinualPretrainRo/continual_pretrain/eval_results/outputs_milestone_meta-llama_Llama-3.2-1B-Instruct_r16_merged_checkpoint-686/2026-01-02_14-14-51/ro_wiki.json
[2026-01-02 14:17:17,831][__name__][INFO] - 🚀 Running evaluation for _ro_arc_challenge | fewshot=5 | limit=1000
[2026-01-02 14:17:17,831][__name__][INFO] - Running outputs/milestone_meta-llama_Llama-3.2-1B-Instruct_r16/merged/checkpoint-686 with apply_chat_template True
[2026-01-02 14:17:17,832][__name__][INFO] - 📝 Using fewshot_as_multiturn=True and custom system instruction
[2026-01-02 14:17:17,833][lm-eval][INFO] - Setting random seed to 23 | Setting numpy seed to 23 | Setting torch manual seed to 23
[2026-01-02 14:17:17,833][lm-eval][INFO] - Initializing hf model, with arguments: {'pretrained': 'outputs/milestone_meta-llama_Llama-3.2-1B-Instruct_r16/merged/checkpoint-686', 'tokenizer': 'outputs/milestone_meta-llama_Llama-3.2-1B-Instruct_r16/merged/checkpoint-686', 'max_length': 4096, 'eval_max_length': 16384, 'truncation': True, 'dtype': 'bfloat16'}
[2026-01-02 14:17:17,834][lm-eval][INFO] - Using device 'cuda'
[2026-01-02 14:17:18,491][lm-eval][INFO] - `group` and `group_alias` keys in tasks' configs will no longer be used in the next release of lm-eval. `tag` will be used to allow to call a collection of tasks just like `group`. `group` will be removed in order to not cause confusion with the new ConfigurableGroup which will be the offical way to create groups with addition of group-wide configuations.
[2026-01-02 14:17:23,493][lm-eval][WARNING] - Overwriting default num_fewshot of _ro_arc_challenge from None to 5
[2026-01-02 14:17:23,493][lm-eval][INFO] - Setting fewshot random generator seed to 23
[2026-01-02 14:17:23,495][lm-eval][INFO] - Building contexts for _ro_arc_challenge on rank 0...
[2026-01-02 14:17:25,093][lm-eval][INFO] - Running loglikelihood requests
[2026-01-02 14:18:55,340][lm-eval][WARNING] - Failed to get model SHA for outputs/milestone_meta-llama_Llama-3.2-1B-Instruct_r16/merged/checkpoint-686 at revision main. Error: Repo id must be in the form 'repo_name' or 'namespace/repo_name': 'outputs/milestone_meta-llama_Llama-3.2-1B-Instruct_r16/merged/checkpoint-686'. Use `repo_type` argument if needed.
[2026-01-02 14:18:56,351][__name__][INFO] - ✅ Finished _ro_arc_challenge
[2026-01-02 14:18:56,537][__name__][INFO] - 💾 Saved partial results: /home/dan-parii/Documents/ContinualPretrainRo/continual_pretrain/eval_results/outputs_milestone_meta-llama_Llama-3.2-1B-Instruct_r16_merged_checkpoint-686/2026-01-02_14-14-51/_ro_arc_challenge.json
[2026-01-02 14:18:56,538][__name__][INFO] - 🚀 Running evaluation for arc_challenge | fewshot=5 | limit=1000
[2026-01-02 14:18:56,538][__name__][INFO] - Running outputs/milestone_meta-llama_Llama-3.2-1B-Instruct_r16/merged/checkpoint-686 with apply_chat_template True
[2026-01-02 14:18:56,538][__name__][INFO] - 📝 Using fewshot_as_multiturn=True and custom system instruction
[2026-01-02 14:18:56,539][lm-eval][INFO] - Setting random seed to 23 | Setting numpy seed to 23 | Setting torch manual seed to 23
[2026-01-02 14:18:56,539][lm-eval][INFO] - Initializing hf model, with arguments: {'pretrained': 'outputs/milestone_meta-llama_Llama-3.2-1B-Instruct_r16/merged/checkpoint-686', 'tokenizer': 'outputs/milestone_meta-llama_Llama-3.2-1B-Instruct_r16/merged/checkpoint-686', 'max_length': 4096, 'eval_max_length': 16384, 'truncation': True, 'dtype': 'bfloat16'}
[2026-01-02 14:18:56,540][lm-eval][INFO] - Using device 'cuda'
[2026-01-02 14:18:57,189][lm-eval][INFO] - `group` and `group_alias` keys in tasks' configs will no longer be used in the next release of lm-eval. `tag` will be used to allow to call a collection of tasks just like `group`. `group` will be removed in order to not cause confusion with the new ConfigurableGroup which will be the offical way to create groups with addition of group-wide configuations.
[2026-01-02 14:19:02,179][lm-eval][WARNING] - Overwriting default num_fewshot of arc_challenge from None to 5
[2026-01-02 14:19:02,180][lm-eval][INFO] - Setting fewshot random generator seed to 23
[2026-01-02 14:19:02,180][lm-eval][INFO] - Building contexts for arc_challenge on rank 0...
[2026-01-02 14:19:06,594][lm-eval][INFO] - Running loglikelihood requests
[2026-01-02 14:20:04,451][lm-eval][WARNING] - Failed to get model SHA for outputs/milestone_meta-llama_Llama-3.2-1B-Instruct_r16/merged/checkpoint-686 at revision main. Error: Repo id must be in the form 'repo_name' or 'namespace/repo_name': 'outputs/milestone_meta-llama_Llama-3.2-1B-Instruct_r16/merged/checkpoint-686'. Use `repo_type` argument if needed.
[2026-01-02 14:20:05,400][__name__][INFO] - ✅ Finished arc_challenge
[2026-01-02 14:20:05,585][__name__][INFO] - 💾 Saved partial results: /home/dan-parii/Documents/ContinualPretrainRo/continual_pretrain/eval_results/outputs_milestone_meta-llama_Llama-3.2-1B-Instruct_r16_merged_checkpoint-686/2026-01-02_14-14-51/arc_challenge.json
[2026-01-02 14:20:05,585][__name__][INFO] - 🚀 Running evaluation for winogrande | fewshot=5 | limit=1000
[2026-01-02 14:20:05,585][__name__][INFO] - Running outputs/milestone_meta-llama_Llama-3.2-1B-Instruct_r16/merged/checkpoint-686 with apply_chat_template True
[2026-01-02 14:20:05,586][__name__][INFO] - 📝 Using fewshot_as_multiturn=True and custom system instruction
[2026-01-02 14:20:05,587][lm-eval][INFO] - Setting random seed to 23 | Setting numpy seed to 23 | Setting torch manual seed to 23
[2026-01-02 14:20:05,587][lm-eval][INFO] - Initializing hf model, with arguments: {'pretrained': 'outputs/milestone_meta-llama_Llama-3.2-1B-Instruct_r16/merged/checkpoint-686', 'tokenizer': 'outputs/milestone_meta-llama_Llama-3.2-1B-Instruct_r16/merged/checkpoint-686', 'max_length': 4096, 'eval_max_length': 16384, 'truncation': True, 'dtype': 'bfloat16'}
[2026-01-02 14:20:05,588][lm-eval][INFO] - Using device 'cuda'
[2026-01-02 14:20:06,253][lm-eval][INFO] - `group` and `group_alias` keys in tasks' configs will no longer be used in the next release of lm-eval. `tag` will be used to allow to call a collection of tasks just like `group`. `group` will be removed in order to not cause confusion with the new ConfigurableGroup which will be the offical way to create groups with addition of group-wide configuations.
[2026-01-02 14:20:09,181][datasets.load][ERROR] - `trust_remote_code` is not supported anymore.
Please check that the Hugging Face dataset 'winogrande' isn't based on a loading script and remove `trust_remote_code`.
If the dataset is based on a loading script, please ask the dataset author to remove it and convert it to a standard format like Parquet.
[2026-01-02 14:20:13,158][lm-eval][WARNING] - Overwriting default num_fewshot of winogrande from None to 5
[2026-01-02 14:20:13,158][lm-eval][INFO] - Setting fewshot random generator seed to 23
[2026-01-02 14:20:13,162][lm-eval][INFO] - Building contexts for winogrande on rank 0...
[2026-01-02 14:20:13,251][lm-eval][INFO] - Running loglikelihood requests
[2026-01-02 14:20:33,790][lm-eval][WARNING] - Failed to get model SHA for outputs/milestone_meta-llama_Llama-3.2-1B-Instruct_r16/merged/checkpoint-686 at revision main. Error: Repo id must be in the form 'repo_name' or 'namespace/repo_name': 'outputs/milestone_meta-llama_Llama-3.2-1B-Instruct_r16/merged/checkpoint-686'. Use `repo_type` argument if needed.
[2026-01-02 14:20:34,810][__name__][INFO] - ✅ Finished winogrande
[2026-01-02 14:20:34,903][__name__][INFO] - 💾 Saved partial results: /home/dan-parii/Documents/ContinualPretrainRo/continual_pretrain/eval_results/outputs_milestone_meta-llama_Llama-3.2-1B-Instruct_r16_merged_checkpoint-686/2026-01-02_14-14-51/winogrande.json
[2026-01-02 14:20:34,904][__name__][INFO] - 🚀 Running evaluation for wikitext | fewshot=5 | limit=1000
[2026-01-02 14:20:34,904][__name__][INFO] - Running outputs/milestone_meta-llama_Llama-3.2-1B-Instruct_r16/merged/checkpoint-686 with apply_chat_template True
[2026-01-02 14:20:34,905][lm-eval][INFO] - Setting random seed to 23 | Setting numpy seed to 23 | Setting torch manual seed to 23
[2026-01-02 14:20:34,905][lm-eval][INFO] - Initializing hf model, with arguments: {'pretrained': 'outputs/milestone_meta-llama_Llama-3.2-1B-Instruct_r16/merged/checkpoint-686', 'tokenizer': 'outputs/milestone_meta-llama_Llama-3.2-1B-Instruct_r16/merged/checkpoint-686', 'max_length': 4096, 'eval_max_length': 16384, 'truncation': True, 'dtype': 'bfloat16'}
[2026-01-02 14:20:34,906][lm-eval][INFO] - Using device 'cuda'
[2026-01-02 14:20:35,566][lm-eval][INFO] - `group` and `group_alias` keys in tasks' configs will no longer be used in the next release of lm-eval. `tag` will be used to allow to call a collection of tasks just like `group`. `group` will be removed in order to not cause confusion with the new ConfigurableGroup which will be the offical way to create groups with addition of group-wide configuations.
[2026-01-02 14:20:38,472][lm-eval][WARNING] - [Task: wikitext] metric word_perplexity is defined, but aggregation is not. using default aggregation=weighted_perplexity
[2026-01-02 14:20:38,472][lm-eval][WARNING] - [Task: wikitext] metric word_perplexity is defined, but higher_is_better is not. using default higher_is_better=False
[2026-01-02 14:20:38,473][lm-eval][WARNING] - [Task: wikitext] metric byte_perplexity is defined, but aggregation is not. using default aggregation=weighted_perplexity
[2026-01-02 14:20:38,473][lm-eval][WARNING] - [Task: wikitext] metric byte_perplexity is defined, but higher_is_better is not. using default higher_is_better=False
[2026-01-02 14:20:38,473][lm-eval][WARNING] - [Task: wikitext] metric bits_per_byte is defined, but aggregation is not. using default aggregation=bits_per_byte
[2026-01-02 14:20:38,473][lm-eval][WARNING] - [Task: wikitext] metric bits_per_byte is defined, but higher_is_better is not. using default higher_is_better=False
[2026-01-02 14:20:38,474][datasets.load][ERROR] - `trust_remote_code` is not supported anymore.
Please check that the Hugging Face dataset 'EleutherAI/wikitext_document_level' isn't based on a loading script and remove `trust_remote_code`.
If the dataset is based on a loading script, please ask the dataset author to remove it and convert it to a standard format like Parquet.
[2026-01-02 14:20:40,438][lm-eval][WARNING] - Overwriting default num_fewshot of wikitext from None to 5
[2026-01-02 14:20:40,439][lm-eval][INFO] - Setting fewshot random generator seed to 23
[2026-01-02 14:20:40,440][lm-eval][INFO] - Building contexts for wikitext on rank 0...
[2026-01-02 14:20:43,240][lm-eval][INFO] - Running loglikelihood_rolling requests
[2026-01-02 14:23:02,746][lm-eval][WARNING] - Failed to get model SHA for outputs/milestone_meta-llama_Llama-3.2-1B-Instruct_r16/merged/checkpoint-686 at revision main. Error: Repo id must be in the form 'repo_name' or 'namespace/repo_name': 'outputs/milestone_meta-llama_Llama-3.2-1B-Instruct_r16/merged/checkpoint-686'. Use `repo_type` argument if needed.
[2026-01-02 14:23:03,793][__name__][INFO] - ✅ Finished wikitext
[2026-01-02 14:23:04,218][__name__][INFO] - 💾 Saved partial results: /home/dan-parii/Documents/ContinualPretrainRo/continual_pretrain/eval_results/outputs_milestone_meta-llama_Llama-3.2-1B-Instruct_r16_merged_checkpoint-686/2026-01-02_14-14-51/wikitext.json
[2026-01-02 14:23:05,101][__name__][INFO] - 📁 Combined results saved to: /home/dan-parii/Documents/ContinualPretrainRo/continual_pretrain/eval_results/outputs_milestone_meta-llama_Llama-3.2-1B-Instruct_r16_merged_checkpoint-686/2026-01-02_14-14-51/eval_results.json
[2026-01-02 14:23:05,101][__name__][INFO] - 📊 Summary:
[2026-01-02 14:23:05,102][__name__][INFO] -   - _ro_winogrande: {'acc,none': 0.495, 'acc_stderr,none': 0.015818508944436743}
[2026-01-02 14:23:05,102][__name__][INFO] -   - _ro_belebele: {'acc_norm,none': 0.30777777777777776, 'acc_norm_stderr,none': 0.015394356957089935}
[2026-01-02 14:23:05,102][__name__][INFO] -   - ro_wiki: {'word_perplexity,none': 103.4034976740776, 'byte_perplexity,none': 1.9834433045173607, 'bits_per_byte,none': 0.9880071595398345}
[2026-01-02 14:23:05,102][__name__][INFO] -   - _ro_arc_challenge: {'acc_norm,none': 0.268, 'acc_norm_stderr,none': 0.014013292702729519}
[2026-01-02 14:23:05,102][__name__][INFO] -   - arc_challenge: {'acc,none': 0.373, 'acc_stderr,none': 0.015300493622922927, 'acc_norm,none': 0.371, 'acc_norm_stderr,none': 0.015283736211823096}
[2026-01-02 14:23:05,103][__name__][INFO] -   - winogrande: {'acc,none': 0.595, 'acc_stderr,none': 0.01553113699045296}
[2026-01-02 14:23:05,103][__name__][INFO] -   - wikitext: {'word_perplexity,none': 17.049980750338555, 'byte_perplexity,none': 1.7027924013131588, 'bits_per_byte,none': 0.7679025572405486}
[2026-01-02 14:23:06,265][__name__][INFO] - 📊 W&B run finished
[2026-01-02 14:45:37,193][__name__][INFO] - Starting Romanian evaluation run
[2026-01-02 14:45:37,346][__name__][INFO] - 🚀 CUDA is available. Using GPU: NVIDIA GeForce RTX 3090
[2026-01-02 14:45:37,347][__name__][INFO] - 📁 Results will be saved in: /home/dan-parii/Documents/ContinualPretrainRo/continual_pretrain/eval_results/outputs_milestone_meta-llama_Llama-3.2-1B-Instruct_r16_merged_checkpoint-762/2026-01-02_14-45-37
[2026-01-02 14:45:39,142][__name__][INFO] - 📊 W&B logging enabled with GPU monitoring
[2026-01-02 14:45:39,142][__name__][INFO] - 🚀 Running evaluation for _ro_winogrande | fewshot=5 | limit=1000
[2026-01-02 14:45:39,142][__name__][INFO] - Running outputs/milestone_meta-llama_Llama-3.2-1B-Instruct_r16/merged/checkpoint-762 with apply_chat_template True
[2026-01-02 14:45:39,142][__name__][INFO] - 📝 Using fewshot_as_multiturn=True and custom system instruction
[2026-01-02 14:45:39,146][lm-eval][INFO] - Setting random seed to 23 | Setting numpy seed to 23 | Setting torch manual seed to 23
[2026-01-02 14:45:39,146][lm-eval][INFO] - Initializing hf model, with arguments: {'pretrained': 'outputs/milestone_meta-llama_Llama-3.2-1B-Instruct_r16/merged/checkpoint-762', 'tokenizer': 'outputs/milestone_meta-llama_Llama-3.2-1B-Instruct_r16/merged/checkpoint-762', 'max_length': 4096, 'eval_max_length': 16384, 'truncation': True, 'dtype': 'bfloat16'}
[2026-01-02 14:45:39,199][lm-eval][INFO] - Using device 'cuda'
[2026-01-02 14:45:40,507][lm-eval][INFO] - `group` and `group_alias` keys in tasks' configs will no longer be used in the next release of lm-eval. `tag` will be used to allow to call a collection of tasks just like `group`. `group` will be removed in order to not cause confusion with the new ConfigurableGroup which will be the offical way to create groups with addition of group-wide configuations.
[2026-01-02 14:45:46,360][lm-eval][WARNING] - Overwriting default num_fewshot of _ro_winogrande from None to 5
[2026-01-02 14:45:46,361][lm-eval][INFO] - Setting fewshot random generator seed to 23
[2026-01-02 14:45:46,362][lm-eval][INFO] - Building contexts for _ro_winogrande on rank 0...
[2026-01-02 14:45:46,495][lm-eval][INFO] - Running loglikelihood requests
[2026-01-02 14:46:16,342][lm-eval][WARNING] - Failed to get model SHA for outputs/milestone_meta-llama_Llama-3.2-1B-Instruct_r16/merged/checkpoint-762 at revision main. Error: Repo id must be in the form 'repo_name' or 'namespace/repo_name': 'outputs/milestone_meta-llama_Llama-3.2-1B-Instruct_r16/merged/checkpoint-762'. Use `repo_type` argument if needed.
[2026-01-02 14:46:17,330][__name__][INFO] - ✅ Finished _ro_winogrande
[2026-01-02 14:46:17,425][__name__][INFO] - 💾 Saved partial results: /home/dan-parii/Documents/ContinualPretrainRo/continual_pretrain/eval_results/outputs_milestone_meta-llama_Llama-3.2-1B-Instruct_r16_merged_checkpoint-762/2026-01-02_14-45-37/_ro_winogrande.json
[2026-01-02 14:46:17,426][__name__][INFO] - 🚀 Running evaluation for _ro_belebele | fewshot=0 | limit=1000
[2026-01-02 14:46:17,426][__name__][INFO] - Running outputs/milestone_meta-llama_Llama-3.2-1B-Instruct_r16/merged/checkpoint-762 with apply_chat_template True
[2026-01-02 14:46:17,427][__name__][INFO] - 📝 Using fewshot_as_multiturn=True and custom system instruction
[2026-01-02 14:46:17,428][lm-eval][INFO] - Setting random seed to 23 | Setting numpy seed to 23 | Setting torch manual seed to 23
[2026-01-02 14:46:17,428][lm-eval][INFO] - Initializing hf model, with arguments: {'pretrained': 'outputs/milestone_meta-llama_Llama-3.2-1B-Instruct_r16/merged/checkpoint-762', 'tokenizer': 'outputs/milestone_meta-llama_Llama-3.2-1B-Instruct_r16/merged/checkpoint-762', 'max_length': 4096, 'eval_max_length': 16384, 'truncation': True, 'dtype': 'bfloat16'}
[2026-01-02 14:46:17,429][lm-eval][INFO] - Using device 'cuda'
[2026-01-02 14:46:18,084][lm-eval][INFO] - `group` and `group_alias` keys in tasks' configs will no longer be used in the next release of lm-eval. `tag` will be used to allow to call a collection of tasks just like `group`. `group` will be removed in order to not cause confusion with the new ConfigurableGroup which will be the offical way to create groups with addition of group-wide configuations.
[2026-01-02 14:46:22,894][lm-eval][WARNING] - Overwriting default num_fewshot of _ro_belebele from None to 0
[2026-01-02 14:46:22,894][lm-eval][INFO] - Setting fewshot random generator seed to 23
[2026-01-02 14:46:22,895][lm-eval][INFO] - Building contexts for _ro_belebele on rank 0...
[2026-01-02 14:46:23,549][lm-eval][INFO] - Running loglikelihood requests
[2026-01-02 14:47:16,490][lm-eval][WARNING] - Failed to get model SHA for outputs/milestone_meta-llama_Llama-3.2-1B-Instruct_r16/merged/checkpoint-762 at revision main. Error: Repo id must be in the form 'repo_name' or 'namespace/repo_name': 'outputs/milestone_meta-llama_Llama-3.2-1B-Instruct_r16/merged/checkpoint-762'. Use `repo_type` argument if needed.
[2026-01-02 14:47:17,462][__name__][INFO] - ✅ Finished _ro_belebele
[2026-01-02 14:47:17,551][__name__][INFO] - 💾 Saved partial results: /home/dan-parii/Documents/ContinualPretrainRo/continual_pretrain/eval_results/outputs_milestone_meta-llama_Llama-3.2-1B-Instruct_r16_merged_checkpoint-762/2026-01-02_14-45-37/_ro_belebele.json
[2026-01-02 14:47:17,552][__name__][INFO] - 🚀 Running evaluation for ro_wiki | fewshot=0 | limit=1000
[2026-01-02 14:47:17,552][__name__][INFO] - Running outputs/milestone_meta-llama_Llama-3.2-1B-Instruct_r16/merged/checkpoint-762 with apply_chat_template True
[2026-01-02 14:47:17,553][lm-eval][INFO] - Setting random seed to 23 | Setting numpy seed to 23 | Setting torch manual seed to 23
[2026-01-02 14:47:17,553][lm-eval][INFO] - Initializing hf model, with arguments: {'pretrained': 'outputs/milestone_meta-llama_Llama-3.2-1B-Instruct_r16/merged/checkpoint-762', 'tokenizer': 'outputs/milestone_meta-llama_Llama-3.2-1B-Instruct_r16/merged/checkpoint-762', 'max_length': 4096, 'eval_max_length': 16384, 'truncation': True, 'dtype': 'bfloat16'}
[2026-01-02 14:47:17,554][lm-eval][INFO] - Using device 'cuda'
[2026-01-02 14:47:18,198][lm-eval][INFO] - `group` and `group_alias` keys in tasks' configs will no longer be used in the next release of lm-eval. `tag` will be used to allow to call a collection of tasks just like `group`. `group` will be removed in order to not cause confusion with the new ConfigurableGroup which will be the offical way to create groups with addition of group-wide configuations.
[2026-01-02 14:47:21,108][lm-eval][WARNING] - [Task: ro_wiki] metric word_perplexity is defined, but aggregation is not. using default aggregation=weighted_perplexity
[2026-01-02 14:47:21,108][lm-eval][WARNING] - [Task: ro_wiki] metric word_perplexity is defined, but higher_is_better is not. using default higher_is_better=False
[2026-01-02 14:47:21,109][lm-eval][WARNING] - [Task: ro_wiki] metric byte_perplexity is defined, but aggregation is not. using default aggregation=weighted_perplexity
[2026-01-02 14:47:21,109][lm-eval][WARNING] - [Task: ro_wiki] metric byte_perplexity is defined, but higher_is_better is not. using default higher_is_better=False
[2026-01-02 14:47:21,110][lm-eval][WARNING] - [Task: ro_wiki] metric bits_per_byte is defined, but aggregation is not. using default aggregation=bits_per_byte
[2026-01-02 14:47:21,110][lm-eval][WARNING] - [Task: ro_wiki] metric bits_per_byte is defined, but higher_is_better is not. using default higher_is_better=False
[2026-01-02 14:47:23,160][lm-eval][WARNING] - Overwriting default num_fewshot of ro_wiki from None to 0
[2026-01-02 14:47:23,160][lm-eval][INFO] - Setting fewshot random generator seed to 23
[2026-01-02 14:47:23,161][lm-eval][INFO] - Building contexts for ro_wiki on rank 0...
[2026-01-02 14:47:23,323][lm-eval][INFO] - Running loglikelihood_rolling requests
[2026-01-02 14:48:01,608][lm-eval][WARNING] - Failed to get model SHA for outputs/milestone_meta-llama_Llama-3.2-1B-Instruct_r16/merged/checkpoint-762 at revision main. Error: Repo id must be in the form 'repo_name' or 'namespace/repo_name': 'outputs/milestone_meta-llama_Llama-3.2-1B-Instruct_r16/merged/checkpoint-762'. Use `repo_type` argument if needed.
[2026-01-02 14:48:02,604][__name__][INFO] - ✅ Finished ro_wiki
[2026-01-02 14:48:02,725][__name__][INFO] - 💾 Saved partial results: /home/dan-parii/Documents/ContinualPretrainRo/continual_pretrain/eval_results/outputs_milestone_meta-llama_Llama-3.2-1B-Instruct_r16_merged_checkpoint-762/2026-01-02_14-45-37/ro_wiki.json
[2026-01-02 14:48:02,725][__name__][INFO] - 🚀 Running evaluation for _ro_arc_challenge | fewshot=5 | limit=1000
[2026-01-02 14:48:02,726][__name__][INFO] - Running outputs/milestone_meta-llama_Llama-3.2-1B-Instruct_r16/merged/checkpoint-762 with apply_chat_template True
[2026-01-02 14:48:02,726][__name__][INFO] - 📝 Using fewshot_as_multiturn=True and custom system instruction
[2026-01-02 14:48:02,727][lm-eval][INFO] - Setting random seed to 23 | Setting numpy seed to 23 | Setting torch manual seed to 23
[2026-01-02 14:48:02,728][lm-eval][INFO] - Initializing hf model, with arguments: {'pretrained': 'outputs/milestone_meta-llama_Llama-3.2-1B-Instruct_r16/merged/checkpoint-762', 'tokenizer': 'outputs/milestone_meta-llama_Llama-3.2-1B-Instruct_r16/merged/checkpoint-762', 'max_length': 4096, 'eval_max_length': 16384, 'truncation': True, 'dtype': 'bfloat16'}
[2026-01-02 14:48:02,728][lm-eval][INFO] - Using device 'cuda'
[2026-01-02 14:48:03,376][lm-eval][INFO] - `group` and `group_alias` keys in tasks' configs will no longer be used in the next release of lm-eval. `tag` will be used to allow to call a collection of tasks just like `group`. `group` will be removed in order to not cause confusion with the new ConfigurableGroup which will be the offical way to create groups with addition of group-wide configuations.
[2026-01-02 14:48:09,732][lm-eval][WARNING] - Overwriting default num_fewshot of _ro_arc_challenge from None to 5
[2026-01-02 14:48:09,733][lm-eval][INFO] - Setting fewshot random generator seed to 23
[2026-01-02 14:48:09,735][lm-eval][INFO] - Building contexts for _ro_arc_challenge on rank 0...
[2026-01-02 14:48:11,360][lm-eval][INFO] - Running loglikelihood requests
[2026-01-02 14:49:41,651][lm-eval][WARNING] - Failed to get model SHA for outputs/milestone_meta-llama_Llama-3.2-1B-Instruct_r16/merged/checkpoint-762 at revision main. Error: Repo id must be in the form 'repo_name' or 'namespace/repo_name': 'outputs/milestone_meta-llama_Llama-3.2-1B-Instruct_r16/merged/checkpoint-762'. Use `repo_type` argument if needed.
[2026-01-02 14:49:42,650][__name__][INFO] - ✅ Finished _ro_arc_challenge
[2026-01-02 14:49:42,842][__name__][INFO] - 💾 Saved partial results: /home/dan-parii/Documents/ContinualPretrainRo/continual_pretrain/eval_results/outputs_milestone_meta-llama_Llama-3.2-1B-Instruct_r16_merged_checkpoint-762/2026-01-02_14-45-37/_ro_arc_challenge.json
[2026-01-02 14:49:42,842][__name__][INFO] - 🚀 Running evaluation for arc_challenge | fewshot=5 | limit=1000
[2026-01-02 14:49:42,842][__name__][INFO] - Running outputs/milestone_meta-llama_Llama-3.2-1B-Instruct_r16/merged/checkpoint-762 with apply_chat_template True
[2026-01-02 14:49:42,843][__name__][INFO] - 📝 Using fewshot_as_multiturn=True and custom system instruction
[2026-01-02 14:49:42,844][lm-eval][INFO] - Setting random seed to 23 | Setting numpy seed to 23 | Setting torch manual seed to 23
[2026-01-02 14:49:42,844][lm-eval][INFO] - Initializing hf model, with arguments: {'pretrained': 'outputs/milestone_meta-llama_Llama-3.2-1B-Instruct_r16/merged/checkpoint-762', 'tokenizer': 'outputs/milestone_meta-llama_Llama-3.2-1B-Instruct_r16/merged/checkpoint-762', 'max_length': 4096, 'eval_max_length': 16384, 'truncation': True, 'dtype': 'bfloat16'}
[2026-01-02 14:49:42,845][lm-eval][INFO] - Using device 'cuda'
[2026-01-02 14:49:43,486][lm-eval][INFO] - `group` and `group_alias` keys in tasks' configs will no longer be used in the next release of lm-eval. `tag` will be used to allow to call a collection of tasks just like `group`. `group` will be removed in order to not cause confusion with the new ConfigurableGroup which will be the offical way to create groups with addition of group-wide configuations.
[2026-01-02 14:49:48,707][lm-eval][WARNING] - Overwriting default num_fewshot of arc_challenge from None to 5
[2026-01-02 14:49:48,707][lm-eval][INFO] - Setting fewshot random generator seed to 23
[2026-01-02 14:49:48,708][lm-eval][INFO] - Building contexts for arc_challenge on rank 0...
[2026-01-02 14:49:53,146][lm-eval][INFO] - Running loglikelihood requests
[2026-01-02 14:50:51,071][lm-eval][WARNING] - Failed to get model SHA for outputs/milestone_meta-llama_Llama-3.2-1B-Instruct_r16/merged/checkpoint-762 at revision main. Error: Repo id must be in the form 'repo_name' or 'namespace/repo_name': 'outputs/milestone_meta-llama_Llama-3.2-1B-Instruct_r16/merged/checkpoint-762'. Use `repo_type` argument if needed.
[2026-01-02 14:50:52,031][__name__][INFO] - ✅ Finished arc_challenge
[2026-01-02 14:50:52,210][__name__][INFO] - 💾 Saved partial results: /home/dan-parii/Documents/ContinualPretrainRo/continual_pretrain/eval_results/outputs_milestone_meta-llama_Llama-3.2-1B-Instruct_r16_merged_checkpoint-762/2026-01-02_14-45-37/arc_challenge.json
[2026-01-02 14:50:52,210][__name__][INFO] - 🚀 Running evaluation for winogrande | fewshot=5 | limit=1000
[2026-01-02 14:50:52,210][__name__][INFO] - Running outputs/milestone_meta-llama_Llama-3.2-1B-Instruct_r16/merged/checkpoint-762 with apply_chat_template True
[2026-01-02 14:50:52,211][__name__][INFO] - 📝 Using fewshot_as_multiturn=True and custom system instruction
[2026-01-02 14:50:52,212][lm-eval][INFO] - Setting random seed to 23 | Setting numpy seed to 23 | Setting torch manual seed to 23
[2026-01-02 14:50:52,212][lm-eval][INFO] - Initializing hf model, with arguments: {'pretrained': 'outputs/milestone_meta-llama_Llama-3.2-1B-Instruct_r16/merged/checkpoint-762', 'tokenizer': 'outputs/milestone_meta-llama_Llama-3.2-1B-Instruct_r16/merged/checkpoint-762', 'max_length': 4096, 'eval_max_length': 16384, 'truncation': True, 'dtype': 'bfloat16'}
[2026-01-02 14:50:52,213][lm-eval][INFO] - Using device 'cuda'
[2026-01-02 14:50:52,864][lm-eval][INFO] - `group` and `group_alias` keys in tasks' configs will no longer be used in the next release of lm-eval. `tag` will be used to allow to call a collection of tasks just like `group`. `group` will be removed in order to not cause confusion with the new ConfigurableGroup which will be the offical way to create groups with addition of group-wide configuations.
[2026-01-02 14:50:55,789][datasets.load][ERROR] - `trust_remote_code` is not supported anymore.
Please check that the Hugging Face dataset 'winogrande' isn't based on a loading script and remove `trust_remote_code`.
If the dataset is based on a loading script, please ask the dataset author to remove it and convert it to a standard format like Parquet.
[2026-01-02 14:51:03,390][lm-eval][WARNING] - Overwriting default num_fewshot of winogrande from None to 5
[2026-01-02 14:51:03,390][lm-eval][INFO] - Setting fewshot random generator seed to 23
[2026-01-02 14:51:03,394][lm-eval][INFO] - Building contexts for winogrande on rank 0...
[2026-01-02 14:51:03,487][lm-eval][INFO] - Running loglikelihood requests
[2026-01-02 14:51:24,165][lm-eval][WARNING] - Failed to get model SHA for outputs/milestone_meta-llama_Llama-3.2-1B-Instruct_r16/merged/checkpoint-762 at revision main. Error: Repo id must be in the form 'repo_name' or 'namespace/repo_name': 'outputs/milestone_meta-llama_Llama-3.2-1B-Instruct_r16/merged/checkpoint-762'. Use `repo_type` argument if needed.
[2026-01-02 14:51:25,155][__name__][INFO] - ✅ Finished winogrande
[2026-01-02 14:51:25,248][__name__][INFO] - 💾 Saved partial results: /home/dan-parii/Documents/ContinualPretrainRo/continual_pretrain/eval_results/outputs_milestone_meta-llama_Llama-3.2-1B-Instruct_r16_merged_checkpoint-762/2026-01-02_14-45-37/winogrande.json
[2026-01-02 14:51:25,248][__name__][INFO] - 🚀 Running evaluation for wikitext | fewshot=5 | limit=1000
[2026-01-02 14:51:25,248][__name__][INFO] - Running outputs/milestone_meta-llama_Llama-3.2-1B-Instruct_r16/merged/checkpoint-762 with apply_chat_template True
[2026-01-02 14:51:25,250][lm-eval][INFO] - Setting random seed to 23 | Setting numpy seed to 23 | Setting torch manual seed to 23
[2026-01-02 14:51:25,250][lm-eval][INFO] - Initializing hf model, with arguments: {'pretrained': 'outputs/milestone_meta-llama_Llama-3.2-1B-Instruct_r16/merged/checkpoint-762', 'tokenizer': 'outputs/milestone_meta-llama_Llama-3.2-1B-Instruct_r16/merged/checkpoint-762', 'max_length': 4096, 'eval_max_length': 16384, 'truncation': True, 'dtype': 'bfloat16'}
[2026-01-02 14:51:25,251][lm-eval][INFO] - Using device 'cuda'
[2026-01-02 14:51:25,897][lm-eval][INFO] - `group` and `group_alias` keys in tasks' configs will no longer be used in the next release of lm-eval. `tag` will be used to allow to call a collection of tasks just like `group`. `group` will be removed in order to not cause confusion with the new ConfigurableGroup which will be the offical way to create groups with addition of group-wide configuations.
[2026-01-02 14:51:28,787][lm-eval][WARNING] - [Task: wikitext] metric word_perplexity is defined, but aggregation is not. using default aggregation=weighted_perplexity
[2026-01-02 14:51:28,787][lm-eval][WARNING] - [Task: wikitext] metric word_perplexity is defined, but higher_is_better is not. using default higher_is_better=False
[2026-01-02 14:51:28,787][lm-eval][WARNING] - [Task: wikitext] metric byte_perplexity is defined, but aggregation is not. using default aggregation=weighted_perplexity
[2026-01-02 14:51:28,788][lm-eval][WARNING] - [Task: wikitext] metric byte_perplexity is defined, but higher_is_better is not. using default higher_is_better=False
[2026-01-02 14:51:28,788][lm-eval][WARNING] - [Task: wikitext] metric bits_per_byte is defined, but aggregation is not. using default aggregation=bits_per_byte
[2026-01-02 14:51:28,788][lm-eval][WARNING] - [Task: wikitext] metric bits_per_byte is defined, but higher_is_better is not. using default higher_is_better=False
[2026-01-02 14:51:28,788][datasets.load][ERROR] - `trust_remote_code` is not supported anymore.
Please check that the Hugging Face dataset 'EleutherAI/wikitext_document_level' isn't based on a loading script and remove `trust_remote_code`.
If the dataset is based on a loading script, please ask the dataset author to remove it and convert it to a standard format like Parquet.
[2026-01-02 14:51:30,791][lm-eval][WARNING] - Overwriting default num_fewshot of wikitext from None to 5
[2026-01-02 14:51:30,792][lm-eval][INFO] - Setting fewshot random generator seed to 23
[2026-01-02 14:51:30,793][lm-eval][INFO] - Building contexts for wikitext on rank 0...
[2026-01-02 14:51:33,601][lm-eval][INFO] - Running loglikelihood_rolling requests
[2026-01-02 14:53:53,100][lm-eval][WARNING] - Failed to get model SHA for outputs/milestone_meta-llama_Llama-3.2-1B-Instruct_r16/merged/checkpoint-762 at revision main. Error: Repo id must be in the form 'repo_name' or 'namespace/repo_name': 'outputs/milestone_meta-llama_Llama-3.2-1B-Instruct_r16/merged/checkpoint-762'. Use `repo_type` argument if needed.
[2026-01-02 14:53:54,126][__name__][INFO] - ✅ Finished wikitext
[2026-01-02 14:53:54,562][__name__][INFO] - 💾 Saved partial results: /home/dan-parii/Documents/ContinualPretrainRo/continual_pretrain/eval_results/outputs_milestone_meta-llama_Llama-3.2-1B-Instruct_r16_merged_checkpoint-762/2026-01-02_14-45-37/wikitext.json
[2026-01-02 14:53:55,459][__name__][INFO] - 📁 Combined results saved to: /home/dan-parii/Documents/ContinualPretrainRo/continual_pretrain/eval_results/outputs_milestone_meta-llama_Llama-3.2-1B-Instruct_r16_merged_checkpoint-762/2026-01-02_14-45-37/eval_results.json
[2026-01-02 14:53:55,459][__name__][INFO] - 📊 Summary:
[2026-01-02 14:53:55,459][__name__][INFO] -   - _ro_winogrande: {'acc,none': 0.495, 'acc_stderr,none': 0.015818508944436743}
[2026-01-02 14:53:55,460][__name__][INFO] -   - _ro_belebele: {'acc_norm,none': 0.3011111111111111, 'acc_norm_stderr,none': 0.015299865495440794}
[2026-01-02 14:53:55,460][__name__][INFO] -   - ro_wiki: {'word_perplexity,none': 103.49414821110362, 'byte_perplexity,none': 1.9836999228843608, 'bits_per_byte,none': 0.9881938036939611}
[2026-01-02 14:53:55,460][__name__][INFO] -   - _ro_arc_challenge: {'acc_norm,none': 0.27, 'acc_norm_stderr,none': 0.01404625563263382}
[2026-01-02 14:53:55,460][__name__][INFO] -   - arc_challenge: {'acc,none': 0.374, 'acc_stderr,none': 0.015308767369006505, 'acc_norm,none': 0.376, 'acc_norm_stderr,none': 0.0153251055088981}
[2026-01-02 14:53:55,460][__name__][INFO] -   - winogrande: {'acc,none': 0.594, 'acc_stderr,none': 0.01553722643863458}
[2026-01-02 14:53:55,460][__name__][INFO] -   - wikitext: {'word_perplexity,none': 17.053575239157304, 'byte_perplexity,none': 1.7028597672390604, 'bits_per_byte,none': 0.7679596320576032}
[2026-01-02 14:53:56,854][__name__][INFO] - 📊 W&B run finished
[2026-01-03 19:47:56,784][__name__][INFO] - Starting Romanian evaluation run
[2026-01-03 19:47:56,965][__name__][INFO] - 🚀 CUDA is available. Using GPU: NVIDIA GeForce RTX 3090
[2026-01-03 19:47:56,966][__name__][INFO] - 📁 Results will be saved in: /home/dan-parii/Documents/ContinualPretrainRo/continual_pretrain/eval_results/outputs_milestone_meta-llama_Llama-3.2-1B-Instruct_r16_merged_checkpoint-76/2026-01-03_19-47-56
[2026-01-03 19:47:58,753][__name__][INFO] - 📊 W&B logging enabled with GPU monitoring
[2026-01-03 19:47:58,754][__name__][INFO] - 🚀 Running evaluation for _ro_winogrande | fewshot=5 | limit=1000
[2026-01-03 19:47:58,754][__name__][INFO] - Running outputs/milestone_meta-llama_Llama-3.2-1B-Instruct_r16/merged/checkpoint-76 with apply_chat_template True
[2026-01-03 19:47:58,754][__name__][INFO] - 📝 Using fewshot_as_multiturn=True and custom system instruction
[2026-01-03 19:47:58,758][lm-eval][INFO] - Setting random seed to 23 | Setting numpy seed to 23 | Setting torch manual seed to 23
[2026-01-03 19:47:58,758][lm-eval][INFO] - Initializing hf model, with arguments: {'pretrained': 'outputs/milestone_meta-llama_Llama-3.2-1B-Instruct_r16/merged/checkpoint-76', 'tokenizer': 'outputs/milestone_meta-llama_Llama-3.2-1B-Instruct_r16/merged/checkpoint-76', 'max_length': 4096, 'eval_max_length': 16384, 'truncation': True, 'dtype': 'bfloat16'}
[2026-01-03 19:47:58,812][lm-eval][INFO] - Using device 'cuda'
[2026-01-03 19:47:59,630][lm-eval][INFO] - `group` and `group_alias` keys in tasks' configs will no longer be used in the next release of lm-eval. `tag` will be used to allow to call a collection of tasks just like `group`. `group` will be removed in order to not cause confusion with the new ConfigurableGroup which will be the offical way to create groups with addition of group-wide configuations.
[2026-01-03 19:48:06,539][lm-eval][WARNING] - Overwriting default num_fewshot of _ro_winogrande from None to 5
[2026-01-03 19:48:06,539][lm-eval][INFO] - Setting fewshot random generator seed to 23
[2026-01-03 19:48:06,543][lm-eval][INFO] - Building contexts for _ro_winogrande on rank 0...
[2026-01-03 19:48:06,656][lm-eval][INFO] - Running loglikelihood requests
[2026-01-03 19:48:36,620][lm-eval][WARNING] - Failed to get model SHA for outputs/milestone_meta-llama_Llama-3.2-1B-Instruct_r16/merged/checkpoint-76 at revision main. Error: Repo id must be in the form 'repo_name' or 'namespace/repo_name': 'outputs/milestone_meta-llama_Llama-3.2-1B-Instruct_r16/merged/checkpoint-76'. Use `repo_type` argument if needed.
[2026-01-03 19:48:37,653][__name__][INFO] - ✅ Finished _ro_winogrande
[2026-01-03 19:48:37,744][__name__][INFO] - 💾 Saved partial results: /home/dan-parii/Documents/ContinualPretrainRo/continual_pretrain/eval_results/outputs_milestone_meta-llama_Llama-3.2-1B-Instruct_r16_merged_checkpoint-76/2026-01-03_19-47-56/_ro_winogrande.json
[2026-01-03 19:48:37,745][__name__][INFO] - 🚀 Running evaluation for _ro_belebele | fewshot=0 | limit=1000
[2026-01-03 19:48:37,745][__name__][INFO] - Running outputs/milestone_meta-llama_Llama-3.2-1B-Instruct_r16/merged/checkpoint-76 with apply_chat_template True
[2026-01-03 19:48:37,745][__name__][INFO] - 📝 Using fewshot_as_multiturn=True and custom system instruction
[2026-01-03 19:48:37,746][lm-eval][INFO] - Setting random seed to 23 | Setting numpy seed to 23 | Setting torch manual seed to 23
[2026-01-03 19:48:37,747][lm-eval][INFO] - Initializing hf model, with arguments: {'pretrained': 'outputs/milestone_meta-llama_Llama-3.2-1B-Instruct_r16/merged/checkpoint-76', 'tokenizer': 'outputs/milestone_meta-llama_Llama-3.2-1B-Instruct_r16/merged/checkpoint-76', 'max_length': 4096, 'eval_max_length': 16384, 'truncation': True, 'dtype': 'bfloat16'}
[2026-01-03 19:48:37,748][lm-eval][INFO] - Using device 'cuda'
[2026-01-03 19:48:38,412][lm-eval][INFO] - `group` and `group_alias` keys in tasks' configs will no longer be used in the next release of lm-eval. `tag` will be used to allow to call a collection of tasks just like `group`. `group` will be removed in order to not cause confusion with the new ConfigurableGroup which will be the offical way to create groups with addition of group-wide configuations.
[2026-01-03 19:48:43,595][lm-eval][WARNING] - Overwriting default num_fewshot of _ro_belebele from None to 0
[2026-01-03 19:48:43,595][lm-eval][INFO] - Setting fewshot random generator seed to 23
[2026-01-03 19:48:43,596][lm-eval][INFO] - Building contexts for _ro_belebele on rank 0...
[2026-01-03 19:48:44,246][lm-eval][INFO] - Running loglikelihood requests
[2026-01-03 19:49:37,349][lm-eval][WARNING] - Failed to get model SHA for outputs/milestone_meta-llama_Llama-3.2-1B-Instruct_r16/merged/checkpoint-76 at revision main. Error: Repo id must be in the form 'repo_name' or 'namespace/repo_name': 'outputs/milestone_meta-llama_Llama-3.2-1B-Instruct_r16/merged/checkpoint-76'. Use `repo_type` argument if needed.
[2026-01-03 19:49:38,405][__name__][INFO] - ✅ Finished _ro_belebele
[2026-01-03 19:49:38,495][__name__][INFO] - 💾 Saved partial results: /home/dan-parii/Documents/ContinualPretrainRo/continual_pretrain/eval_results/outputs_milestone_meta-llama_Llama-3.2-1B-Instruct_r16_merged_checkpoint-76/2026-01-03_19-47-56/_ro_belebele.json
[2026-01-03 19:49:38,496][__name__][INFO] - 🚀 Running evaluation for ro_wiki | fewshot=0 | limit=1000
[2026-01-03 19:49:38,496][__name__][INFO] - Running outputs/milestone_meta-llama_Llama-3.2-1B-Instruct_r16/merged/checkpoint-76 with apply_chat_template True
[2026-01-03 19:49:38,497][lm-eval][INFO] - Setting random seed to 23 | Setting numpy seed to 23 | Setting torch manual seed to 23
[2026-01-03 19:49:38,497][lm-eval][INFO] - Initializing hf model, with arguments: {'pretrained': 'outputs/milestone_meta-llama_Llama-3.2-1B-Instruct_r16/merged/checkpoint-76', 'tokenizer': 'outputs/milestone_meta-llama_Llama-3.2-1B-Instruct_r16/merged/checkpoint-76', 'max_length': 4096, 'eval_max_length': 16384, 'truncation': True, 'dtype': 'bfloat16'}
[2026-01-03 19:49:38,499][lm-eval][INFO] - Using device 'cuda'
[2026-01-03 19:49:39,153][lm-eval][INFO] - `group` and `group_alias` keys in tasks' configs will no longer be used in the next release of lm-eval. `tag` will be used to allow to call a collection of tasks just like `group`. `group` will be removed in order to not cause confusion with the new ConfigurableGroup which will be the offical way to create groups with addition of group-wide configuations.
[2026-01-03 19:49:42,185][lm-eval][WARNING] - [Task: ro_wiki] metric word_perplexity is defined, but aggregation is not. using default aggregation=weighted_perplexity
[2026-01-03 19:49:42,186][lm-eval][WARNING] - [Task: ro_wiki] metric word_perplexity is defined, but higher_is_better is not. using default higher_is_better=False
[2026-01-03 19:49:42,186][lm-eval][WARNING] - [Task: ro_wiki] metric byte_perplexity is defined, but aggregation is not. using default aggregation=weighted_perplexity
[2026-01-03 19:49:42,186][lm-eval][WARNING] - [Task: ro_wiki] metric byte_perplexity is defined, but higher_is_better is not. using default higher_is_better=False
[2026-01-03 19:49:42,186][lm-eval][WARNING] - [Task: ro_wiki] metric bits_per_byte is defined, but aggregation is not. using default aggregation=bits_per_byte
[2026-01-03 19:49:42,187][lm-eval][WARNING] - [Task: ro_wiki] metric bits_per_byte is defined, but higher_is_better is not. using default higher_is_better=False
[2026-01-03 19:49:50,235][lm-eval][WARNING] - Overwriting default num_fewshot of ro_wiki from None to 0
[2026-01-03 19:49:50,236][lm-eval][INFO] - Setting fewshot random generator seed to 23
[2026-01-03 19:49:50,237][lm-eval][INFO] - Building contexts for ro_wiki on rank 0...
[2026-01-03 19:49:50,377][lm-eval][INFO] - Running loglikelihood_rolling requests
[2026-01-03 19:50:28,719][lm-eval][WARNING] - Failed to get model SHA for outputs/milestone_meta-llama_Llama-3.2-1B-Instruct_r16/merged/checkpoint-76 at revision main. Error: Repo id must be in the form 'repo_name' or 'namespace/repo_name': 'outputs/milestone_meta-llama_Llama-3.2-1B-Instruct_r16/merged/checkpoint-76'. Use `repo_type` argument if needed.
[2026-01-03 19:50:30,138][__name__][INFO] - ✅ Finished ro_wiki
[2026-01-03 19:50:30,258][__name__][INFO] - 💾 Saved partial results: /home/dan-parii/Documents/ContinualPretrainRo/continual_pretrain/eval_results/outputs_milestone_meta-llama_Llama-3.2-1B-Instruct_r16_merged_checkpoint-76/2026-01-03_19-47-56/ro_wiki.json
[2026-01-03 19:50:30,258][__name__][INFO] - 🚀 Running evaluation for _ro_arc_challenge | fewshot=5 | limit=1000
[2026-01-03 19:50:30,258][__name__][INFO] - Running outputs/milestone_meta-llama_Llama-3.2-1B-Instruct_r16/merged/checkpoint-76 with apply_chat_template True
[2026-01-03 19:50:30,259][__name__][INFO] - 📝 Using fewshot_as_multiturn=True and custom system instruction
[2026-01-03 19:50:30,260][lm-eval][INFO] - Setting random seed to 23 | Setting numpy seed to 23 | Setting torch manual seed to 23
[2026-01-03 19:50:30,260][lm-eval][INFO] - Initializing hf model, with arguments: {'pretrained': 'outputs/milestone_meta-llama_Llama-3.2-1B-Instruct_r16/merged/checkpoint-76', 'tokenizer': 'outputs/milestone_meta-llama_Llama-3.2-1B-Instruct_r16/merged/checkpoint-76', 'max_length': 4096, 'eval_max_length': 16384, 'truncation': True, 'dtype': 'bfloat16'}
[2026-01-03 19:50:30,261][lm-eval][INFO] - Using device 'cuda'
[2026-01-03 19:50:30,908][lm-eval][INFO] - `group` and `group_alias` keys in tasks' configs will no longer be used in the next release of lm-eval. `tag` will be used to allow to call a collection of tasks just like `group`. `group` will be removed in order to not cause confusion with the new ConfigurableGroup which will be the offical way to create groups with addition of group-wide configuations.
[2026-01-03 19:50:36,452][lm-eval][WARNING] - Overwriting default num_fewshot of _ro_arc_challenge from None to 5
[2026-01-03 19:50:36,452][lm-eval][INFO] - Setting fewshot random generator seed to 23
[2026-01-03 19:50:36,454][lm-eval][INFO] - Building contexts for _ro_arc_challenge on rank 0...
[2026-01-03 19:50:38,049][lm-eval][INFO] - Running loglikelihood requests
[2026-01-03 19:52:08,458][lm-eval][WARNING] - Failed to get model SHA for outputs/milestone_meta-llama_Llama-3.2-1B-Instruct_r16/merged/checkpoint-76 at revision main. Error: Repo id must be in the form 'repo_name' or 'namespace/repo_name': 'outputs/milestone_meta-llama_Llama-3.2-1B-Instruct_r16/merged/checkpoint-76'. Use `repo_type` argument if needed.
[2026-01-03 19:52:09,876][__name__][INFO] - ✅ Finished _ro_arc_challenge
[2026-01-03 19:52:10,064][__name__][INFO] - 💾 Saved partial results: /home/dan-parii/Documents/ContinualPretrainRo/continual_pretrain/eval_results/outputs_milestone_meta-llama_Llama-3.2-1B-Instruct_r16_merged_checkpoint-76/2026-01-03_19-47-56/_ro_arc_challenge.json
[2026-01-03 19:52:10,064][__name__][INFO] - 🚀 Running evaluation for arc_challenge | fewshot=5 | limit=1000
[2026-01-03 19:52:10,064][__name__][INFO] - Running outputs/milestone_meta-llama_Llama-3.2-1B-Instruct_r16/merged/checkpoint-76 with apply_chat_template True
[2026-01-03 19:52:10,065][__name__][INFO] - 📝 Using fewshot_as_multiturn=True and custom system instruction
[2026-01-03 19:52:10,066][lm-eval][INFO] - Setting random seed to 23 | Setting numpy seed to 23 | Setting torch manual seed to 23
[2026-01-03 19:52:10,066][lm-eval][INFO] - Initializing hf model, with arguments: {'pretrained': 'outputs/milestone_meta-llama_Llama-3.2-1B-Instruct_r16/merged/checkpoint-76', 'tokenizer': 'outputs/milestone_meta-llama_Llama-3.2-1B-Instruct_r16/merged/checkpoint-76', 'max_length': 4096, 'eval_max_length': 16384, 'truncation': True, 'dtype': 'bfloat16'}
[2026-01-03 19:52:10,067][lm-eval][INFO] - Using device 'cuda'
[2026-01-03 19:52:10,703][lm-eval][INFO] - `group` and `group_alias` keys in tasks' configs will no longer be used in the next release of lm-eval. `tag` will be used to allow to call a collection of tasks just like `group`. `group` will be removed in order to not cause confusion with the new ConfigurableGroup which will be the offical way to create groups with addition of group-wide configuations.
[2026-01-03 19:52:19,157][lm-eval][WARNING] - Overwriting default num_fewshot of arc_challenge from None to 5
[2026-01-03 19:52:19,158][lm-eval][INFO] - Setting fewshot random generator seed to 23
[2026-01-03 19:52:19,158][lm-eval][INFO] - Building contexts for arc_challenge on rank 0...
[2026-01-03 19:52:23,586][lm-eval][INFO] - Running loglikelihood requests
[2026-01-03 19:53:21,588][lm-eval][WARNING] - Failed to get model SHA for outputs/milestone_meta-llama_Llama-3.2-1B-Instruct_r16/merged/checkpoint-76 at revision main. Error: Repo id must be in the form 'repo_name' or 'namespace/repo_name': 'outputs/milestone_meta-llama_Llama-3.2-1B-Instruct_r16/merged/checkpoint-76'. Use `repo_type` argument if needed.
[2026-01-03 19:53:22,634][__name__][INFO] - ✅ Finished arc_challenge
[2026-01-03 19:53:22,812][__name__][INFO] - 💾 Saved partial results: /home/dan-parii/Documents/ContinualPretrainRo/continual_pretrain/eval_results/outputs_milestone_meta-llama_Llama-3.2-1B-Instruct_r16_merged_checkpoint-76/2026-01-03_19-47-56/arc_challenge.json
[2026-01-03 19:53:22,812][__name__][INFO] - 🚀 Running evaluation for winogrande | fewshot=5 | limit=1000
[2026-01-03 19:53:22,813][__name__][INFO] - Running outputs/milestone_meta-llama_Llama-3.2-1B-Instruct_r16/merged/checkpoint-76 with apply_chat_template True
[2026-01-03 19:53:22,813][__name__][INFO] - 📝 Using fewshot_as_multiturn=True and custom system instruction
[2026-01-03 19:53:22,814][lm-eval][INFO] - Setting random seed to 23 | Setting numpy seed to 23 | Setting torch manual seed to 23
[2026-01-03 19:53:22,814][lm-eval][INFO] - Initializing hf model, with arguments: {'pretrained': 'outputs/milestone_meta-llama_Llama-3.2-1B-Instruct_r16/merged/checkpoint-76', 'tokenizer': 'outputs/milestone_meta-llama_Llama-3.2-1B-Instruct_r16/merged/checkpoint-76', 'max_length': 4096, 'eval_max_length': 16384, 'truncation': True, 'dtype': 'bfloat16'}
[2026-01-03 19:53:22,815][lm-eval][INFO] - Using device 'cuda'
[2026-01-03 19:53:23,462][lm-eval][INFO] - `group` and `group_alias` keys in tasks' configs will no longer be used in the next release of lm-eval. `tag` will be used to allow to call a collection of tasks just like `group`. `group` will be removed in order to not cause confusion with the new ConfigurableGroup which will be the offical way to create groups with addition of group-wide configuations.
[2026-01-03 19:53:26,500][datasets.load][ERROR] - `trust_remote_code` is not supported anymore.
Please check that the Hugging Face dataset 'winogrande' isn't based on a loading script and remove `trust_remote_code`.
If the dataset is based on a loading script, please ask the dataset author to remove it and convert it to a standard format like Parquet.
[2026-01-03 19:53:31,408][lm-eval][WARNING] - Overwriting default num_fewshot of winogrande from None to 5
[2026-01-03 19:53:31,408][lm-eval][INFO] - Setting fewshot random generator seed to 23
[2026-01-03 19:53:31,412][lm-eval][INFO] - Building contexts for winogrande on rank 0...
[2026-01-03 19:53:31,500][lm-eval][INFO] - Running loglikelihood requests
[2026-01-03 19:53:52,093][lm-eval][WARNING] - Failed to get model SHA for outputs/milestone_meta-llama_Llama-3.2-1B-Instruct_r16/merged/checkpoint-76 at revision main. Error: Repo id must be in the form 'repo_name' or 'namespace/repo_name': 'outputs/milestone_meta-llama_Llama-3.2-1B-Instruct_r16/merged/checkpoint-76'. Use `repo_type` argument if needed.
[2026-01-03 19:53:53,215][__name__][INFO] - ✅ Finished winogrande
[2026-01-03 19:53:53,302][__name__][INFO] - 💾 Saved partial results: /home/dan-parii/Documents/ContinualPretrainRo/continual_pretrain/eval_results/outputs_milestone_meta-llama_Llama-3.2-1B-Instruct_r16_merged_checkpoint-76/2026-01-03_19-47-56/winogrande.json
[2026-01-03 19:53:53,303][__name__][INFO] - 🚀 Running evaluation for wikitext | fewshot=5 | limit=1000
[2026-01-03 19:53:53,303][__name__][INFO] - Running outputs/milestone_meta-llama_Llama-3.2-1B-Instruct_r16/merged/checkpoint-76 with apply_chat_template True
[2026-01-03 19:53:53,304][lm-eval][INFO] - Setting random seed to 23 | Setting numpy seed to 23 | Setting torch manual seed to 23
[2026-01-03 19:53:53,304][lm-eval][INFO] - Initializing hf model, with arguments: {'pretrained': 'outputs/milestone_meta-llama_Llama-3.2-1B-Instruct_r16/merged/checkpoint-76', 'tokenizer': 'outputs/milestone_meta-llama_Llama-3.2-1B-Instruct_r16/merged/checkpoint-76', 'max_length': 4096, 'eval_max_length': 16384, 'truncation': True, 'dtype': 'bfloat16'}
[2026-01-03 19:53:53,305][lm-eval][INFO] - Using device 'cuda'
[2026-01-03 19:53:53,954][lm-eval][INFO] - `group` and `group_alias` keys in tasks' configs will no longer be used in the next release of lm-eval. `tag` will be used to allow to call a collection of tasks just like `group`. `group` will be removed in order to not cause confusion with the new ConfigurableGroup which will be the offical way to create groups with addition of group-wide configuations.
[2026-01-03 19:53:57,014][lm-eval][WARNING] - [Task: wikitext] metric word_perplexity is defined, but aggregation is not. using default aggregation=weighted_perplexity
[2026-01-03 19:53:57,015][lm-eval][WARNING] - [Task: wikitext] metric word_perplexity is defined, but higher_is_better is not. using default higher_is_better=False
[2026-01-03 19:53:57,015][lm-eval][WARNING] - [Task: wikitext] metric byte_perplexity is defined, but aggregation is not. using default aggregation=weighted_perplexity
[2026-01-03 19:53:57,015][lm-eval][WARNING] - [Task: wikitext] metric byte_perplexity is defined, but higher_is_better is not. using default higher_is_better=False
[2026-01-03 19:53:57,015][lm-eval][WARNING] - [Task: wikitext] metric bits_per_byte is defined, but aggregation is not. using default aggregation=bits_per_byte
[2026-01-03 19:53:57,016][lm-eval][WARNING] - [Task: wikitext] metric bits_per_byte is defined, but higher_is_better is not. using default higher_is_better=False
[2026-01-03 19:53:57,016][datasets.load][ERROR] - `trust_remote_code` is not supported anymore.
Please check that the Hugging Face dataset 'EleutherAI/wikitext_document_level' isn't based on a loading script and remove `trust_remote_code`.
If the dataset is based on a loading script, please ask the dataset author to remove it and convert it to a standard format like Parquet.
[2026-01-03 19:54:08,818][__name__][ERROR] - ❌ Error running wikitext: (ReadTimeoutError("HTTPSConnectionPool(host='huggingface.co', port=443): Read timed out. (read timeout=10)"), '(Request ID: 75524346-9110-423e-bcc9-13185e8727e1)')
[2026-01-03 19:54:09,440][__name__][INFO] - 📁 Combined results saved to: /home/dan-parii/Documents/ContinualPretrainRo/continual_pretrain/eval_results/outputs_milestone_meta-llama_Llama-3.2-1B-Instruct_r16_merged_checkpoint-76/2026-01-03_19-47-56/eval_results.json
[2026-01-03 19:54:09,440][__name__][INFO] - 📊 Summary:
[2026-01-03 19:54:09,441][__name__][INFO] -   - _ro_winogrande: {'acc,none': 0.487, 'acc_stderr,none': 0.015813952101896636}
[2026-01-03 19:54:09,441][__name__][INFO] -   - _ro_belebele: {'acc_norm,none': 0.28, 'acc_norm_stderr,none': 0.014974951276705737}
[2026-01-03 19:54:09,441][__name__][INFO] -   - ro_wiki: {'word_perplexity,none': 108.71703679897493, 'byte_perplexity,none': 1.9981713213571837, 'bits_per_byte,none': 0.998680283769109}
[2026-01-03 19:54:09,441][__name__][INFO] -   - _ro_arc_challenge: {'acc_norm,none': 0.271, 'acc_norm_stderr,none': 0.014062601350986125}
[2026-01-03 19:54:09,442][__name__][INFO] -   - arc_challenge: {'acc,none': 0.387, 'acc_stderr,none': 0.015410011955494015, 'acc_norm,none': 0.38, 'acc_norm_stderr,none': 0.015356947477797658}
[2026-01-03 19:54:09,442][__name__][INFO] -   - winogrande: {'acc,none': 0.588, 'acc_stderr,none': 0.015572363292015072}
[2026-01-03 19:54:09,442][__name__][INFO] -   - wikitext: No metrics found
[2026-01-03 19:54:10,676][__name__][INFO] - 📊 W&B run finished
[2026-01-03 20:17:13,129][__name__][INFO] - Starting Romanian evaluation run
[2026-01-03 20:17:13,333][__name__][INFO] - 🚀 CUDA is available. Using GPU: NVIDIA GeForce RTX 3090
[2026-01-03 20:17:13,333][__name__][INFO] - 📁 Results will be saved in: /home/dan-parii/Documents/ContinualPretrainRo/continual_pretrain/eval_results/outputs_milestone_meta-llama_Llama-3.2-1B-Instruct_r16_merged_checkpoint-152/2026-01-03_20-17-13
[2026-01-03 20:17:14,961][__name__][INFO] - 📊 W&B logging enabled with GPU monitoring
[2026-01-03 20:17:14,961][__name__][INFO] - 🚀 Running evaluation for _ro_winogrande | fewshot=5 | limit=1000
[2026-01-03 20:17:14,962][__name__][INFO] - Running outputs/milestone_meta-llama_Llama-3.2-1B-Instruct_r16/merged/checkpoint-152 with apply_chat_template True
[2026-01-03 20:17:14,962][__name__][INFO] - 📝 Using fewshot_as_multiturn=True and custom system instruction
[2026-01-03 20:17:14,963][lm-eval][INFO] - Setting random seed to 23 | Setting numpy seed to 23 | Setting torch manual seed to 23
[2026-01-03 20:17:14,964][lm-eval][INFO] - Initializing hf model, with arguments: {'pretrained': 'outputs/milestone_meta-llama_Llama-3.2-1B-Instruct_r16/merged/checkpoint-152', 'tokenizer': 'outputs/milestone_meta-llama_Llama-3.2-1B-Instruct_r16/merged/checkpoint-152', 'max_length': 4096, 'eval_max_length': 16384, 'truncation': True, 'dtype': 'bfloat16'}
[2026-01-03 20:17:15,016][lm-eval][INFO] - Using device 'cuda'
[2026-01-03 20:17:16,876][lm-eval][INFO] - `group` and `group_alias` keys in tasks' configs will no longer be used in the next release of lm-eval. `tag` will be used to allow to call a collection of tasks just like `group`. `group` will be removed in order to not cause confusion with the new ConfigurableGroup which will be the offical way to create groups with addition of group-wide configuations.
[2026-01-03 20:17:23,102][lm-eval][WARNING] - Overwriting default num_fewshot of _ro_winogrande from None to 5
[2026-01-03 20:17:23,103][lm-eval][INFO] - Setting fewshot random generator seed to 23
[2026-01-03 20:17:23,104][lm-eval][INFO] - Building contexts for _ro_winogrande on rank 0...
[2026-01-03 20:17:23,219][lm-eval][INFO] - Running loglikelihood requests
[2026-01-03 20:17:53,627][lm-eval][WARNING] - Failed to get model SHA for outputs/milestone_meta-llama_Llama-3.2-1B-Instruct_r16/merged/checkpoint-152 at revision main. Error: Repo id must be in the form 'repo_name' or 'namespace/repo_name': 'outputs/milestone_meta-llama_Llama-3.2-1B-Instruct_r16/merged/checkpoint-152'. Use `repo_type` argument if needed.
[2026-01-03 20:17:54,632][__name__][INFO] - ✅ Finished _ro_winogrande
[2026-01-03 20:17:54,724][__name__][INFO] - 💾 Saved partial results: /home/dan-parii/Documents/ContinualPretrainRo/continual_pretrain/eval_results/outputs_milestone_meta-llama_Llama-3.2-1B-Instruct_r16_merged_checkpoint-152/2026-01-03_20-17-13/_ro_winogrande.json
[2026-01-03 20:17:54,725][__name__][INFO] - 🚀 Running evaluation for _ro_belebele | fewshot=0 | limit=1000
[2026-01-03 20:17:54,725][__name__][INFO] - Running outputs/milestone_meta-llama_Llama-3.2-1B-Instruct_r16/merged/checkpoint-152 with apply_chat_template True
[2026-01-03 20:17:54,725][__name__][INFO] - 📝 Using fewshot_as_multiturn=True and custom system instruction
[2026-01-03 20:17:54,727][lm-eval][INFO] - Setting random seed to 23 | Setting numpy seed to 23 | Setting torch manual seed to 23
[2026-01-03 20:17:54,727][lm-eval][INFO] - Initializing hf model, with arguments: {'pretrained': 'outputs/milestone_meta-llama_Llama-3.2-1B-Instruct_r16/merged/checkpoint-152', 'tokenizer': 'outputs/milestone_meta-llama_Llama-3.2-1B-Instruct_r16/merged/checkpoint-152', 'max_length': 4096, 'eval_max_length': 16384, 'truncation': True, 'dtype': 'bfloat16'}
[2026-01-03 20:17:54,728][lm-eval][INFO] - Using device 'cuda'
[2026-01-03 20:17:55,420][lm-eval][INFO] - `group` and `group_alias` keys in tasks' configs will no longer be used in the next release of lm-eval. `tag` will be used to allow to call a collection of tasks just like `group`. `group` will be removed in order to not cause confusion with the new ConfigurableGroup which will be the offical way to create groups with addition of group-wide configuations.
[2026-01-03 20:18:02,127][lm-eval][WARNING] - Overwriting default num_fewshot of _ro_belebele from None to 0
[2026-01-03 20:18:02,127][lm-eval][INFO] - Setting fewshot random generator seed to 23
[2026-01-03 20:18:02,128][lm-eval][INFO] - Building contexts for _ro_belebele on rank 0...
[2026-01-03 20:18:02,783][lm-eval][INFO] - Running loglikelihood requests
[2026-01-03 20:18:56,705][lm-eval][WARNING] - Failed to get model SHA for outputs/milestone_meta-llama_Llama-3.2-1B-Instruct_r16/merged/checkpoint-152 at revision main. Error: Repo id must be in the form 'repo_name' or 'namespace/repo_name': 'outputs/milestone_meta-llama_Llama-3.2-1B-Instruct_r16/merged/checkpoint-152'. Use `repo_type` argument if needed.
[2026-01-03 20:18:57,758][__name__][INFO] - ✅ Finished _ro_belebele
[2026-01-03 20:18:57,851][__name__][INFO] - 💾 Saved partial results: /home/dan-parii/Documents/ContinualPretrainRo/continual_pretrain/eval_results/outputs_milestone_meta-llama_Llama-3.2-1B-Instruct_r16_merged_checkpoint-152/2026-01-03_20-17-13/_ro_belebele.json
[2026-01-03 20:18:57,852][__name__][INFO] - 🚀 Running evaluation for ro_wiki | fewshot=0 | limit=1000
[2026-01-03 20:18:57,852][__name__][INFO] - Running outputs/milestone_meta-llama_Llama-3.2-1B-Instruct_r16/merged/checkpoint-152 with apply_chat_template True
[2026-01-03 20:18:57,853][lm-eval][INFO] - Setting random seed to 23 | Setting numpy seed to 23 | Setting torch manual seed to 23
[2026-01-03 20:18:57,853][lm-eval][INFO] - Initializing hf model, with arguments: {'pretrained': 'outputs/milestone_meta-llama_Llama-3.2-1B-Instruct_r16/merged/checkpoint-152', 'tokenizer': 'outputs/milestone_meta-llama_Llama-3.2-1B-Instruct_r16/merged/checkpoint-152', 'max_length': 4096, 'eval_max_length': 16384, 'truncation': True, 'dtype': 'bfloat16'}
[2026-01-03 20:18:57,854][lm-eval][INFO] - Using device 'cuda'
[2026-01-03 20:18:58,515][lm-eval][INFO] - `group` and `group_alias` keys in tasks' configs will no longer be used in the next release of lm-eval. `tag` will be used to allow to call a collection of tasks just like `group`. `group` will be removed in order to not cause confusion with the new ConfigurableGroup which will be the offical way to create groups with addition of group-wide configuations.
[2026-01-03 20:19:01,412][lm-eval][WARNING] - [Task: ro_wiki] metric word_perplexity is defined, but aggregation is not. using default aggregation=weighted_perplexity
[2026-01-03 20:19:01,413][lm-eval][WARNING] - [Task: ro_wiki] metric word_perplexity is defined, but higher_is_better is not. using default higher_is_better=False
[2026-01-03 20:19:01,413][lm-eval][WARNING] - [Task: ro_wiki] metric byte_perplexity is defined, but aggregation is not. using default aggregation=weighted_perplexity
[2026-01-03 20:19:01,413][lm-eval][WARNING] - [Task: ro_wiki] metric byte_perplexity is defined, but higher_is_better is not. using default higher_is_better=False
[2026-01-03 20:19:01,414][lm-eval][WARNING] - [Task: ro_wiki] metric bits_per_byte is defined, but aggregation is not. using default aggregation=bits_per_byte
[2026-01-03 20:19:01,414][lm-eval][WARNING] - [Task: ro_wiki] metric bits_per_byte is defined, but higher_is_better is not. using default higher_is_better=False
[2026-01-03 20:19:03,971][lm-eval][WARNING] - Overwriting default num_fewshot of ro_wiki from None to 0
[2026-01-03 20:19:03,972][lm-eval][INFO] - Setting fewshot random generator seed to 23
[2026-01-03 20:19:03,973][lm-eval][INFO] - Building contexts for ro_wiki on rank 0...
[2026-01-03 20:19:04,133][lm-eval][INFO] - Running loglikelihood_rolling requests
[2026-01-03 20:19:43,185][lm-eval][WARNING] - Failed to get model SHA for outputs/milestone_meta-llama_Llama-3.2-1B-Instruct_r16/merged/checkpoint-152 at revision main. Error: Repo id must be in the form 'repo_name' or 'namespace/repo_name': 'outputs/milestone_meta-llama_Llama-3.2-1B-Instruct_r16/merged/checkpoint-152'. Use `repo_type` argument if needed.
[2026-01-03 20:19:44,261][__name__][INFO] - ✅ Finished ro_wiki
[2026-01-03 20:19:44,380][__name__][INFO] - 💾 Saved partial results: /home/dan-parii/Documents/ContinualPretrainRo/continual_pretrain/eval_results/outputs_milestone_meta-llama_Llama-3.2-1B-Instruct_r16_merged_checkpoint-152/2026-01-03_20-17-13/ro_wiki.json
[2026-01-03 20:19:44,380][__name__][INFO] - 🚀 Running evaluation for _ro_arc_challenge | fewshot=5 | limit=1000
[2026-01-03 20:19:44,381][__name__][INFO] - Running outputs/milestone_meta-llama_Llama-3.2-1B-Instruct_r16/merged/checkpoint-152 with apply_chat_template True
[2026-01-03 20:19:44,381][__name__][INFO] - 📝 Using fewshot_as_multiturn=True and custom system instruction
[2026-01-03 20:19:44,382][lm-eval][INFO] - Setting random seed to 23 | Setting numpy seed to 23 | Setting torch manual seed to 23
[2026-01-03 20:19:44,382][lm-eval][INFO] - Initializing hf model, with arguments: {'pretrained': 'outputs/milestone_meta-llama_Llama-3.2-1B-Instruct_r16/merged/checkpoint-152', 'tokenizer': 'outputs/milestone_meta-llama_Llama-3.2-1B-Instruct_r16/merged/checkpoint-152', 'max_length': 4096, 'eval_max_length': 16384, 'truncation': True, 'dtype': 'bfloat16'}
[2026-01-03 20:19:44,383][lm-eval][INFO] - Using device 'cuda'
[2026-01-03 20:19:45,050][lm-eval][INFO] - `group` and `group_alias` keys in tasks' configs will no longer be used in the next release of lm-eval. `tag` will be used to allow to call a collection of tasks just like `group`. `group` will be removed in order to not cause confusion with the new ConfigurableGroup which will be the offical way to create groups with addition of group-wide configuations.
[2026-01-03 20:19:51,190][lm-eval][WARNING] - Overwriting default num_fewshot of _ro_arc_challenge from None to 5
[2026-01-03 20:19:51,191][lm-eval][INFO] - Setting fewshot random generator seed to 23
[2026-01-03 20:19:51,192][lm-eval][INFO] - Building contexts for _ro_arc_challenge on rank 0...
[2026-01-03 20:19:52,838][lm-eval][INFO] - Running loglikelihood requests
[2026-01-03 20:21:23,541][lm-eval][WARNING] - Failed to get model SHA for outputs/milestone_meta-llama_Llama-3.2-1B-Instruct_r16/merged/checkpoint-152 at revision main. Error: Repo id must be in the form 'repo_name' or 'namespace/repo_name': 'outputs/milestone_meta-llama_Llama-3.2-1B-Instruct_r16/merged/checkpoint-152'. Use `repo_type` argument if needed.
[2026-01-03 20:21:24,666][__name__][INFO] - ✅ Finished _ro_arc_challenge
[2026-01-03 20:21:24,854][__name__][INFO] - 💾 Saved partial results: /home/dan-parii/Documents/ContinualPretrainRo/continual_pretrain/eval_results/outputs_milestone_meta-llama_Llama-3.2-1B-Instruct_r16_merged_checkpoint-152/2026-01-03_20-17-13/_ro_arc_challenge.json
[2026-01-03 20:21:24,854][__name__][INFO] - 🚀 Running evaluation for arc_challenge | fewshot=5 | limit=1000
[2026-01-03 20:21:24,855][__name__][INFO] - Running outputs/milestone_meta-llama_Llama-3.2-1B-Instruct_r16/merged/checkpoint-152 with apply_chat_template True
[2026-01-03 20:21:24,855][__name__][INFO] - 📝 Using fewshot_as_multiturn=True and custom system instruction
[2026-01-03 20:21:24,856][lm-eval][INFO] - Setting random seed to 23 | Setting numpy seed to 23 | Setting torch manual seed to 23
[2026-01-03 20:21:24,856][lm-eval][INFO] - Initializing hf model, with arguments: {'pretrained': 'outputs/milestone_meta-llama_Llama-3.2-1B-Instruct_r16/merged/checkpoint-152', 'tokenizer': 'outputs/milestone_meta-llama_Llama-3.2-1B-Instruct_r16/merged/checkpoint-152', 'max_length': 4096, 'eval_max_length': 16384, 'truncation': True, 'dtype': 'bfloat16'}
[2026-01-03 20:21:24,857][lm-eval][INFO] - Using device 'cuda'
[2026-01-03 20:21:25,523][lm-eval][INFO] - `group` and `group_alias` keys in tasks' configs will no longer be used in the next release of lm-eval. `tag` will be used to allow to call a collection of tasks just like `group`. `group` will be removed in order to not cause confusion with the new ConfigurableGroup which will be the offical way to create groups with addition of group-wide configuations.
[2026-01-03 20:21:30,348][lm-eval][WARNING] - Overwriting default num_fewshot of arc_challenge from None to 5
[2026-01-03 20:21:30,349][lm-eval][INFO] - Setting fewshot random generator seed to 23
[2026-01-03 20:21:30,349][lm-eval][INFO] - Building contexts for arc_challenge on rank 0...
[2026-01-03 20:21:34,735][lm-eval][INFO] - Running loglikelihood requests
[2026-01-03 20:22:32,841][lm-eval][WARNING] - Failed to get model SHA for outputs/milestone_meta-llama_Llama-3.2-1B-Instruct_r16/merged/checkpoint-152 at revision main. Error: Repo id must be in the form 'repo_name' or 'namespace/repo_name': 'outputs/milestone_meta-llama_Llama-3.2-1B-Instruct_r16/merged/checkpoint-152'. Use `repo_type` argument if needed.
[2026-01-03 20:22:33,910][__name__][INFO] - ✅ Finished arc_challenge
[2026-01-03 20:22:34,095][__name__][INFO] - 💾 Saved partial results: /home/dan-parii/Documents/ContinualPretrainRo/continual_pretrain/eval_results/outputs_milestone_meta-llama_Llama-3.2-1B-Instruct_r16_merged_checkpoint-152/2026-01-03_20-17-13/arc_challenge.json
[2026-01-03 20:22:34,096][__name__][INFO] - 🚀 Running evaluation for winogrande | fewshot=5 | limit=1000
[2026-01-03 20:22:34,096][__name__][INFO] - Running outputs/milestone_meta-llama_Llama-3.2-1B-Instruct_r16/merged/checkpoint-152 with apply_chat_template True
[2026-01-03 20:22:34,096][__name__][INFO] - 📝 Using fewshot_as_multiturn=True and custom system instruction
[2026-01-03 20:22:34,097][lm-eval][INFO] - Setting random seed to 23 | Setting numpy seed to 23 | Setting torch manual seed to 23
[2026-01-03 20:22:34,097][lm-eval][INFO] - Initializing hf model, with arguments: {'pretrained': 'outputs/milestone_meta-llama_Llama-3.2-1B-Instruct_r16/merged/checkpoint-152', 'tokenizer': 'outputs/milestone_meta-llama_Llama-3.2-1B-Instruct_r16/merged/checkpoint-152', 'max_length': 4096, 'eval_max_length': 16384, 'truncation': True, 'dtype': 'bfloat16'}
[2026-01-03 20:22:34,099][lm-eval][INFO] - Using device 'cuda'
[2026-01-03 20:22:34,782][lm-eval][INFO] - `group` and `group_alias` keys in tasks' configs will no longer be used in the next release of lm-eval. `tag` will be used to allow to call a collection of tasks just like `group`. `group` will be removed in order to not cause confusion with the new ConfigurableGroup which will be the offical way to create groups with addition of group-wide configuations.
[2026-01-03 20:22:37,684][datasets.load][ERROR] - `trust_remote_code` is not supported anymore.
Please check that the Hugging Face dataset 'winogrande' isn't based on a loading script and remove `trust_remote_code`.
If the dataset is based on a loading script, please ask the dataset author to remove it and convert it to a standard format like Parquet.
[2026-01-03 20:22:43,566][lm-eval][WARNING] - Overwriting default num_fewshot of winogrande from None to 5
[2026-01-03 20:22:43,566][lm-eval][INFO] - Setting fewshot random generator seed to 23
[2026-01-03 20:22:43,567][lm-eval][INFO] - Building contexts for winogrande on rank 0...
[2026-01-03 20:22:43,654][lm-eval][INFO] - Running loglikelihood requests
[2026-01-03 20:23:04,262][lm-eval][WARNING] - Failed to get model SHA for outputs/milestone_meta-llama_Llama-3.2-1B-Instruct_r16/merged/checkpoint-152 at revision main. Error: Repo id must be in the form 'repo_name' or 'namespace/repo_name': 'outputs/milestone_meta-llama_Llama-3.2-1B-Instruct_r16/merged/checkpoint-152'. Use `repo_type` argument if needed.
[2026-01-03 20:23:05,396][__name__][INFO] - ✅ Finished winogrande
[2026-01-03 20:23:05,483][__name__][INFO] - 💾 Saved partial results: /home/dan-parii/Documents/ContinualPretrainRo/continual_pretrain/eval_results/outputs_milestone_meta-llama_Llama-3.2-1B-Instruct_r16_merged_checkpoint-152/2026-01-03_20-17-13/winogrande.json
[2026-01-03 20:23:05,484][__name__][INFO] - 🚀 Running evaluation for wikitext | fewshot=5 | limit=1000
[2026-01-03 20:23:05,484][__name__][INFO] - Running outputs/milestone_meta-llama_Llama-3.2-1B-Instruct_r16/merged/checkpoint-152 with apply_chat_template True
[2026-01-03 20:23:05,485][lm-eval][INFO] - Setting random seed to 23 | Setting numpy seed to 23 | Setting torch manual seed to 23
[2026-01-03 20:23:05,485][lm-eval][INFO] - Initializing hf model, with arguments: {'pretrained': 'outputs/milestone_meta-llama_Llama-3.2-1B-Instruct_r16/merged/checkpoint-152', 'tokenizer': 'outputs/milestone_meta-llama_Llama-3.2-1B-Instruct_r16/merged/checkpoint-152', 'max_length': 4096, 'eval_max_length': 16384, 'truncation': True, 'dtype': 'bfloat16'}
[2026-01-03 20:23:05,486][lm-eval][INFO] - Using device 'cuda'
[2026-01-03 20:23:06,164][lm-eval][INFO] - `group` and `group_alias` keys in tasks' configs will no longer be used in the next release of lm-eval. `tag` will be used to allow to call a collection of tasks just like `group`. `group` will be removed in order to not cause confusion with the new ConfigurableGroup which will be the offical way to create groups with addition of group-wide configuations.
[2026-01-03 20:23:09,050][lm-eval][WARNING] - [Task: wikitext] metric word_perplexity is defined, but aggregation is not. using default aggregation=weighted_perplexity
[2026-01-03 20:23:09,051][lm-eval][WARNING] - [Task: wikitext] metric word_perplexity is defined, but higher_is_better is not. using default higher_is_better=False
[2026-01-03 20:23:09,051][lm-eval][WARNING] - [Task: wikitext] metric byte_perplexity is defined, but aggregation is not. using default aggregation=weighted_perplexity
[2026-01-03 20:23:09,051][lm-eval][WARNING] - [Task: wikitext] metric byte_perplexity is defined, but higher_is_better is not. using default higher_is_better=False
[2026-01-03 20:23:09,051][lm-eval][WARNING] - [Task: wikitext] metric bits_per_byte is defined, but aggregation is not. using default aggregation=bits_per_byte
[2026-01-03 20:23:09,051][lm-eval][WARNING] - [Task: wikitext] metric bits_per_byte is defined, but higher_is_better is not. using default higher_is_better=False
[2026-01-03 20:23:09,052][datasets.load][ERROR] - `trust_remote_code` is not supported anymore.
Please check that the Hugging Face dataset 'EleutherAI/wikitext_document_level' isn't based on a loading script and remove `trust_remote_code`.
If the dataset is based on a loading script, please ask the dataset author to remove it and convert it to a standard format like Parquet.
[2026-01-03 20:23:12,664][lm-eval][WARNING] - Overwriting default num_fewshot of wikitext from None to 5
[2026-01-03 20:23:12,665][lm-eval][INFO] - Setting fewshot random generator seed to 23
[2026-01-03 20:23:12,666][lm-eval][INFO] - Building contexts for wikitext on rank 0...
[2026-01-03 20:23:15,488][lm-eval][INFO] - Running loglikelihood_rolling requests
[2026-01-03 20:25:35,964][lm-eval][WARNING] - Failed to get model SHA for outputs/milestone_meta-llama_Llama-3.2-1B-Instruct_r16/merged/checkpoint-152 at revision main. Error: Repo id must be in the form 'repo_name' or 'namespace/repo_name': 'outputs/milestone_meta-llama_Llama-3.2-1B-Instruct_r16/merged/checkpoint-152'. Use `repo_type` argument if needed.
[2026-01-03 20:25:37,112][__name__][INFO] - ✅ Finished wikitext
[2026-01-03 20:25:37,548][__name__][INFO] - 💾 Saved partial results: /home/dan-parii/Documents/ContinualPretrainRo/continual_pretrain/eval_results/outputs_milestone_meta-llama_Llama-3.2-1B-Instruct_r16_merged_checkpoint-152/2026-01-03_20-17-13/wikitext.json
[2026-01-03 20:25:38,447][__name__][INFO] - 📁 Combined results saved to: /home/dan-parii/Documents/ContinualPretrainRo/continual_pretrain/eval_results/outputs_milestone_meta-llama_Llama-3.2-1B-Instruct_r16_merged_checkpoint-152/2026-01-03_20-17-13/eval_results.json
[2026-01-03 20:25:38,448][__name__][INFO] - 📊 Summary:
[2026-01-03 20:25:38,448][__name__][INFO] -   - _ro_winogrande: {'acc,none': 0.49, 'acc_stderr,none': 0.015816135752773183}
[2026-01-03 20:25:38,448][__name__][INFO] -   - _ro_belebele: {'acc_norm,none': 0.2966666666666667, 'acc_norm_stderr,none': 0.015234742930687507}
[2026-01-03 20:25:38,449][__name__][INFO] -   - ro_wiki: {'word_perplexity,none': 107.54998796913866, 'byte_perplexity,none': 1.9949899476075437, 'bits_per_byte,none': 0.9963814769873285}
[2026-01-03 20:25:38,449][__name__][INFO] -   - _ro_arc_challenge: {'acc_norm,none': 0.269, 'acc_norm_stderr,none': 0.014029819522568203}
[2026-01-03 20:25:38,449][__name__][INFO] -   - arc_challenge: {'acc,none': 0.394, 'acc_stderr,none': 0.015459721957493382, 'acc_norm,none': 0.376, 'acc_norm_stderr,none': 0.0153251055088981}
[2026-01-03 20:25:38,449][__name__][INFO] -   - winogrande: {'acc,none': 0.605, 'acc_stderr,none': 0.015466551464829328}
[2026-01-03 20:25:38,449][__name__][INFO] -   - wikitext: {'word_perplexity,none': 17.12617019233507, 'byte_perplexity,none': 1.7042178391976128, 'bits_per_byte,none': 0.7691097577722855}
[2026-01-03 20:25:39,693][__name__][INFO] - 📊 W&B run finished
[2026-01-03 20:48:43,090][__name__][INFO] - Starting Romanian evaluation run
[2026-01-03 20:48:43,267][__name__][INFO] - 🚀 CUDA is available. Using GPU: NVIDIA GeForce RTX 3090
[2026-01-03 20:48:43,276][__name__][INFO] - 📁 Results will be saved in: /home/dan-parii/Documents/ContinualPretrainRo/continual_pretrain/eval_results/outputs_milestone_meta-llama_Llama-3.2-1B-Instruct_r16_merged_checkpoint-228/2026-01-03_20-48-43
[2026-01-03 20:48:45,115][__name__][INFO] - 📊 W&B logging enabled with GPU monitoring
[2026-01-03 20:48:45,115][__name__][INFO] - 🚀 Running evaluation for _ro_winogrande | fewshot=5 | limit=1000
[2026-01-03 20:48:45,115][__name__][INFO] - Running outputs/milestone_meta-llama_Llama-3.2-1B-Instruct_r16/merged/checkpoint-228 with apply_chat_template True
[2026-01-03 20:48:45,116][__name__][INFO] - 📝 Using fewshot_as_multiturn=True and custom system instruction
[2026-01-03 20:48:45,117][lm-eval][INFO] - Setting random seed to 23 | Setting numpy seed to 23 | Setting torch manual seed to 23
[2026-01-03 20:48:45,117][lm-eval][INFO] - Initializing hf model, with arguments: {'pretrained': 'outputs/milestone_meta-llama_Llama-3.2-1B-Instruct_r16/merged/checkpoint-228', 'tokenizer': 'outputs/milestone_meta-llama_Llama-3.2-1B-Instruct_r16/merged/checkpoint-228', 'max_length': 4096, 'eval_max_length': 16384, 'truncation': True, 'dtype': 'bfloat16'}
[2026-01-03 20:48:45,169][lm-eval][INFO] - Using device 'cuda'
[2026-01-03 20:48:45,991][lm-eval][INFO] - `group` and `group_alias` keys in tasks' configs will no longer be used in the next release of lm-eval. `tag` will be used to allow to call a collection of tasks just like `group`. `group` will be removed in order to not cause confusion with the new ConfigurableGroup which will be the offical way to create groups with addition of group-wide configuations.
[2026-01-03 20:48:53,022][lm-eval][WARNING] - Overwriting default num_fewshot of _ro_winogrande from None to 5
[2026-01-03 20:48:53,023][lm-eval][INFO] - Setting fewshot random generator seed to 23
[2026-01-03 20:48:53,024][lm-eval][INFO] - Building contexts for _ro_winogrande on rank 0...
[2026-01-03 20:48:53,137][lm-eval][INFO] - Running loglikelihood requests
[2026-01-03 20:49:23,081][lm-eval][WARNING] - Failed to get model SHA for outputs/milestone_meta-llama_Llama-3.2-1B-Instruct_r16/merged/checkpoint-228 at revision main. Error: Repo id must be in the form 'repo_name' or 'namespace/repo_name': 'outputs/milestone_meta-llama_Llama-3.2-1B-Instruct_r16/merged/checkpoint-228'. Use `repo_type` argument if needed.
[2026-01-03 20:49:24,054][__name__][INFO] - ✅ Finished _ro_winogrande
[2026-01-03 20:49:24,147][__name__][INFO] - 💾 Saved partial results: /home/dan-parii/Documents/ContinualPretrainRo/continual_pretrain/eval_results/outputs_milestone_meta-llama_Llama-3.2-1B-Instruct_r16_merged_checkpoint-228/2026-01-03_20-48-43/_ro_winogrande.json
[2026-01-03 20:49:24,147][__name__][INFO] - 🚀 Running evaluation for _ro_belebele | fewshot=0 | limit=1000
[2026-01-03 20:49:24,147][__name__][INFO] - Running outputs/milestone_meta-llama_Llama-3.2-1B-Instruct_r16/merged/checkpoint-228 with apply_chat_template True
[2026-01-03 20:49:24,147][__name__][INFO] - 📝 Using fewshot_as_multiturn=True and custom system instruction
[2026-01-03 20:49:24,148][lm-eval][INFO] - Setting random seed to 23 | Setting numpy seed to 23 | Setting torch manual seed to 23
[2026-01-03 20:49:24,149][lm-eval][INFO] - Initializing hf model, with arguments: {'pretrained': 'outputs/milestone_meta-llama_Llama-3.2-1B-Instruct_r16/merged/checkpoint-228', 'tokenizer': 'outputs/milestone_meta-llama_Llama-3.2-1B-Instruct_r16/merged/checkpoint-228', 'max_length': 4096, 'eval_max_length': 16384, 'truncation': True, 'dtype': 'bfloat16'}
[2026-01-03 20:49:24,150][lm-eval][INFO] - Using device 'cuda'
[2026-01-03 20:49:24,824][lm-eval][INFO] - `group` and `group_alias` keys in tasks' configs will no longer be used in the next release of lm-eval. `tag` will be used to allow to call a collection of tasks just like `group`. `group` will be removed in order to not cause confusion with the new ConfigurableGroup which will be the offical way to create groups with addition of group-wide configuations.
[2026-01-03 20:49:29,960][lm-eval][WARNING] - Overwriting default num_fewshot of _ro_belebele from None to 0
[2026-01-03 20:49:29,960][lm-eval][INFO] - Setting fewshot random generator seed to 23
[2026-01-03 20:49:29,960][lm-eval][INFO] - Building contexts for _ro_belebele on rank 0...
[2026-01-03 20:49:30,613][lm-eval][INFO] - Running loglikelihood requests
[2026-01-03 20:50:23,687][lm-eval][WARNING] - Failed to get model SHA for outputs/milestone_meta-llama_Llama-3.2-1B-Instruct_r16/merged/checkpoint-228 at revision main. Error: Repo id must be in the form 'repo_name' or 'namespace/repo_name': 'outputs/milestone_meta-llama_Llama-3.2-1B-Instruct_r16/merged/checkpoint-228'. Use `repo_type` argument if needed.
[2026-01-03 20:50:24,707][__name__][INFO] - ✅ Finished _ro_belebele
[2026-01-03 20:50:24,797][__name__][INFO] - 💾 Saved partial results: /home/dan-parii/Documents/ContinualPretrainRo/continual_pretrain/eval_results/outputs_milestone_meta-llama_Llama-3.2-1B-Instruct_r16_merged_checkpoint-228/2026-01-03_20-48-43/_ro_belebele.json
[2026-01-03 20:50:24,798][__name__][INFO] - 🚀 Running evaluation for ro_wiki | fewshot=0 | limit=1000
[2026-01-03 20:50:24,798][__name__][INFO] - Running outputs/milestone_meta-llama_Llama-3.2-1B-Instruct_r16/merged/checkpoint-228 with apply_chat_template True
[2026-01-03 20:50:24,800][lm-eval][INFO] - Setting random seed to 23 | Setting numpy seed to 23 | Setting torch manual seed to 23
[2026-01-03 20:50:24,800][lm-eval][INFO] - Initializing hf model, with arguments: {'pretrained': 'outputs/milestone_meta-llama_Llama-3.2-1B-Instruct_r16/merged/checkpoint-228', 'tokenizer': 'outputs/milestone_meta-llama_Llama-3.2-1B-Instruct_r16/merged/checkpoint-228', 'max_length': 4096, 'eval_max_length': 16384, 'truncation': True, 'dtype': 'bfloat16'}
[2026-01-03 20:50:24,801][lm-eval][INFO] - Using device 'cuda'
[2026-01-03 20:50:25,461][lm-eval][INFO] - `group` and `group_alias` keys in tasks' configs will no longer be used in the next release of lm-eval. `tag` will be used to allow to call a collection of tasks just like `group`. `group` will be removed in order to not cause confusion with the new ConfigurableGroup which will be the offical way to create groups with addition of group-wide configuations.
[2026-01-03 20:50:28,422][lm-eval][WARNING] - [Task: ro_wiki] metric word_perplexity is defined, but aggregation is not. using default aggregation=weighted_perplexity
[2026-01-03 20:50:28,422][lm-eval][WARNING] - [Task: ro_wiki] metric word_perplexity is defined, but higher_is_better is not. using default higher_is_better=False
[2026-01-03 20:50:28,423][lm-eval][WARNING] - [Task: ro_wiki] metric byte_perplexity is defined, but aggregation is not. using default aggregation=weighted_perplexity
[2026-01-03 20:50:28,423][lm-eval][WARNING] - [Task: ro_wiki] metric byte_perplexity is defined, but higher_is_better is not. using default higher_is_better=False
[2026-01-03 20:50:28,423][lm-eval][WARNING] - [Task: ro_wiki] metric bits_per_byte is defined, but aggregation is not. using default aggregation=bits_per_byte
[2026-01-03 20:50:28,423][lm-eval][WARNING] - [Task: ro_wiki] metric bits_per_byte is defined, but higher_is_better is not. using default higher_is_better=False
[2026-01-03 20:50:30,547][lm-eval][WARNING] - Overwriting default num_fewshot of ro_wiki from None to 0
[2026-01-03 20:50:30,547][lm-eval][INFO] - Setting fewshot random generator seed to 23
[2026-01-03 20:50:30,548][lm-eval][INFO] - Building contexts for ro_wiki on rank 0...
[2026-01-03 20:50:30,704][lm-eval][INFO] - Running loglikelihood_rolling requests
[2026-01-03 20:51:09,216][lm-eval][WARNING] - Failed to get model SHA for outputs/milestone_meta-llama_Llama-3.2-1B-Instruct_r16/merged/checkpoint-228 at revision main. Error: Repo id must be in the form 'repo_name' or 'namespace/repo_name': 'outputs/milestone_meta-llama_Llama-3.2-1B-Instruct_r16/merged/checkpoint-228'. Use `repo_type` argument if needed.
[2026-01-03 20:51:10,294][__name__][INFO] - ✅ Finished ro_wiki
[2026-01-03 20:51:10,415][__name__][INFO] - 💾 Saved partial results: /home/dan-parii/Documents/ContinualPretrainRo/continual_pretrain/eval_results/outputs_milestone_meta-llama_Llama-3.2-1B-Instruct_r16_merged_checkpoint-228/2026-01-03_20-48-43/ro_wiki.json
[2026-01-03 20:51:10,416][__name__][INFO] - 🚀 Running evaluation for _ro_arc_challenge | fewshot=5 | limit=1000
[2026-01-03 20:51:10,416][__name__][INFO] - Running outputs/milestone_meta-llama_Llama-3.2-1B-Instruct_r16/merged/checkpoint-228 with apply_chat_template True
[2026-01-03 20:51:10,416][__name__][INFO] - 📝 Using fewshot_as_multiturn=True and custom system instruction
[2026-01-03 20:51:10,417][lm-eval][INFO] - Setting random seed to 23 | Setting numpy seed to 23 | Setting torch manual seed to 23
[2026-01-03 20:51:10,418][lm-eval][INFO] - Initializing hf model, with arguments: {'pretrained': 'outputs/milestone_meta-llama_Llama-3.2-1B-Instruct_r16/merged/checkpoint-228', 'tokenizer': 'outputs/milestone_meta-llama_Llama-3.2-1B-Instruct_r16/merged/checkpoint-228', 'max_length': 4096, 'eval_max_length': 16384, 'truncation': True, 'dtype': 'bfloat16'}
[2026-01-03 20:51:10,419][lm-eval][INFO] - Using device 'cuda'
[2026-01-03 20:51:11,082][lm-eval][INFO] - `group` and `group_alias` keys in tasks' configs will no longer be used in the next release of lm-eval. `tag` will be used to allow to call a collection of tasks just like `group`. `group` will be removed in order to not cause confusion with the new ConfigurableGroup which will be the offical way to create groups with addition of group-wide configuations.
[2026-01-03 20:51:16,302][lm-eval][WARNING] - Overwriting default num_fewshot of _ro_arc_challenge from None to 5
[2026-01-03 20:51:16,302][lm-eval][INFO] - Setting fewshot random generator seed to 23
[2026-01-03 20:51:16,303][lm-eval][INFO] - Building contexts for _ro_arc_challenge on rank 0...
[2026-01-03 20:51:17,745][lm-eval][INFO] - Running loglikelihood requests
[2026-01-03 20:52:48,421][lm-eval][WARNING] - Failed to get model SHA for outputs/milestone_meta-llama_Llama-3.2-1B-Instruct_r16/merged/checkpoint-228 at revision main. Error: Repo id must be in the form 'repo_name' or 'namespace/repo_name': 'outputs/milestone_meta-llama_Llama-3.2-1B-Instruct_r16/merged/checkpoint-228'. Use `repo_type` argument if needed.
[2026-01-03 20:52:49,560][__name__][INFO] - ✅ Finished _ro_arc_challenge
[2026-01-03 20:52:49,748][__name__][INFO] - 💾 Saved partial results: /home/dan-parii/Documents/ContinualPretrainRo/continual_pretrain/eval_results/outputs_milestone_meta-llama_Llama-3.2-1B-Instruct_r16_merged_checkpoint-228/2026-01-03_20-48-43/_ro_arc_challenge.json
[2026-01-03 20:52:49,749][__name__][INFO] - 🚀 Running evaluation for arc_challenge | fewshot=5 | limit=1000
[2026-01-03 20:52:49,749][__name__][INFO] - Running outputs/milestone_meta-llama_Llama-3.2-1B-Instruct_r16/merged/checkpoint-228 with apply_chat_template True
[2026-01-03 20:52:49,749][__name__][INFO] - 📝 Using fewshot_as_multiturn=True and custom system instruction
[2026-01-03 20:52:49,750][lm-eval][INFO] - Setting random seed to 23 | Setting numpy seed to 23 | Setting torch manual seed to 23
[2026-01-03 20:52:49,750][lm-eval][INFO] - Initializing hf model, with arguments: {'pretrained': 'outputs/milestone_meta-llama_Llama-3.2-1B-Instruct_r16/merged/checkpoint-228', 'tokenizer': 'outputs/milestone_meta-llama_Llama-3.2-1B-Instruct_r16/merged/checkpoint-228', 'max_length': 4096, 'eval_max_length': 16384, 'truncation': True, 'dtype': 'bfloat16'}
[2026-01-03 20:52:49,751][lm-eval][INFO] - Using device 'cuda'
[2026-01-03 20:52:50,411][lm-eval][INFO] - `group` and `group_alias` keys in tasks' configs will no longer be used in the next release of lm-eval. `tag` will be used to allow to call a collection of tasks just like `group`. `group` will be removed in order to not cause confusion with the new ConfigurableGroup which will be the offical way to create groups with addition of group-wide configuations.
[2026-01-03 20:52:55,602][lm-eval][WARNING] - Overwriting default num_fewshot of arc_challenge from None to 5
[2026-01-03 20:52:55,602][lm-eval][INFO] - Setting fewshot random generator seed to 23
[2026-01-03 20:52:55,602][lm-eval][INFO] - Building contexts for arc_challenge on rank 0...
[2026-01-03 20:53:00,003][lm-eval][INFO] - Running loglikelihood requests
[2026-01-03 20:53:58,106][lm-eval][WARNING] - Failed to get model SHA for outputs/milestone_meta-llama_Llama-3.2-1B-Instruct_r16/merged/checkpoint-228 at revision main. Error: Repo id must be in the form 'repo_name' or 'namespace/repo_name': 'outputs/milestone_meta-llama_Llama-3.2-1B-Instruct_r16/merged/checkpoint-228'. Use `repo_type` argument if needed.
[2026-01-03 20:53:59,107][__name__][INFO] - ✅ Finished arc_challenge
[2026-01-03 20:53:59,287][__name__][INFO] - 💾 Saved partial results: /home/dan-parii/Documents/ContinualPretrainRo/continual_pretrain/eval_results/outputs_milestone_meta-llama_Llama-3.2-1B-Instruct_r16_merged_checkpoint-228/2026-01-03_20-48-43/arc_challenge.json
[2026-01-03 20:53:59,287][__name__][INFO] - 🚀 Running evaluation for winogrande | fewshot=5 | limit=1000
[2026-01-03 20:53:59,288][__name__][INFO] - Running outputs/milestone_meta-llama_Llama-3.2-1B-Instruct_r16/merged/checkpoint-228 with apply_chat_template True
[2026-01-03 20:53:59,288][__name__][INFO] - 📝 Using fewshot_as_multiturn=True and custom system instruction
[2026-01-03 20:53:59,289][lm-eval][INFO] - Setting random seed to 23 | Setting numpy seed to 23 | Setting torch manual seed to 23
[2026-01-03 20:53:59,289][lm-eval][INFO] - Initializing hf model, with arguments: {'pretrained': 'outputs/milestone_meta-llama_Llama-3.2-1B-Instruct_r16/merged/checkpoint-228', 'tokenizer': 'outputs/milestone_meta-llama_Llama-3.2-1B-Instruct_r16/merged/checkpoint-228', 'max_length': 4096, 'eval_max_length': 16384, 'truncation': True, 'dtype': 'bfloat16'}
[2026-01-03 20:53:59,290][lm-eval][INFO] - Using device 'cuda'
[2026-01-03 20:53:59,952][lm-eval][INFO] - `group` and `group_alias` keys in tasks' configs will no longer be used in the next release of lm-eval. `tag` will be used to allow to call a collection of tasks just like `group`. `group` will be removed in order to not cause confusion with the new ConfigurableGroup which will be the offical way to create groups with addition of group-wide configuations.
[2026-01-03 20:54:02,912][datasets.load][ERROR] - `trust_remote_code` is not supported anymore.
Please check that the Hugging Face dataset 'winogrande' isn't based on a loading script and remove `trust_remote_code`.
If the dataset is based on a loading script, please ask the dataset author to remove it and convert it to a standard format like Parquet.
[2026-01-03 20:54:08,888][lm-eval][WARNING] - Overwriting default num_fewshot of winogrande from None to 5
[2026-01-03 20:54:08,889][lm-eval][INFO] - Setting fewshot random generator seed to 23
[2026-01-03 20:54:08,889][lm-eval][INFO] - Building contexts for winogrande on rank 0...
[2026-01-03 20:54:08,981][lm-eval][INFO] - Running loglikelihood requests
[2026-01-03 20:54:29,581][lm-eval][WARNING] - Failed to get model SHA for outputs/milestone_meta-llama_Llama-3.2-1B-Instruct_r16/merged/checkpoint-228 at revision main. Error: Repo id must be in the form 'repo_name' or 'namespace/repo_name': 'outputs/milestone_meta-llama_Llama-3.2-1B-Instruct_r16/merged/checkpoint-228'. Use `repo_type` argument if needed.
[2026-01-03 20:54:30,683][__name__][INFO] - ✅ Finished winogrande
[2026-01-03 20:54:30,770][__name__][INFO] - 💾 Saved partial results: /home/dan-parii/Documents/ContinualPretrainRo/continual_pretrain/eval_results/outputs_milestone_meta-llama_Llama-3.2-1B-Instruct_r16_merged_checkpoint-228/2026-01-03_20-48-43/winogrande.json
[2026-01-03 20:54:30,770][__name__][INFO] - 🚀 Running evaluation for wikitext | fewshot=5 | limit=1000
[2026-01-03 20:54:30,770][__name__][INFO] - Running outputs/milestone_meta-llama_Llama-3.2-1B-Instruct_r16/merged/checkpoint-228 with apply_chat_template True
[2026-01-03 20:54:30,771][lm-eval][INFO] - Setting random seed to 23 | Setting numpy seed to 23 | Setting torch manual seed to 23
[2026-01-03 20:54:30,772][lm-eval][INFO] - Initializing hf model, with arguments: {'pretrained': 'outputs/milestone_meta-llama_Llama-3.2-1B-Instruct_r16/merged/checkpoint-228', 'tokenizer': 'outputs/milestone_meta-llama_Llama-3.2-1B-Instruct_r16/merged/checkpoint-228', 'max_length': 4096, 'eval_max_length': 16384, 'truncation': True, 'dtype': 'bfloat16'}
[2026-01-03 20:54:30,773][lm-eval][INFO] - Using device 'cuda'
[2026-01-03 20:54:31,436][lm-eval][INFO] - `group` and `group_alias` keys in tasks' configs will no longer be used in the next release of lm-eval. `tag` will be used to allow to call a collection of tasks just like `group`. `group` will be removed in order to not cause confusion with the new ConfigurableGroup which will be the offical way to create groups with addition of group-wide configuations.
[2026-01-03 20:54:34,425][lm-eval][WARNING] - [Task: wikitext] metric word_perplexity is defined, but aggregation is not. using default aggregation=weighted_perplexity
[2026-01-03 20:54:34,426][lm-eval][WARNING] - [Task: wikitext] metric word_perplexity is defined, but higher_is_better is not. using default higher_is_better=False
[2026-01-03 20:54:34,426][lm-eval][WARNING] - [Task: wikitext] metric byte_perplexity is defined, but aggregation is not. using default aggregation=weighted_perplexity
[2026-01-03 20:54:34,426][lm-eval][WARNING] - [Task: wikitext] metric byte_perplexity is defined, but higher_is_better is not. using default higher_is_better=False
[2026-01-03 20:54:34,426][lm-eval][WARNING] - [Task: wikitext] metric bits_per_byte is defined, but aggregation is not. using default aggregation=bits_per_byte
[2026-01-03 20:54:34,427][lm-eval][WARNING] - [Task: wikitext] metric bits_per_byte is defined, but higher_is_better is not. using default higher_is_better=False
[2026-01-03 20:54:34,427][datasets.load][ERROR] - `trust_remote_code` is not supported anymore.
Please check that the Hugging Face dataset 'EleutherAI/wikitext_document_level' isn't based on a loading script and remove `trust_remote_code`.
If the dataset is based on a loading script, please ask the dataset author to remove it and convert it to a standard format like Parquet.
[2026-01-03 20:54:36,492][lm-eval][WARNING] - Overwriting default num_fewshot of wikitext from None to 5
[2026-01-03 20:54:36,493][lm-eval][INFO] - Setting fewshot random generator seed to 23
[2026-01-03 20:54:36,494][lm-eval][INFO] - Building contexts for wikitext on rank 0...
[2026-01-03 20:54:39,310][lm-eval][INFO] - Running loglikelihood_rolling requests
[2026-01-03 20:56:59,358][lm-eval][WARNING] - Failed to get model SHA for outputs/milestone_meta-llama_Llama-3.2-1B-Instruct_r16/merged/checkpoint-228 at revision main. Error: Repo id must be in the form 'repo_name' or 'namespace/repo_name': 'outputs/milestone_meta-llama_Llama-3.2-1B-Instruct_r16/merged/checkpoint-228'. Use `repo_type` argument if needed.
[2026-01-03 20:57:00,480][__name__][INFO] - ✅ Finished wikitext
[2026-01-03 20:57:00,913][__name__][INFO] - 💾 Saved partial results: /home/dan-parii/Documents/ContinualPretrainRo/continual_pretrain/eval_results/outputs_milestone_meta-llama_Llama-3.2-1B-Instruct_r16_merged_checkpoint-228/2026-01-03_20-48-43/wikitext.json
[2026-01-03 20:57:01,798][__name__][INFO] - 📁 Combined results saved to: /home/dan-parii/Documents/ContinualPretrainRo/continual_pretrain/eval_results/outputs_milestone_meta-llama_Llama-3.2-1B-Instruct_r16_merged_checkpoint-228/2026-01-03_20-48-43/eval_results.json
[2026-01-03 20:57:01,799][__name__][INFO] - 📊 Summary:
[2026-01-03 20:57:01,799][__name__][INFO] -   - _ro_winogrande: {'acc,none': 0.489, 'acc_stderr,none': 0.01581547119529257}
[2026-01-03 20:57:01,799][__name__][INFO] -   - _ro_belebele: {'acc_norm,none': 0.28, 'acc_norm_stderr,none': 0.014974951276705737}
[2026-01-03 20:57:01,799][__name__][INFO] -   - ro_wiki: {'word_perplexity,none': 107.05891128314704, 'byte_perplexity,none': 1.9936424706631415, 'bits_per_byte,none': 0.9954067076049951}
[2026-01-03 20:57:01,800][__name__][INFO] -   - _ro_arc_challenge: {'acc_norm,none': 0.271, 'acc_norm_stderr,none': 0.014062601350986125}
[2026-01-03 20:57:01,800][__name__][INFO] -   - arc_challenge: {'acc,none': 0.392, 'acc_stderr,none': 0.015445859463771338, 'acc_norm,none': 0.377, 'acc_norm_stderr,none': 0.0153331701257798}
[2026-01-03 20:57:01,800][__name__][INFO] -   - winogrande: {'acc,none': 0.596, 'acc_stderr,none': 0.015524980677122437}
[2026-01-03 20:57:01,800][__name__][INFO] -   - wikitext: {'word_perplexity,none': 17.004199014993105, 'byte_perplexity,none': 1.701933374465087, 'bits_per_byte,none': 0.7671745609896802}
[2026-01-03 20:57:02,989][__name__][INFO] - 📊 W&B run finished
[2026-01-03 21:20:11,892][__name__][INFO] - Starting Romanian evaluation run
[2026-01-03 21:20:12,079][__name__][INFO] - 🚀 CUDA is available. Using GPU: NVIDIA GeForce RTX 3090
[2026-01-03 21:20:12,095][__name__][INFO] - 📁 Results will be saved in: /home/dan-parii/Documents/ContinualPretrainRo/continual_pretrain/eval_results/outputs_milestone_meta-llama_Llama-3.2-1B-Instruct_r16_merged_checkpoint-305/2026-01-03_21-20-12
[2026-01-03 21:20:13,714][__name__][INFO] - 📊 W&B logging enabled with GPU monitoring
[2026-01-03 21:20:13,715][__name__][INFO] - 🚀 Running evaluation for _ro_winogrande | fewshot=5 | limit=1000
[2026-01-03 21:20:13,715][__name__][INFO] - Running outputs/milestone_meta-llama_Llama-3.2-1B-Instruct_r16/merged/checkpoint-305 with apply_chat_template True
[2026-01-03 21:20:13,715][__name__][INFO] - 📝 Using fewshot_as_multiturn=True and custom system instruction
[2026-01-03 21:20:13,717][lm-eval][INFO] - Setting random seed to 23 | Setting numpy seed to 23 | Setting torch manual seed to 23
[2026-01-03 21:20:13,717][lm-eval][INFO] - Initializing hf model, with arguments: {'pretrained': 'outputs/milestone_meta-llama_Llama-3.2-1B-Instruct_r16/merged/checkpoint-305', 'tokenizer': 'outputs/milestone_meta-llama_Llama-3.2-1B-Instruct_r16/merged/checkpoint-305', 'max_length': 4096, 'eval_max_length': 16384, 'truncation': True, 'dtype': 'bfloat16'}
[2026-01-03 21:20:13,769][lm-eval][INFO] - Using device 'cuda'
[2026-01-03 21:20:14,581][lm-eval][INFO] - `group` and `group_alias` keys in tasks' configs will no longer be used in the next release of lm-eval. `tag` will be used to allow to call a collection of tasks just like `group`. `group` will be removed in order to not cause confusion with the new ConfigurableGroup which will be the offical way to create groups with addition of group-wide configuations.
[2026-01-03 21:20:20,363][lm-eval][WARNING] - Overwriting default num_fewshot of _ro_winogrande from None to 5
[2026-01-03 21:20:20,363][lm-eval][INFO] - Setting fewshot random generator seed to 23
[2026-01-03 21:20:20,364][lm-eval][INFO] - Building contexts for _ro_winogrande on rank 0...
[2026-01-03 21:20:20,478][lm-eval][INFO] - Running loglikelihood requests
[2026-01-03 21:20:50,371][lm-eval][WARNING] - Failed to get model SHA for outputs/milestone_meta-llama_Llama-3.2-1B-Instruct_r16/merged/checkpoint-305 at revision main. Error: Repo id must be in the form 'repo_name' or 'namespace/repo_name': 'outputs/milestone_meta-llama_Llama-3.2-1B-Instruct_r16/merged/checkpoint-305'. Use `repo_type` argument if needed.
[2026-01-03 21:20:51,434][__name__][INFO] - ✅ Finished _ro_winogrande
[2026-01-03 21:20:51,528][__name__][INFO] - 💾 Saved partial results: /home/dan-parii/Documents/ContinualPretrainRo/continual_pretrain/eval_results/outputs_milestone_meta-llama_Llama-3.2-1B-Instruct_r16_merged_checkpoint-305/2026-01-03_21-20-12/_ro_winogrande.json
[2026-01-03 21:20:51,528][__name__][INFO] - 🚀 Running evaluation for _ro_belebele | fewshot=0 | limit=1000
[2026-01-03 21:20:51,529][__name__][INFO] - Running outputs/milestone_meta-llama_Llama-3.2-1B-Instruct_r16/merged/checkpoint-305 with apply_chat_template True
[2026-01-03 21:20:51,529][__name__][INFO] - 📝 Using fewshot_as_multiturn=True and custom system instruction
[2026-01-03 21:20:51,530][lm-eval][INFO] - Setting random seed to 23 | Setting numpy seed to 23 | Setting torch manual seed to 23
[2026-01-03 21:20:51,530][lm-eval][INFO] - Initializing hf model, with arguments: {'pretrained': 'outputs/milestone_meta-llama_Llama-3.2-1B-Instruct_r16/merged/checkpoint-305', 'tokenizer': 'outputs/milestone_meta-llama_Llama-3.2-1B-Instruct_r16/merged/checkpoint-305', 'max_length': 4096, 'eval_max_length': 16384, 'truncation': True, 'dtype': 'bfloat16'}
[2026-01-03 21:20:51,531][lm-eval][INFO] - Using device 'cuda'
[2026-01-03 21:20:52,208][lm-eval][INFO] - `group` and `group_alias` keys in tasks' configs will no longer be used in the next release of lm-eval. `tag` will be used to allow to call a collection of tasks just like `group`. `group` will be removed in order to not cause confusion with the new ConfigurableGroup which will be the offical way to create groups with addition of group-wide configuations.
[2026-01-03 21:20:57,298][lm-eval][WARNING] - Overwriting default num_fewshot of _ro_belebele from None to 0
[2026-01-03 21:20:57,298][lm-eval][INFO] - Setting fewshot random generator seed to 23
[2026-01-03 21:20:57,299][lm-eval][INFO] - Building contexts for _ro_belebele on rank 0...
[2026-01-03 21:20:57,951][lm-eval][INFO] - Running loglikelihood requests
[2026-01-03 21:21:50,831][lm-eval][WARNING] - Failed to get model SHA for outputs/milestone_meta-llama_Llama-3.2-1B-Instruct_r16/merged/checkpoint-305 at revision main. Error: Repo id must be in the form 'repo_name' or 'namespace/repo_name': 'outputs/milestone_meta-llama_Llama-3.2-1B-Instruct_r16/merged/checkpoint-305'. Use `repo_type` argument if needed.
[2026-01-03 21:21:51,936][__name__][INFO] - ✅ Finished _ro_belebele
[2026-01-03 21:21:52,027][__name__][INFO] - 💾 Saved partial results: /home/dan-parii/Documents/ContinualPretrainRo/continual_pretrain/eval_results/outputs_milestone_meta-llama_Llama-3.2-1B-Instruct_r16_merged_checkpoint-305/2026-01-03_21-20-12/_ro_belebele.json
[2026-01-03 21:21:52,028][__name__][INFO] - 🚀 Running evaluation for ro_wiki | fewshot=0 | limit=1000
[2026-01-03 21:21:52,028][__name__][INFO] - Running outputs/milestone_meta-llama_Llama-3.2-1B-Instruct_r16/merged/checkpoint-305 with apply_chat_template True
[2026-01-03 21:21:52,029][lm-eval][INFO] - Setting random seed to 23 | Setting numpy seed to 23 | Setting torch manual seed to 23
[2026-01-03 21:21:52,030][lm-eval][INFO] - Initializing hf model, with arguments: {'pretrained': 'outputs/milestone_meta-llama_Llama-3.2-1B-Instruct_r16/merged/checkpoint-305', 'tokenizer': 'outputs/milestone_meta-llama_Llama-3.2-1B-Instruct_r16/merged/checkpoint-305', 'max_length': 4096, 'eval_max_length': 16384, 'truncation': True, 'dtype': 'bfloat16'}
[2026-01-03 21:21:52,031][lm-eval][INFO] - Using device 'cuda'
[2026-01-03 21:21:52,688][lm-eval][INFO] - `group` and `group_alias` keys in tasks' configs will no longer be used in the next release of lm-eval. `tag` will be used to allow to call a collection of tasks just like `group`. `group` will be removed in order to not cause confusion with the new ConfigurableGroup which will be the offical way to create groups with addition of group-wide configuations.
[2026-01-03 21:21:55,602][lm-eval][WARNING] - [Task: ro_wiki] metric word_perplexity is defined, but aggregation is not. using default aggregation=weighted_perplexity
[2026-01-03 21:21:55,602][lm-eval][WARNING] - [Task: ro_wiki] metric word_perplexity is defined, but higher_is_better is not. using default higher_is_better=False
[2026-01-03 21:21:55,602][lm-eval][WARNING] - [Task: ro_wiki] metric byte_perplexity is defined, but aggregation is not. using default aggregation=weighted_perplexity
[2026-01-03 21:21:55,603][lm-eval][WARNING] - [Task: ro_wiki] metric byte_perplexity is defined, but higher_is_better is not. using default higher_is_better=False
[2026-01-03 21:21:55,603][lm-eval][WARNING] - [Task: ro_wiki] metric bits_per_byte is defined, but aggregation is not. using default aggregation=bits_per_byte
[2026-01-03 21:21:55,603][lm-eval][WARNING] - [Task: ro_wiki] metric bits_per_byte is defined, but higher_is_better is not. using default higher_is_better=False
[2026-01-03 21:22:04,490][lm-eval][WARNING] - Overwriting default num_fewshot of ro_wiki from None to 0
[2026-01-03 21:22:04,490][lm-eval][INFO] - Setting fewshot random generator seed to 23
[2026-01-03 21:22:04,491][lm-eval][INFO] - Building contexts for ro_wiki on rank 0...
[2026-01-03 21:22:04,649][lm-eval][INFO] - Running loglikelihood_rolling requests
[2026-01-03 21:22:42,856][lm-eval][WARNING] - Failed to get model SHA for outputs/milestone_meta-llama_Llama-3.2-1B-Instruct_r16/merged/checkpoint-305 at revision main. Error: Repo id must be in the form 'repo_name' or 'namespace/repo_name': 'outputs/milestone_meta-llama_Llama-3.2-1B-Instruct_r16/merged/checkpoint-305'. Use `repo_type` argument if needed.
[2026-01-03 21:22:43,950][__name__][INFO] - ✅ Finished ro_wiki
[2026-01-03 21:22:44,068][__name__][INFO] - 💾 Saved partial results: /home/dan-parii/Documents/ContinualPretrainRo/continual_pretrain/eval_results/outputs_milestone_meta-llama_Llama-3.2-1B-Instruct_r16_merged_checkpoint-305/2026-01-03_21-20-12/ro_wiki.json
[2026-01-03 21:22:44,069][__name__][INFO] - 🚀 Running evaluation for _ro_arc_challenge | fewshot=5 | limit=1000
[2026-01-03 21:22:44,069][__name__][INFO] - Running outputs/milestone_meta-llama_Llama-3.2-1B-Instruct_r16/merged/checkpoint-305 with apply_chat_template True
[2026-01-03 21:22:44,070][__name__][INFO] - 📝 Using fewshot_as_multiturn=True and custom system instruction
[2026-01-03 21:22:44,071][lm-eval][INFO] - Setting random seed to 23 | Setting numpy seed to 23 | Setting torch manual seed to 23
[2026-01-03 21:22:44,071][lm-eval][INFO] - Initializing hf model, with arguments: {'pretrained': 'outputs/milestone_meta-llama_Llama-3.2-1B-Instruct_r16/merged/checkpoint-305', 'tokenizer': 'outputs/milestone_meta-llama_Llama-3.2-1B-Instruct_r16/merged/checkpoint-305', 'max_length': 4096, 'eval_max_length': 16384, 'truncation': True, 'dtype': 'bfloat16'}
[2026-01-03 21:22:44,072][lm-eval][INFO] - Using device 'cuda'
[2026-01-03 21:22:44,724][lm-eval][INFO] - `group` and `group_alias` keys in tasks' configs will no longer be used in the next release of lm-eval. `tag` will be used to allow to call a collection of tasks just like `group`. `group` will be removed in order to not cause confusion with the new ConfigurableGroup which will be the offical way to create groups with addition of group-wide configuations.
[2026-01-03 21:22:50,742][lm-eval][WARNING] - Overwriting default num_fewshot of _ro_arc_challenge from None to 5
[2026-01-03 21:22:50,743][lm-eval][INFO] - Setting fewshot random generator seed to 23
[2026-01-03 21:22:50,743][lm-eval][INFO] - Building contexts for _ro_arc_challenge on rank 0...
[2026-01-03 21:22:52,355][lm-eval][INFO] - Running loglikelihood requests
[2026-01-03 21:24:22,498][lm-eval][WARNING] - Failed to get model SHA for outputs/milestone_meta-llama_Llama-3.2-1B-Instruct_r16/merged/checkpoint-305 at revision main. Error: Repo id must be in the form 'repo_name' or 'namespace/repo_name': 'outputs/milestone_meta-llama_Llama-3.2-1B-Instruct_r16/merged/checkpoint-305'. Use `repo_type` argument if needed.
[2026-01-03 21:24:23,630][__name__][INFO] - ✅ Finished _ro_arc_challenge
[2026-01-03 21:24:23,818][__name__][INFO] - 💾 Saved partial results: /home/dan-parii/Documents/ContinualPretrainRo/continual_pretrain/eval_results/outputs_milestone_meta-llama_Llama-3.2-1B-Instruct_r16_merged_checkpoint-305/2026-01-03_21-20-12/_ro_arc_challenge.json
[2026-01-03 21:24:23,819][__name__][INFO] - 🚀 Running evaluation for arc_challenge | fewshot=5 | limit=1000
[2026-01-03 21:24:23,819][__name__][INFO] - Running outputs/milestone_meta-llama_Llama-3.2-1B-Instruct_r16/merged/checkpoint-305 with apply_chat_template True
[2026-01-03 21:24:23,819][__name__][INFO] - 📝 Using fewshot_as_multiturn=True and custom system instruction
[2026-01-03 21:24:23,820][lm-eval][INFO] - Setting random seed to 23 | Setting numpy seed to 23 | Setting torch manual seed to 23
[2026-01-03 21:24:23,820][lm-eval][INFO] - Initializing hf model, with arguments: {'pretrained': 'outputs/milestone_meta-llama_Llama-3.2-1B-Instruct_r16/merged/checkpoint-305', 'tokenizer': 'outputs/milestone_meta-llama_Llama-3.2-1B-Instruct_r16/merged/checkpoint-305', 'max_length': 4096, 'eval_max_length': 16384, 'truncation': True, 'dtype': 'bfloat16'}
[2026-01-03 21:24:23,821][lm-eval][INFO] - Using device 'cuda'
[2026-01-03 21:24:24,472][lm-eval][INFO] - `group` and `group_alias` keys in tasks' configs will no longer be used in the next release of lm-eval. `tag` will be used to allow to call a collection of tasks just like `group`. `group` will be removed in order to not cause confusion with the new ConfigurableGroup which will be the offical way to create groups with addition of group-wide configuations.
[2026-01-03 21:24:29,282][lm-eval][WARNING] - Overwriting default num_fewshot of arc_challenge from None to 5
[2026-01-03 21:24:29,282][lm-eval][INFO] - Setting fewshot random generator seed to 23
[2026-01-03 21:24:29,283][lm-eval][INFO] - Building contexts for arc_challenge on rank 0...
[2026-01-03 21:24:33,668][lm-eval][INFO] - Running loglikelihood requests
[2026-01-03 21:25:31,500][lm-eval][WARNING] - Failed to get model SHA for outputs/milestone_meta-llama_Llama-3.2-1B-Instruct_r16/merged/checkpoint-305 at revision main. Error: Repo id must be in the form 'repo_name' or 'namespace/repo_name': 'outputs/milestone_meta-llama_Llama-3.2-1B-Instruct_r16/merged/checkpoint-305'. Use `repo_type` argument if needed.
[2026-01-03 21:25:32,577][__name__][INFO] - ✅ Finished arc_challenge
[2026-01-03 21:25:32,756][__name__][INFO] - 💾 Saved partial results: /home/dan-parii/Documents/ContinualPretrainRo/continual_pretrain/eval_results/outputs_milestone_meta-llama_Llama-3.2-1B-Instruct_r16_merged_checkpoint-305/2026-01-03_21-20-12/arc_challenge.json
[2026-01-03 21:25:32,756][__name__][INFO] - 🚀 Running evaluation for winogrande | fewshot=5 | limit=1000
[2026-01-03 21:25:32,757][__name__][INFO] - Running outputs/milestone_meta-llama_Llama-3.2-1B-Instruct_r16/merged/checkpoint-305 with apply_chat_template True
[2026-01-03 21:25:32,757][__name__][INFO] - 📝 Using fewshot_as_multiturn=True and custom system instruction
[2026-01-03 21:25:32,758][lm-eval][INFO] - Setting random seed to 23 | Setting numpy seed to 23 | Setting torch manual seed to 23
[2026-01-03 21:25:32,758][lm-eval][INFO] - Initializing hf model, with arguments: {'pretrained': 'outputs/milestone_meta-llama_Llama-3.2-1B-Instruct_r16/merged/checkpoint-305', 'tokenizer': 'outputs/milestone_meta-llama_Llama-3.2-1B-Instruct_r16/merged/checkpoint-305', 'max_length': 4096, 'eval_max_length': 16384, 'truncation': True, 'dtype': 'bfloat16'}
[2026-01-03 21:25:32,759][lm-eval][INFO] - Using device 'cuda'
[2026-01-03 21:25:33,428][lm-eval][INFO] - `group` and `group_alias` keys in tasks' configs will no longer be used in the next release of lm-eval. `tag` will be used to allow to call a collection of tasks just like `group`. `group` will be removed in order to not cause confusion with the new ConfigurableGroup which will be the offical way to create groups with addition of group-wide configuations.
[2026-01-03 21:25:36,342][datasets.load][ERROR] - `trust_remote_code` is not supported anymore.
Please check that the Hugging Face dataset 'winogrande' isn't based on a loading script and remove `trust_remote_code`.
If the dataset is based on a loading script, please ask the dataset author to remove it and convert it to a standard format like Parquet.
[2026-01-03 21:25:40,961][lm-eval][WARNING] - Overwriting default num_fewshot of winogrande from None to 5
[2026-01-03 21:25:40,962][lm-eval][INFO] - Setting fewshot random generator seed to 23
[2026-01-03 21:25:40,962][lm-eval][INFO] - Building contexts for winogrande on rank 0...
[2026-01-03 21:25:41,052][lm-eval][INFO] - Running loglikelihood requests
[2026-01-03 21:26:01,903][lm-eval][WARNING] - Failed to get model SHA for outputs/milestone_meta-llama_Llama-3.2-1B-Instruct_r16/merged/checkpoint-305 at revision main. Error: Repo id must be in the form 'repo_name' or 'namespace/repo_name': 'outputs/milestone_meta-llama_Llama-3.2-1B-Instruct_r16/merged/checkpoint-305'. Use `repo_type` argument if needed.
[2026-01-03 21:26:03,039][__name__][INFO] - ✅ Finished winogrande
[2026-01-03 21:26:03,128][__name__][INFO] - 💾 Saved partial results: /home/dan-parii/Documents/ContinualPretrainRo/continual_pretrain/eval_results/outputs_milestone_meta-llama_Llama-3.2-1B-Instruct_r16_merged_checkpoint-305/2026-01-03_21-20-12/winogrande.json
[2026-01-03 21:26:03,129][__name__][INFO] - 🚀 Running evaluation for wikitext | fewshot=5 | limit=1000
[2026-01-03 21:26:03,129][__name__][INFO] - Running outputs/milestone_meta-llama_Llama-3.2-1B-Instruct_r16/merged/checkpoint-305 with apply_chat_template True
[2026-01-03 21:26:03,130][lm-eval][INFO] - Setting random seed to 23 | Setting numpy seed to 23 | Setting torch manual seed to 23
[2026-01-03 21:26:03,130][lm-eval][INFO] - Initializing hf model, with arguments: {'pretrained': 'outputs/milestone_meta-llama_Llama-3.2-1B-Instruct_r16/merged/checkpoint-305', 'tokenizer': 'outputs/milestone_meta-llama_Llama-3.2-1B-Instruct_r16/merged/checkpoint-305', 'max_length': 4096, 'eval_max_length': 16384, 'truncation': True, 'dtype': 'bfloat16'}
[2026-01-03 21:26:03,132][lm-eval][INFO] - Using device 'cuda'
[2026-01-03 21:26:03,795][lm-eval][INFO] - `group` and `group_alias` keys in tasks' configs will no longer be used in the next release of lm-eval. `tag` will be used to allow to call a collection of tasks just like `group`. `group` will be removed in order to not cause confusion with the new ConfigurableGroup which will be the offical way to create groups with addition of group-wide configuations.
[2026-01-03 21:26:06,669][lm-eval][WARNING] - [Task: wikitext] metric word_perplexity is defined, but aggregation is not. using default aggregation=weighted_perplexity
[2026-01-03 21:26:06,669][lm-eval][WARNING] - [Task: wikitext] metric word_perplexity is defined, but higher_is_better is not. using default higher_is_better=False
[2026-01-03 21:26:06,669][lm-eval][WARNING] - [Task: wikitext] metric byte_perplexity is defined, but aggregation is not. using default aggregation=weighted_perplexity
[2026-01-03 21:26:06,670][lm-eval][WARNING] - [Task: wikitext] metric byte_perplexity is defined, but higher_is_better is not. using default higher_is_better=False
[2026-01-03 21:26:06,670][lm-eval][WARNING] - [Task: wikitext] metric bits_per_byte is defined, but aggregation is not. using default aggregation=bits_per_byte
[2026-01-03 21:26:06,670][lm-eval][WARNING] - [Task: wikitext] metric bits_per_byte is defined, but higher_is_better is not. using default higher_is_better=False
[2026-01-03 21:26:06,670][datasets.load][ERROR] - `trust_remote_code` is not supported anymore.
Please check that the Hugging Face dataset 'EleutherAI/wikitext_document_level' isn't based on a loading script and remove `trust_remote_code`.
If the dataset is based on a loading script, please ask the dataset author to remove it and convert it to a standard format like Parquet.
[2026-01-03 21:26:08,718][lm-eval][WARNING] - Overwriting default num_fewshot of wikitext from None to 5
[2026-01-03 21:26:08,718][lm-eval][INFO] - Setting fewshot random generator seed to 23
[2026-01-03 21:26:08,719][lm-eval][INFO] - Building contexts for wikitext on rank 0...
[2026-01-03 21:26:11,524][lm-eval][INFO] - Running loglikelihood_rolling requests
[2026-01-03 21:28:31,080][lm-eval][WARNING] - Failed to get model SHA for outputs/milestone_meta-llama_Llama-3.2-1B-Instruct_r16/merged/checkpoint-305 at revision main. Error: Repo id must be in the form 'repo_name' or 'namespace/repo_name': 'outputs/milestone_meta-llama_Llama-3.2-1B-Instruct_r16/merged/checkpoint-305'. Use `repo_type` argument if needed.
[2026-01-03 21:28:32,261][__name__][INFO] - ✅ Finished wikitext
[2026-01-03 21:28:32,703][__name__][INFO] - 💾 Saved partial results: /home/dan-parii/Documents/ContinualPretrainRo/continual_pretrain/eval_results/outputs_milestone_meta-llama_Llama-3.2-1B-Instruct_r16_merged_checkpoint-305/2026-01-03_21-20-12/wikitext.json
[2026-01-03 21:28:33,603][__name__][INFO] - 📁 Combined results saved to: /home/dan-parii/Documents/ContinualPretrainRo/continual_pretrain/eval_results/outputs_milestone_meta-llama_Llama-3.2-1B-Instruct_r16_merged_checkpoint-305/2026-01-03_21-20-12/eval_results.json
[2026-01-03 21:28:33,604][__name__][INFO] - 📊 Summary:
[2026-01-03 21:28:33,604][__name__][INFO] -   - _ro_winogrande: {'acc,none': 0.501, 'acc_stderr,none': 0.015819268290576817}
[2026-01-03 21:28:33,604][__name__][INFO] -   - _ro_belebele: {'acc_norm,none': 0.29, 'acc_norm_stderr,none': 0.015133811749341808}
[2026-01-03 21:28:33,605][__name__][INFO] -   - ro_wiki: {'word_perplexity,none': 106.63668570333685, 'byte_perplexity,none': 1.9924796971723568, 'bits_per_byte,none': 0.9945650236195167}
[2026-01-03 21:28:33,605][__name__][INFO] -   - _ro_arc_challenge: {'acc_norm,none': 0.273, 'acc_norm_stderr,none': 0.014095022868717513}
[2026-01-03 21:28:33,605][__name__][INFO] -   - arc_challenge: {'acc,none': 0.395, 'acc_stderr,none': 0.015466551464829328, 'acc_norm,none': 0.377, 'acc_norm_stderr,none': 0.0153331701257798}
[2026-01-03 21:28:33,605][__name__][INFO] -   - winogrande: {'acc,none': 0.589, 'acc_stderr,none': 0.01556667341859915}
[2026-01-03 21:28:33,605][__name__][INFO] -   - wikitext: {'word_perplexity,none': 17.00620193718049, 'byte_perplexity,none': 1.7019709956263354, 'bits_per_byte,none': 0.7672064513466741}
[2026-01-03 21:28:34,774][__name__][INFO] - 📊 W&B run finished
[2026-01-03 21:51:26,266][__name__][INFO] - Starting Romanian evaluation run
[2026-01-03 21:51:26,448][__name__][INFO] - 🚀 CUDA is available. Using GPU: NVIDIA GeForce RTX 3090
[2026-01-03 21:51:26,455][__name__][INFO] - 📁 Results will be saved in: /home/dan-parii/Documents/ContinualPretrainRo/continual_pretrain/eval_results/outputs_milestone_meta-llama_Llama-3.2-1B-Instruct_r16_merged_checkpoint-381/2026-01-03_21-51-26
[2026-01-03 21:51:28,134][__name__][INFO] - 📊 W&B logging enabled with GPU monitoring
[2026-01-03 21:51:28,135][__name__][INFO] - 🚀 Running evaluation for _ro_winogrande | fewshot=5 | limit=1000
[2026-01-03 21:51:28,135][__name__][INFO] - Running outputs/milestone_meta-llama_Llama-3.2-1B-Instruct_r16/merged/checkpoint-381 with apply_chat_template True
[2026-01-03 21:51:28,135][__name__][INFO] - 📝 Using fewshot_as_multiturn=True and custom system instruction
[2026-01-03 21:51:28,140][lm-eval][INFO] - Setting random seed to 23 | Setting numpy seed to 23 | Setting torch manual seed to 23
[2026-01-03 21:51:28,140][lm-eval][INFO] - Initializing hf model, with arguments: {'pretrained': 'outputs/milestone_meta-llama_Llama-3.2-1B-Instruct_r16/merged/checkpoint-381', 'tokenizer': 'outputs/milestone_meta-llama_Llama-3.2-1B-Instruct_r16/merged/checkpoint-381', 'max_length': 4096, 'eval_max_length': 16384, 'truncation': True, 'dtype': 'bfloat16'}
[2026-01-03 21:51:28,192][lm-eval][INFO] - Using device 'cuda'
[2026-01-03 21:51:29,013][lm-eval][INFO] - `group` and `group_alias` keys in tasks' configs will no longer be used in the next release of lm-eval. `tag` will be used to allow to call a collection of tasks just like `group`. `group` will be removed in order to not cause confusion with the new ConfigurableGroup which will be the offical way to create groups with addition of group-wide configuations.
[2026-01-03 21:51:36,187][lm-eval][WARNING] - Overwriting default num_fewshot of _ro_winogrande from None to 5
[2026-01-03 21:51:36,187][lm-eval][INFO] - Setting fewshot random generator seed to 23
[2026-01-03 21:51:36,192][lm-eval][INFO] - Building contexts for _ro_winogrande on rank 0...
[2026-01-03 21:51:36,306][lm-eval][INFO] - Running loglikelihood requests
[2026-01-03 21:52:06,141][lm-eval][WARNING] - Failed to get model SHA for outputs/milestone_meta-llama_Llama-3.2-1B-Instruct_r16/merged/checkpoint-381 at revision main. Error: Repo id must be in the form 'repo_name' or 'namespace/repo_name': 'outputs/milestone_meta-llama_Llama-3.2-1B-Instruct_r16/merged/checkpoint-381'. Use `repo_type` argument if needed.
[2026-01-03 21:52:07,126][__name__][INFO] - ✅ Finished _ro_winogrande
[2026-01-03 21:52:07,220][__name__][INFO] - 💾 Saved partial results: /home/dan-parii/Documents/ContinualPretrainRo/continual_pretrain/eval_results/outputs_milestone_meta-llama_Llama-3.2-1B-Instruct_r16_merged_checkpoint-381/2026-01-03_21-51-26/_ro_winogrande.json
[2026-01-03 21:52:07,220][__name__][INFO] - 🚀 Running evaluation for _ro_belebele | fewshot=0 | limit=1000
[2026-01-03 21:52:07,221][__name__][INFO] - Running outputs/milestone_meta-llama_Llama-3.2-1B-Instruct_r16/merged/checkpoint-381 with apply_chat_template True
[2026-01-03 21:52:07,221][__name__][INFO] - 📝 Using fewshot_as_multiturn=True and custom system instruction
[2026-01-03 21:52:07,222][lm-eval][INFO] - Setting random seed to 23 | Setting numpy seed to 23 | Setting torch manual seed to 23
[2026-01-03 21:52:07,222][lm-eval][INFO] - Initializing hf model, with arguments: {'pretrained': 'outputs/milestone_meta-llama_Llama-3.2-1B-Instruct_r16/merged/checkpoint-381', 'tokenizer': 'outputs/milestone_meta-llama_Llama-3.2-1B-Instruct_r16/merged/checkpoint-381', 'max_length': 4096, 'eval_max_length': 16384, 'truncation': True, 'dtype': 'bfloat16'}
[2026-01-03 21:52:07,224][lm-eval][INFO] - Using device 'cuda'
[2026-01-03 21:52:07,900][lm-eval][INFO] - `group` and `group_alias` keys in tasks' configs will no longer be used in the next release of lm-eval. `tag` will be used to allow to call a collection of tasks just like `group`. `group` will be removed in order to not cause confusion with the new ConfigurableGroup which will be the offical way to create groups with addition of group-wide configuations.
[2026-01-03 21:52:13,561][lm-eval][WARNING] - Overwriting default num_fewshot of _ro_belebele from None to 0
[2026-01-03 21:52:13,561][lm-eval][INFO] - Setting fewshot random generator seed to 23
[2026-01-03 21:52:13,561][lm-eval][INFO] - Building contexts for _ro_belebele on rank 0...
[2026-01-03 21:52:14,214][lm-eval][INFO] - Running loglikelihood requests
[2026-01-03 21:53:07,071][lm-eval][WARNING] - Failed to get model SHA for outputs/milestone_meta-llama_Llama-3.2-1B-Instruct_r16/merged/checkpoint-381 at revision main. Error: Repo id must be in the form 'repo_name' or 'namespace/repo_name': 'outputs/milestone_meta-llama_Llama-3.2-1B-Instruct_r16/merged/checkpoint-381'. Use `repo_type` argument if needed.
[2026-01-03 21:53:08,134][__name__][INFO] - ✅ Finished _ro_belebele
[2026-01-03 21:53:08,225][__name__][INFO] - 💾 Saved partial results: /home/dan-parii/Documents/ContinualPretrainRo/continual_pretrain/eval_results/outputs_milestone_meta-llama_Llama-3.2-1B-Instruct_r16_merged_checkpoint-381/2026-01-03_21-51-26/_ro_belebele.json
[2026-01-03 21:53:08,226][__name__][INFO] - 🚀 Running evaluation for ro_wiki | fewshot=0 | limit=1000
[2026-01-03 21:53:08,226][__name__][INFO] - Running outputs/milestone_meta-llama_Llama-3.2-1B-Instruct_r16/merged/checkpoint-381 with apply_chat_template True
[2026-01-03 21:53:08,227][lm-eval][INFO] - Setting random seed to 23 | Setting numpy seed to 23 | Setting torch manual seed to 23
[2026-01-03 21:53:08,227][lm-eval][INFO] - Initializing hf model, with arguments: {'pretrained': 'outputs/milestone_meta-llama_Llama-3.2-1B-Instruct_r16/merged/checkpoint-381', 'tokenizer': 'outputs/milestone_meta-llama_Llama-3.2-1B-Instruct_r16/merged/checkpoint-381', 'max_length': 4096, 'eval_max_length': 16384, 'truncation': True, 'dtype': 'bfloat16'}
[2026-01-03 21:53:08,228][lm-eval][INFO] - Using device 'cuda'
[2026-01-03 21:53:08,884][lm-eval][INFO] - `group` and `group_alias` keys in tasks' configs will no longer be used in the next release of lm-eval. `tag` will be used to allow to call a collection of tasks just like `group`. `group` will be removed in order to not cause confusion with the new ConfigurableGroup which will be the offical way to create groups with addition of group-wide configuations.
[2026-01-03 21:53:11,842][lm-eval][WARNING] - [Task: ro_wiki] metric word_perplexity is defined, but aggregation is not. using default aggregation=weighted_perplexity
[2026-01-03 21:53:11,842][lm-eval][WARNING] - [Task: ro_wiki] metric word_perplexity is defined, but higher_is_better is not. using default higher_is_better=False
[2026-01-03 21:53:11,842][lm-eval][WARNING] - [Task: ro_wiki] metric byte_perplexity is defined, but aggregation is not. using default aggregation=weighted_perplexity
[2026-01-03 21:53:11,842][lm-eval][WARNING] - [Task: ro_wiki] metric byte_perplexity is defined, but higher_is_better is not. using default higher_is_better=False
[2026-01-03 21:53:11,843][lm-eval][WARNING] - [Task: ro_wiki] metric bits_per_byte is defined, but aggregation is not. using default aggregation=bits_per_byte
[2026-01-03 21:53:11,843][lm-eval][WARNING] - [Task: ro_wiki] metric bits_per_byte is defined, but higher_is_better is not. using default higher_is_better=False
[2026-01-03 21:53:14,984][lm-eval][WARNING] - Overwriting default num_fewshot of ro_wiki from None to 0
[2026-01-03 21:53:14,984][lm-eval][INFO] - Setting fewshot random generator seed to 23
[2026-01-03 21:53:14,985][lm-eval][INFO] - Building contexts for ro_wiki on rank 0...
[2026-01-03 21:53:15,146][lm-eval][INFO] - Running loglikelihood_rolling requests
[2026-01-03 21:53:53,388][lm-eval][WARNING] - Failed to get model SHA for outputs/milestone_meta-llama_Llama-3.2-1B-Instruct_r16/merged/checkpoint-381 at revision main. Error: Repo id must be in the form 'repo_name' or 'namespace/repo_name': 'outputs/milestone_meta-llama_Llama-3.2-1B-Instruct_r16/merged/checkpoint-381'. Use `repo_type` argument if needed.
[2026-01-03 21:53:54,454][__name__][INFO] - ✅ Finished ro_wiki
[2026-01-03 21:53:54,574][__name__][INFO] - 💾 Saved partial results: /home/dan-parii/Documents/ContinualPretrainRo/continual_pretrain/eval_results/outputs_milestone_meta-llama_Llama-3.2-1B-Instruct_r16_merged_checkpoint-381/2026-01-03_21-51-26/ro_wiki.json
[2026-01-03 21:53:54,574][__name__][INFO] - 🚀 Running evaluation for _ro_arc_challenge | fewshot=5 | limit=1000
[2026-01-03 21:53:54,574][__name__][INFO] - Running outputs/milestone_meta-llama_Llama-3.2-1B-Instruct_r16/merged/checkpoint-381 with apply_chat_template True
[2026-01-03 21:53:54,575][__name__][INFO] - 📝 Using fewshot_as_multiturn=True and custom system instruction
[2026-01-03 21:53:54,576][lm-eval][INFO] - Setting random seed to 23 | Setting numpy seed to 23 | Setting torch manual seed to 23
[2026-01-03 21:53:54,576][lm-eval][INFO] - Initializing hf model, with arguments: {'pretrained': 'outputs/milestone_meta-llama_Llama-3.2-1B-Instruct_r16/merged/checkpoint-381', 'tokenizer': 'outputs/milestone_meta-llama_Llama-3.2-1B-Instruct_r16/merged/checkpoint-381', 'max_length': 4096, 'eval_max_length': 16384, 'truncation': True, 'dtype': 'bfloat16'}
[2026-01-03 21:53:54,577][lm-eval][INFO] - Using device 'cuda'
[2026-01-03 21:53:55,232][lm-eval][INFO] - `group` and `group_alias` keys in tasks' configs will no longer be used in the next release of lm-eval. `tag` will be used to allow to call a collection of tasks just like `group`. `group` will be removed in order to not cause confusion with the new ConfigurableGroup which will be the offical way to create groups with addition of group-wide configuations.
[2026-01-03 21:54:09,836][datasets.load][WARNING] - Using the latest cached version of the dataset since OpenLLM-Ro/ro_arc_challenge couldn't be found on the Hugging Face Hub
[2026-01-03 21:54:09,837][datasets.packaged_modules.cache.cache][WARNING] - Found the latest cached dataset configuration 'default' at /home/dan-parii/.cache/huggingface/datasets/OpenLLM-Ro___ro_arc_challenge/default/0.0.0/015f62cca46ced86894352ce353f1e48a350b7c3 (last modified on Sat Jan  3 19:50:36 2026).
[2026-01-03 21:54:09,885][lm-eval][WARNING] - Overwriting default num_fewshot of _ro_arc_challenge from None to 5
[2026-01-03 21:54:09,885][lm-eval][INFO] - Setting fewshot random generator seed to 23
[2026-01-03 21:54:09,886][lm-eval][INFO] - Building contexts for _ro_arc_challenge on rank 0...
[2026-01-03 21:54:11,498][lm-eval][INFO] - Running loglikelihood requests
[2026-01-03 21:55:41,611][lm-eval][WARNING] - Failed to get model SHA for outputs/milestone_meta-llama_Llama-3.2-1B-Instruct_r16/merged/checkpoint-381 at revision main. Error: Repo id must be in the form 'repo_name' or 'namespace/repo_name': 'outputs/milestone_meta-llama_Llama-3.2-1B-Instruct_r16/merged/checkpoint-381'. Use `repo_type` argument if needed.
[2026-01-03 21:55:42,816][__name__][INFO] - ✅ Finished _ro_arc_challenge
[2026-01-03 21:55:43,007][__name__][INFO] - 💾 Saved partial results: /home/dan-parii/Documents/ContinualPretrainRo/continual_pretrain/eval_results/outputs_milestone_meta-llama_Llama-3.2-1B-Instruct_r16_merged_checkpoint-381/2026-01-03_21-51-26/_ro_arc_challenge.json
[2026-01-03 21:55:43,007][__name__][INFO] - 🚀 Running evaluation for arc_challenge | fewshot=5 | limit=1000
[2026-01-03 21:55:43,008][__name__][INFO] - Running outputs/milestone_meta-llama_Llama-3.2-1B-Instruct_r16/merged/checkpoint-381 with apply_chat_template True
[2026-01-03 21:55:43,008][__name__][INFO] - 📝 Using fewshot_as_multiturn=True and custom system instruction
[2026-01-03 21:55:43,009][lm-eval][INFO] - Setting random seed to 23 | Setting numpy seed to 23 | Setting torch manual seed to 23
[2026-01-03 21:55:43,010][lm-eval][INFO] - Initializing hf model, with arguments: {'pretrained': 'outputs/milestone_meta-llama_Llama-3.2-1B-Instruct_r16/merged/checkpoint-381', 'tokenizer': 'outputs/milestone_meta-llama_Llama-3.2-1B-Instruct_r16/merged/checkpoint-381', 'max_length': 4096, 'eval_max_length': 16384, 'truncation': True, 'dtype': 'bfloat16'}
[2026-01-03 21:55:43,011][lm-eval][INFO] - Using device 'cuda'
[2026-01-03 21:55:43,662][lm-eval][INFO] - `group` and `group_alias` keys in tasks' configs will no longer be used in the next release of lm-eval. `tag` will be used to allow to call a collection of tasks just like `group`. `group` will be removed in order to not cause confusion with the new ConfigurableGroup which will be the offical way to create groups with addition of group-wide configuations.
[2026-01-03 21:55:48,592][lm-eval][WARNING] - Overwriting default num_fewshot of arc_challenge from None to 5
[2026-01-03 21:55:48,592][lm-eval][INFO] - Setting fewshot random generator seed to 23
[2026-01-03 21:55:48,593][lm-eval][INFO] - Building contexts for arc_challenge on rank 0...
[2026-01-03 21:55:52,977][lm-eval][INFO] - Running loglikelihood requests
[2026-01-03 21:56:50,816][lm-eval][WARNING] - Failed to get model SHA for outputs/milestone_meta-llama_Llama-3.2-1B-Instruct_r16/merged/checkpoint-381 at revision main. Error: Repo id must be in the form 'repo_name' or 'namespace/repo_name': 'outputs/milestone_meta-llama_Llama-3.2-1B-Instruct_r16/merged/checkpoint-381'. Use `repo_type` argument if needed.
[2026-01-03 21:56:51,842][__name__][INFO] - ✅ Finished arc_challenge
[2026-01-03 21:56:52,024][__name__][INFO] - 💾 Saved partial results: /home/dan-parii/Documents/ContinualPretrainRo/continual_pretrain/eval_results/outputs_milestone_meta-llama_Llama-3.2-1B-Instruct_r16_merged_checkpoint-381/2026-01-03_21-51-26/arc_challenge.json
[2026-01-03 21:56:52,024][__name__][INFO] - 🚀 Running evaluation for winogrande | fewshot=5 | limit=1000
[2026-01-03 21:56:52,024][__name__][INFO] - Running outputs/milestone_meta-llama_Llama-3.2-1B-Instruct_r16/merged/checkpoint-381 with apply_chat_template True
[2026-01-03 21:56:52,025][__name__][INFO] - 📝 Using fewshot_as_multiturn=True and custom system instruction
[2026-01-03 21:56:52,026][lm-eval][INFO] - Setting random seed to 23 | Setting numpy seed to 23 | Setting torch manual seed to 23
[2026-01-03 21:56:52,026][lm-eval][INFO] - Initializing hf model, with arguments: {'pretrained': 'outputs/milestone_meta-llama_Llama-3.2-1B-Instruct_r16/merged/checkpoint-381', 'tokenizer': 'outputs/milestone_meta-llama_Llama-3.2-1B-Instruct_r16/merged/checkpoint-381', 'max_length': 4096, 'eval_max_length': 16384, 'truncation': True, 'dtype': 'bfloat16'}
[2026-01-03 21:56:52,027][lm-eval][INFO] - Using device 'cuda'
[2026-01-03 21:56:52,864][lm-eval][INFO] - `group` and `group_alias` keys in tasks' configs will no longer be used in the next release of lm-eval. `tag` will be used to allow to call a collection of tasks just like `group`. `group` will be removed in order to not cause confusion with the new ConfigurableGroup which will be the offical way to create groups with addition of group-wide configuations.
[2026-01-03 21:56:55,746][datasets.load][ERROR] - `trust_remote_code` is not supported anymore.
Please check that the Hugging Face dataset 'winogrande' isn't based on a loading script and remove `trust_remote_code`.
If the dataset is based on a loading script, please ask the dataset author to remove it and convert it to a standard format like Parquet.
[2026-01-03 21:57:00,012][lm-eval][WARNING] - Overwriting default num_fewshot of winogrande from None to 5
[2026-01-03 21:57:00,012][lm-eval][INFO] - Setting fewshot random generator seed to 23
[2026-01-03 21:57:00,016][lm-eval][INFO] - Building contexts for winogrande on rank 0...
[2026-01-03 21:57:00,104][lm-eval][INFO] - Running loglikelihood requests
[2026-01-03 21:57:20,604][lm-eval][WARNING] - Failed to get model SHA for outputs/milestone_meta-llama_Llama-3.2-1B-Instruct_r16/merged/checkpoint-381 at revision main. Error: Repo id must be in the form 'repo_name' or 'namespace/repo_name': 'outputs/milestone_meta-llama_Llama-3.2-1B-Instruct_r16/merged/checkpoint-381'. Use `repo_type` argument if needed.
[2026-01-03 21:57:21,686][__name__][INFO] - ✅ Finished winogrande
[2026-01-03 21:57:21,772][__name__][INFO] - 💾 Saved partial results: /home/dan-parii/Documents/ContinualPretrainRo/continual_pretrain/eval_results/outputs_milestone_meta-llama_Llama-3.2-1B-Instruct_r16_merged_checkpoint-381/2026-01-03_21-51-26/winogrande.json
[2026-01-03 21:57:21,772][__name__][INFO] - 🚀 Running evaluation for wikitext | fewshot=5 | limit=1000
[2026-01-03 21:57:21,773][__name__][INFO] - Running outputs/milestone_meta-llama_Llama-3.2-1B-Instruct_r16/merged/checkpoint-381 with apply_chat_template True
[2026-01-03 21:57:21,774][lm-eval][INFO] - Setting random seed to 23 | Setting numpy seed to 23 | Setting torch manual seed to 23
[2026-01-03 21:57:21,774][lm-eval][INFO] - Initializing hf model, with arguments: {'pretrained': 'outputs/milestone_meta-llama_Llama-3.2-1B-Instruct_r16/merged/checkpoint-381', 'tokenizer': 'outputs/milestone_meta-llama_Llama-3.2-1B-Instruct_r16/merged/checkpoint-381', 'max_length': 4096, 'eval_max_length': 16384, 'truncation': True, 'dtype': 'bfloat16'}
[2026-01-03 21:57:21,775][lm-eval][INFO] - Using device 'cuda'
[2026-01-03 21:57:22,438][lm-eval][INFO] - `group` and `group_alias` keys in tasks' configs will no longer be used in the next release of lm-eval. `tag` will be used to allow to call a collection of tasks just like `group`. `group` will be removed in order to not cause confusion with the new ConfigurableGroup which will be the offical way to create groups with addition of group-wide configuations.
[2026-01-03 21:57:25,343][lm-eval][WARNING] - [Task: wikitext] metric word_perplexity is defined, but aggregation is not. using default aggregation=weighted_perplexity
[2026-01-03 21:57:25,344][lm-eval][WARNING] - [Task: wikitext] metric word_perplexity is defined, but higher_is_better is not. using default higher_is_better=False
[2026-01-03 21:57:25,344][lm-eval][WARNING] - [Task: wikitext] metric byte_perplexity is defined, but aggregation is not. using default aggregation=weighted_perplexity
[2026-01-03 21:57:25,344][lm-eval][WARNING] - [Task: wikitext] metric byte_perplexity is defined, but higher_is_better is not. using default higher_is_better=False
[2026-01-03 21:57:25,345][lm-eval][WARNING] - [Task: wikitext] metric bits_per_byte is defined, but aggregation is not. using default aggregation=bits_per_byte
[2026-01-03 21:57:25,345][lm-eval][WARNING] - [Task: wikitext] metric bits_per_byte is defined, but higher_is_better is not. using default higher_is_better=False
[2026-01-03 21:57:25,345][datasets.load][ERROR] - `trust_remote_code` is not supported anymore.
Please check that the Hugging Face dataset 'EleutherAI/wikitext_document_level' isn't based on a loading script and remove `trust_remote_code`.
If the dataset is based on a loading script, please ask the dataset author to remove it and convert it to a standard format like Parquet.
[2026-01-03 21:57:27,704][lm-eval][WARNING] - Overwriting default num_fewshot of wikitext from None to 5
[2026-01-03 21:57:27,704][lm-eval][INFO] - Setting fewshot random generator seed to 23
[2026-01-03 21:57:27,705][lm-eval][INFO] - Building contexts for wikitext on rank 0...
[2026-01-03 21:57:30,521][lm-eval][INFO] - Running loglikelihood_rolling requests
[2026-01-03 21:59:50,135][lm-eval][WARNING] - Failed to get model SHA for outputs/milestone_meta-llama_Llama-3.2-1B-Instruct_r16/merged/checkpoint-381 at revision main. Error: Repo id must be in the form 'repo_name' or 'namespace/repo_name': 'outputs/milestone_meta-llama_Llama-3.2-1B-Instruct_r16/merged/checkpoint-381'. Use `repo_type` argument if needed.
[2026-01-03 21:59:51,257][__name__][INFO] - ✅ Finished wikitext
[2026-01-03 21:59:51,687][__name__][INFO] - 💾 Saved partial results: /home/dan-parii/Documents/ContinualPretrainRo/continual_pretrain/eval_results/outputs_milestone_meta-llama_Llama-3.2-1B-Instruct_r16_merged_checkpoint-381/2026-01-03_21-51-26/wikitext.json
[2026-01-03 21:59:52,577][__name__][INFO] - 📁 Combined results saved to: /home/dan-parii/Documents/ContinualPretrainRo/continual_pretrain/eval_results/outputs_milestone_meta-llama_Llama-3.2-1B-Instruct_r16_merged_checkpoint-381/2026-01-03_21-51-26/eval_results.json
[2026-01-03 21:59:52,578][__name__][INFO] - 📊 Summary:
[2026-01-03 21:59:52,578][__name__][INFO] -   - _ro_winogrande: {'acc,none': 0.499, 'acc_stderr,none': 0.015819268290576817}
[2026-01-03 21:59:52,578][__name__][INFO] -   - _ro_belebele: {'acc_norm,none': 0.28444444444444444, 'acc_norm_stderr,none': 0.015046675709606125}
[2026-01-03 21:59:52,578][__name__][INFO] -   - ro_wiki: {'word_perplexity,none': 107.0147054636205, 'byte_perplexity,none': 1.9935209149611077, 'bits_per_byte,none': 0.9953187414036588}
[2026-01-03 21:59:52,579][__name__][INFO] -   - _ro_arc_challenge: {'acc_norm,none': 0.277, 'acc_norm_stderr,none': 0.014158794845306273}
[2026-01-03 21:59:52,579][__name__][INFO] -   - arc_challenge: {'acc,none': 0.393, 'acc_stderr,none': 0.015452824654081525, 'acc_norm,none': 0.372, 'acc_norm_stderr,none': 0.01529214994204052}
[2026-01-03 21:59:52,579][__name__][INFO] -   - winogrande: {'acc,none': 0.589, 'acc_stderr,none': 0.01556667341859915}
[2026-01-03 21:59:52,579][__name__][INFO] -   - wikitext: {'word_perplexity,none': 17.029843927331658, 'byte_perplexity,none': 1.702414794594975, 'bits_per_byte,none': 0.7675825935434099}
[2026-01-03 21:59:53,675][__name__][INFO] - 📊 W&B run finished
[2026-01-03 22:22:46,909][__name__][INFO] - Starting Romanian evaluation run
[2026-01-03 22:22:47,088][__name__][INFO] - 🚀 CUDA is available. Using GPU: NVIDIA GeForce RTX 3090
[2026-01-03 22:22:47,094][__name__][INFO] - 📁 Results will be saved in: /home/dan-parii/Documents/ContinualPretrainRo/continual_pretrain/eval_results/outputs_milestone_meta-llama_Llama-3.2-1B-Instruct_r16_merged_checkpoint-457/2026-01-03_22-22-47
[2026-01-03 22:22:48,781][__name__][INFO] - 📊 W&B logging enabled with GPU monitoring
[2026-01-03 22:22:48,781][__name__][INFO] - 🚀 Running evaluation for _ro_winogrande | fewshot=5 | limit=1000
[2026-01-03 22:22:48,782][__name__][INFO] - Running outputs/milestone_meta-llama_Llama-3.2-1B-Instruct_r16/merged/checkpoint-457 with apply_chat_template True
[2026-01-03 22:22:48,782][__name__][INFO] - 📝 Using fewshot_as_multiturn=True and custom system instruction
[2026-01-03 22:22:48,783][lm-eval][INFO] - Setting random seed to 23 | Setting numpy seed to 23 | Setting torch manual seed to 23
[2026-01-03 22:22:48,784][lm-eval][INFO] - Initializing hf model, with arguments: {'pretrained': 'outputs/milestone_meta-llama_Llama-3.2-1B-Instruct_r16/merged/checkpoint-457', 'tokenizer': 'outputs/milestone_meta-llama_Llama-3.2-1B-Instruct_r16/merged/checkpoint-457', 'max_length': 4096, 'eval_max_length': 16384, 'truncation': True, 'dtype': 'bfloat16'}
[2026-01-03 22:22:48,839][lm-eval][INFO] - Using device 'cuda'
[2026-01-03 22:22:49,899][lm-eval][INFO] - `group` and `group_alias` keys in tasks' configs will no longer be used in the next release of lm-eval. `tag` will be used to allow to call a collection of tasks just like `group`. `group` will be removed in order to not cause confusion with the new ConfigurableGroup which will be the offical way to create groups with addition of group-wide configuations.
[2026-01-03 22:22:55,591][lm-eval][WARNING] - Overwriting default num_fewshot of _ro_winogrande from None to 5
[2026-01-03 22:22:55,592][lm-eval][INFO] - Setting fewshot random generator seed to 23
[2026-01-03 22:22:55,592][lm-eval][INFO] - Building contexts for _ro_winogrande on rank 0...
[2026-01-03 22:22:55,705][lm-eval][INFO] - Running loglikelihood requests
[2026-01-03 22:23:25,537][lm-eval][WARNING] - Failed to get model SHA for outputs/milestone_meta-llama_Llama-3.2-1B-Instruct_r16/merged/checkpoint-457 at revision main. Error: Repo id must be in the form 'repo_name' or 'namespace/repo_name': 'outputs/milestone_meta-llama_Llama-3.2-1B-Instruct_r16/merged/checkpoint-457'. Use `repo_type` argument if needed.
[2026-01-03 22:23:26,525][__name__][INFO] - ✅ Finished _ro_winogrande
[2026-01-03 22:23:26,618][__name__][INFO] - 💾 Saved partial results: /home/dan-parii/Documents/ContinualPretrainRo/continual_pretrain/eval_results/outputs_milestone_meta-llama_Llama-3.2-1B-Instruct_r16_merged_checkpoint-457/2026-01-03_22-22-47/_ro_winogrande.json
[2026-01-03 22:23:26,618][__name__][INFO] - 🚀 Running evaluation for _ro_belebele | fewshot=0 | limit=1000
[2026-01-03 22:23:26,618][__name__][INFO] - Running outputs/milestone_meta-llama_Llama-3.2-1B-Instruct_r16/merged/checkpoint-457 with apply_chat_template True
[2026-01-03 22:23:26,619][__name__][INFO] - 📝 Using fewshot_as_multiturn=True and custom system instruction
[2026-01-03 22:23:26,620][lm-eval][INFO] - Setting random seed to 23 | Setting numpy seed to 23 | Setting torch manual seed to 23
[2026-01-03 22:23:26,620][lm-eval][INFO] - Initializing hf model, with arguments: {'pretrained': 'outputs/milestone_meta-llama_Llama-3.2-1B-Instruct_r16/merged/checkpoint-457', 'tokenizer': 'outputs/milestone_meta-llama_Llama-3.2-1B-Instruct_r16/merged/checkpoint-457', 'max_length': 4096, 'eval_max_length': 16384, 'truncation': True, 'dtype': 'bfloat16'}
[2026-01-03 22:23:26,621][lm-eval][INFO] - Using device 'cuda'
[2026-01-03 22:23:27,280][lm-eval][INFO] - `group` and `group_alias` keys in tasks' configs will no longer be used in the next release of lm-eval. `tag` will be used to allow to call a collection of tasks just like `group`. `group` will be removed in order to not cause confusion with the new ConfigurableGroup which will be the offical way to create groups with addition of group-wide configuations.
[2026-01-03 22:23:33,268][lm-eval][WARNING] - Overwriting default num_fewshot of _ro_belebele from None to 0
[2026-01-03 22:23:33,269][lm-eval][INFO] - Setting fewshot random generator seed to 23
[2026-01-03 22:23:33,269][lm-eval][INFO] - Building contexts for _ro_belebele on rank 0...
[2026-01-03 22:23:33,928][lm-eval][INFO] - Running loglikelihood requests
[2026-01-03 22:24:26,786][lm-eval][WARNING] - Failed to get model SHA for outputs/milestone_meta-llama_Llama-3.2-1B-Instruct_r16/merged/checkpoint-457 at revision main. Error: Repo id must be in the form 'repo_name' or 'namespace/repo_name': 'outputs/milestone_meta-llama_Llama-3.2-1B-Instruct_r16/merged/checkpoint-457'. Use `repo_type` argument if needed.
[2026-01-03 22:24:27,840][__name__][INFO] - ✅ Finished _ro_belebele
[2026-01-03 22:24:27,930][__name__][INFO] - 💾 Saved partial results: /home/dan-parii/Documents/ContinualPretrainRo/continual_pretrain/eval_results/outputs_milestone_meta-llama_Llama-3.2-1B-Instruct_r16_merged_checkpoint-457/2026-01-03_22-22-47/_ro_belebele.json
[2026-01-03 22:24:27,930][__name__][INFO] - 🚀 Running evaluation for ro_wiki | fewshot=0 | limit=1000
[2026-01-03 22:24:27,930][__name__][INFO] - Running outputs/milestone_meta-llama_Llama-3.2-1B-Instruct_r16/merged/checkpoint-457 with apply_chat_template True
[2026-01-03 22:24:27,931][lm-eval][INFO] - Setting random seed to 23 | Setting numpy seed to 23 | Setting torch manual seed to 23
[2026-01-03 22:24:27,932][lm-eval][INFO] - Initializing hf model, with arguments: {'pretrained': 'outputs/milestone_meta-llama_Llama-3.2-1B-Instruct_r16/merged/checkpoint-457', 'tokenizer': 'outputs/milestone_meta-llama_Llama-3.2-1B-Instruct_r16/merged/checkpoint-457', 'max_length': 4096, 'eval_max_length': 16384, 'truncation': True, 'dtype': 'bfloat16'}
[2026-01-03 22:24:27,933][lm-eval][INFO] - Using device 'cuda'
[2026-01-03 22:24:28,578][lm-eval][INFO] - `group` and `group_alias` keys in tasks' configs will no longer be used in the next release of lm-eval. `tag` will be used to allow to call a collection of tasks just like `group`. `group` will be removed in order to not cause confusion with the new ConfigurableGroup which will be the offical way to create groups with addition of group-wide configuations.
[2026-01-03 22:24:31,486][lm-eval][WARNING] - [Task: ro_wiki] metric word_perplexity is defined, but aggregation is not. using default aggregation=weighted_perplexity
[2026-01-03 22:24:31,487][lm-eval][WARNING] - [Task: ro_wiki] metric word_perplexity is defined, but higher_is_better is not. using default higher_is_better=False
[2026-01-03 22:24:31,487][lm-eval][WARNING] - [Task: ro_wiki] metric byte_perplexity is defined, but aggregation is not. using default aggregation=weighted_perplexity
[2026-01-03 22:24:31,487][lm-eval][WARNING] - [Task: ro_wiki] metric byte_perplexity is defined, but higher_is_better is not. using default higher_is_better=False
[2026-01-03 22:24:31,488][lm-eval][WARNING] - [Task: ro_wiki] metric bits_per_byte is defined, but aggregation is not. using default aggregation=bits_per_byte
[2026-01-03 22:24:31,488][lm-eval][WARNING] - [Task: ro_wiki] metric bits_per_byte is defined, but higher_is_better is not. using default higher_is_better=False
[2026-01-03 22:24:43,945][lm-eval][WARNING] - Overwriting default num_fewshot of ro_wiki from None to 0
[2026-01-03 22:24:43,946][lm-eval][INFO] - Setting fewshot random generator seed to 23
[2026-01-03 22:24:43,947][lm-eval][INFO] - Building contexts for ro_wiki on rank 0...
[2026-01-03 22:24:44,104][lm-eval][INFO] - Running loglikelihood_rolling requests
[2026-01-03 22:25:22,209][lm-eval][WARNING] - Failed to get model SHA for outputs/milestone_meta-llama_Llama-3.2-1B-Instruct_r16/merged/checkpoint-457 at revision main. Error: Repo id must be in the form 'repo_name' or 'namespace/repo_name': 'outputs/milestone_meta-llama_Llama-3.2-1B-Instruct_r16/merged/checkpoint-457'. Use `repo_type` argument if needed.
[2026-01-03 22:25:23,282][__name__][INFO] - ✅ Finished ro_wiki
[2026-01-03 22:25:23,400][__name__][INFO] - 💾 Saved partial results: /home/dan-parii/Documents/ContinualPretrainRo/continual_pretrain/eval_results/outputs_milestone_meta-llama_Llama-3.2-1B-Instruct_r16_merged_checkpoint-457/2026-01-03_22-22-47/ro_wiki.json
[2026-01-03 22:25:23,401][__name__][INFO] - 🚀 Running evaluation for _ro_arc_challenge | fewshot=5 | limit=1000
[2026-01-03 22:25:23,401][__name__][INFO] - Running outputs/milestone_meta-llama_Llama-3.2-1B-Instruct_r16/merged/checkpoint-457 with apply_chat_template True
[2026-01-03 22:25:23,401][__name__][INFO] - 📝 Using fewshot_as_multiturn=True and custom system instruction
[2026-01-03 22:25:23,402][lm-eval][INFO] - Setting random seed to 23 | Setting numpy seed to 23 | Setting torch manual seed to 23
[2026-01-03 22:25:23,403][lm-eval][INFO] - Initializing hf model, with arguments: {'pretrained': 'outputs/milestone_meta-llama_Llama-3.2-1B-Instruct_r16/merged/checkpoint-457', 'tokenizer': 'outputs/milestone_meta-llama_Llama-3.2-1B-Instruct_r16/merged/checkpoint-457', 'max_length': 4096, 'eval_max_length': 16384, 'truncation': True, 'dtype': 'bfloat16'}
[2026-01-03 22:25:23,404][lm-eval][INFO] - Using device 'cuda'
[2026-01-03 22:25:24,050][lm-eval][INFO] - `group` and `group_alias` keys in tasks' configs will no longer be used in the next release of lm-eval. `tag` will be used to allow to call a collection of tasks just like `group`. `group` will be removed in order to not cause confusion with the new ConfigurableGroup which will be the offical way to create groups with addition of group-wide configuations.
[2026-01-03 22:25:29,014][lm-eval][WARNING] - Overwriting default num_fewshot of _ro_arc_challenge from None to 5
[2026-01-03 22:25:29,015][lm-eval][INFO] - Setting fewshot random generator seed to 23
[2026-01-03 22:25:29,015][lm-eval][INFO] - Building contexts for _ro_arc_challenge on rank 0...
[2026-01-03 22:25:30,602][lm-eval][INFO] - Running loglikelihood requests
[2026-01-03 22:27:00,787][lm-eval][WARNING] - Failed to get model SHA for outputs/milestone_meta-llama_Llama-3.2-1B-Instruct_r16/merged/checkpoint-457 at revision main. Error: Repo id must be in the form 'repo_name' or 'namespace/repo_name': 'outputs/milestone_meta-llama_Llama-3.2-1B-Instruct_r16/merged/checkpoint-457'. Use `repo_type` argument if needed.
[2026-01-03 22:27:01,876][__name__][INFO] - ✅ Finished _ro_arc_challenge
[2026-01-03 22:27:02,063][__name__][INFO] - 💾 Saved partial results: /home/dan-parii/Documents/ContinualPretrainRo/continual_pretrain/eval_results/outputs_milestone_meta-llama_Llama-3.2-1B-Instruct_r16_merged_checkpoint-457/2026-01-03_22-22-47/_ro_arc_challenge.json
[2026-01-03 22:27:02,064][__name__][INFO] - 🚀 Running evaluation for arc_challenge | fewshot=5 | limit=1000
[2026-01-03 22:27:02,064][__name__][INFO] - Running outputs/milestone_meta-llama_Llama-3.2-1B-Instruct_r16/merged/checkpoint-457 with apply_chat_template True
[2026-01-03 22:27:02,064][__name__][INFO] - 📝 Using fewshot_as_multiturn=True and custom system instruction
[2026-01-03 22:27:02,066][lm-eval][INFO] - Setting random seed to 23 | Setting numpy seed to 23 | Setting torch manual seed to 23
[2026-01-03 22:27:02,066][lm-eval][INFO] - Initializing hf model, with arguments: {'pretrained': 'outputs/milestone_meta-llama_Llama-3.2-1B-Instruct_r16/merged/checkpoint-457', 'tokenizer': 'outputs/milestone_meta-llama_Llama-3.2-1B-Instruct_r16/merged/checkpoint-457', 'max_length': 4096, 'eval_max_length': 16384, 'truncation': True, 'dtype': 'bfloat16'}
[2026-01-03 22:27:02,067][lm-eval][INFO] - Using device 'cuda'
[2026-01-03 22:27:02,707][lm-eval][INFO] - `group` and `group_alias` keys in tasks' configs will no longer be used in the next release of lm-eval. `tag` will be used to allow to call a collection of tasks just like `group`. `group` will be removed in order to not cause confusion with the new ConfigurableGroup which will be the offical way to create groups with addition of group-wide configuations.
[2026-01-03 22:27:09,137][lm-eval][WARNING] - Overwriting default num_fewshot of arc_challenge from None to 5
[2026-01-03 22:27:09,137][lm-eval][INFO] - Setting fewshot random generator seed to 23
[2026-01-03 22:27:09,138][lm-eval][INFO] - Building contexts for arc_challenge on rank 0...
[2026-01-03 22:27:13,508][lm-eval][INFO] - Running loglikelihood requests
[2026-01-03 22:28:11,296][lm-eval][WARNING] - Failed to get model SHA for outputs/milestone_meta-llama_Llama-3.2-1B-Instruct_r16/merged/checkpoint-457 at revision main. Error: Repo id must be in the form 'repo_name' or 'namespace/repo_name': 'outputs/milestone_meta-llama_Llama-3.2-1B-Instruct_r16/merged/checkpoint-457'. Use `repo_type` argument if needed.
[2026-01-03 22:28:12,326][__name__][INFO] - ✅ Finished arc_challenge
[2026-01-03 22:28:12,509][__name__][INFO] - 💾 Saved partial results: /home/dan-parii/Documents/ContinualPretrainRo/continual_pretrain/eval_results/outputs_milestone_meta-llama_Llama-3.2-1B-Instruct_r16_merged_checkpoint-457/2026-01-03_22-22-47/arc_challenge.json
[2026-01-03 22:28:12,510][__name__][INFO] - 🚀 Running evaluation for winogrande | fewshot=5 | limit=1000
[2026-01-03 22:28:12,510][__name__][INFO] - Running outputs/milestone_meta-llama_Llama-3.2-1B-Instruct_r16/merged/checkpoint-457 with apply_chat_template True
[2026-01-03 22:28:12,510][__name__][INFO] - 📝 Using fewshot_as_multiturn=True and custom system instruction
[2026-01-03 22:28:12,511][lm-eval][INFO] - Setting random seed to 23 | Setting numpy seed to 23 | Setting torch manual seed to 23
[2026-01-03 22:28:12,511][lm-eval][INFO] - Initializing hf model, with arguments: {'pretrained': 'outputs/milestone_meta-llama_Llama-3.2-1B-Instruct_r16/merged/checkpoint-457', 'tokenizer': 'outputs/milestone_meta-llama_Llama-3.2-1B-Instruct_r16/merged/checkpoint-457', 'max_length': 4096, 'eval_max_length': 16384, 'truncation': True, 'dtype': 'bfloat16'}
[2026-01-03 22:28:12,512][lm-eval][INFO] - Using device 'cuda'
[2026-01-03 22:28:13,163][lm-eval][INFO] - `group` and `group_alias` keys in tasks' configs will no longer be used in the next release of lm-eval. `tag` will be used to allow to call a collection of tasks just like `group`. `group` will be removed in order to not cause confusion with the new ConfigurableGroup which will be the offical way to create groups with addition of group-wide configuations.
[2026-01-03 22:28:16,118][datasets.load][ERROR] - `trust_remote_code` is not supported anymore.
Please check that the Hugging Face dataset 'winogrande' isn't based on a loading script and remove `trust_remote_code`.
If the dataset is based on a loading script, please ask the dataset author to remove it and convert it to a standard format like Parquet.
[2026-01-03 22:28:20,258][lm-eval][WARNING] - Overwriting default num_fewshot of winogrande from None to 5
[2026-01-03 22:28:20,258][lm-eval][INFO] - Setting fewshot random generator seed to 23
[2026-01-03 22:28:20,259][lm-eval][INFO] - Building contexts for winogrande on rank 0...
[2026-01-03 22:28:20,349][lm-eval][INFO] - Running loglikelihood requests
[2026-01-03 22:28:40,847][lm-eval][WARNING] - Failed to get model SHA for outputs/milestone_meta-llama_Llama-3.2-1B-Instruct_r16/merged/checkpoint-457 at revision main. Error: Repo id must be in the form 'repo_name' or 'namespace/repo_name': 'outputs/milestone_meta-llama_Llama-3.2-1B-Instruct_r16/merged/checkpoint-457'. Use `repo_type` argument if needed.
[2026-01-03 22:28:41,941][__name__][INFO] - ✅ Finished winogrande
[2026-01-03 22:28:42,028][__name__][INFO] - 💾 Saved partial results: /home/dan-parii/Documents/ContinualPretrainRo/continual_pretrain/eval_results/outputs_milestone_meta-llama_Llama-3.2-1B-Instruct_r16_merged_checkpoint-457/2026-01-03_22-22-47/winogrande.json
[2026-01-03 22:28:42,029][__name__][INFO] - 🚀 Running evaluation for wikitext | fewshot=5 | limit=1000
[2026-01-03 22:28:42,029][__name__][INFO] - Running outputs/milestone_meta-llama_Llama-3.2-1B-Instruct_r16/merged/checkpoint-457 with apply_chat_template True
[2026-01-03 22:28:42,030][lm-eval][INFO] - Setting random seed to 23 | Setting numpy seed to 23 | Setting torch manual seed to 23
[2026-01-03 22:28:42,030][lm-eval][INFO] - Initializing hf model, with arguments: {'pretrained': 'outputs/milestone_meta-llama_Llama-3.2-1B-Instruct_r16/merged/checkpoint-457', 'tokenizer': 'outputs/milestone_meta-llama_Llama-3.2-1B-Instruct_r16/merged/checkpoint-457', 'max_length': 4096, 'eval_max_length': 16384, 'truncation': True, 'dtype': 'bfloat16'}
[2026-01-03 22:28:42,031][lm-eval][INFO] - Using device 'cuda'
[2026-01-03 22:28:42,683][lm-eval][INFO] - `group` and `group_alias` keys in tasks' configs will no longer be used in the next release of lm-eval. `tag` will be used to allow to call a collection of tasks just like `group`. `group` will be removed in order to not cause confusion with the new ConfigurableGroup which will be the offical way to create groups with addition of group-wide configuations.
[2026-01-03 22:28:45,629][lm-eval][WARNING] - [Task: wikitext] metric word_perplexity is defined, but aggregation is not. using default aggregation=weighted_perplexity
[2026-01-03 22:28:45,630][lm-eval][WARNING] - [Task: wikitext] metric word_perplexity is defined, but higher_is_better is not. using default higher_is_better=False
[2026-01-03 22:28:45,630][lm-eval][WARNING] - [Task: wikitext] metric byte_perplexity is defined, but aggregation is not. using default aggregation=weighted_perplexity
[2026-01-03 22:28:45,630][lm-eval][WARNING] - [Task: wikitext] metric byte_perplexity is defined, but higher_is_better is not. using default higher_is_better=False
[2026-01-03 22:28:45,631][lm-eval][WARNING] - [Task: wikitext] metric bits_per_byte is defined, but aggregation is not. using default aggregation=bits_per_byte
[2026-01-03 22:28:45,631][lm-eval][WARNING] - [Task: wikitext] metric bits_per_byte is defined, but higher_is_better is not. using default higher_is_better=False
[2026-01-03 22:28:45,631][datasets.load][ERROR] - `trust_remote_code` is not supported anymore.
Please check that the Hugging Face dataset 'EleutherAI/wikitext_document_level' isn't based on a loading script and remove `trust_remote_code`.
If the dataset is based on a loading script, please ask the dataset author to remove it and convert it to a standard format like Parquet.
[2026-01-03 22:28:47,665][lm-eval][WARNING] - Overwriting default num_fewshot of wikitext from None to 5
[2026-01-03 22:28:47,665][lm-eval][INFO] - Setting fewshot random generator seed to 23
[2026-01-03 22:28:47,666][lm-eval][INFO] - Building contexts for wikitext on rank 0...
[2026-01-03 22:28:50,462][lm-eval][INFO] - Running loglikelihood_rolling requests
[2026-01-03 22:31:09,760][lm-eval][WARNING] - Failed to get model SHA for outputs/milestone_meta-llama_Llama-3.2-1B-Instruct_r16/merged/checkpoint-457 at revision main. Error: Repo id must be in the form 'repo_name' or 'namespace/repo_name': 'outputs/milestone_meta-llama_Llama-3.2-1B-Instruct_r16/merged/checkpoint-457'. Use `repo_type` argument if needed.
[2026-01-03 22:31:10,863][__name__][INFO] - ✅ Finished wikitext
[2026-01-03 22:31:11,308][__name__][INFO] - 💾 Saved partial results: /home/dan-parii/Documents/ContinualPretrainRo/continual_pretrain/eval_results/outputs_milestone_meta-llama_Llama-3.2-1B-Instruct_r16_merged_checkpoint-457/2026-01-03_22-22-47/wikitext.json
[2026-01-03 22:31:12,202][__name__][INFO] - 📁 Combined results saved to: /home/dan-parii/Documents/ContinualPretrainRo/continual_pretrain/eval_results/outputs_milestone_meta-llama_Llama-3.2-1B-Instruct_r16_merged_checkpoint-457/2026-01-03_22-22-47/eval_results.json
[2026-01-03 22:31:12,203][__name__][INFO] - 📊 Summary:
[2026-01-03 22:31:12,203][__name__][INFO] -   - _ro_winogrande: {'acc,none': 0.499, 'acc_stderr,none': 0.015819268290576817}
[2026-01-03 22:31:12,203][__name__][INFO] -   - _ro_belebele: {'acc_norm,none': 0.2866666666666667, 'acc_norm_stderr,none': 0.015081863703787796}
[2026-01-03 22:31:12,203][__name__][INFO] -   - ro_wiki: {'word_perplexity,none': 106.76726218293628, 'byte_perplexity,none': 1.9928397122511614, 'bits_per_byte,none': 0.994825676238236}
[2026-01-03 22:31:12,204][__name__][INFO] -   - _ro_arc_challenge: {'acc_norm,none': 0.272, 'acc_norm_stderr,none': 0.014078856992462642}
[2026-01-03 22:31:12,204][__name__][INFO] -   - arc_challenge: {'acc,none': 0.394, 'acc_stderr,none': 0.015459721957493382, 'acc_norm,none': 0.372, 'acc_norm_stderr,none': 0.01529214994204052}
[2026-01-03 22:31:12,204][__name__][INFO] -   - winogrande: {'acc,none': 0.593, 'acc_stderr,none': 0.015543249100255474}
[2026-01-03 22:31:12,204][__name__][INFO] -   - wikitext: {'word_perplexity,none': 17.045736713836995, 'byte_perplexity,none': 1.7027128470691195, 'bits_per_byte,none': 0.767835153137482}
[2026-01-03 22:31:13,406][__name__][INFO] - 📊 W&B run finished
[2026-01-03 22:54:12,528][__name__][INFO] - Starting Romanian evaluation run
[2026-01-03 22:54:12,710][__name__][INFO] - 🚀 CUDA is available. Using GPU: NVIDIA GeForce RTX 3090
[2026-01-03 22:54:12,717][__name__][INFO] - 📁 Results will be saved in: /home/dan-parii/Documents/ContinualPretrainRo/continual_pretrain/eval_results/outputs_milestone_meta-llama_Llama-3.2-1B-Instruct_r16_merged_checkpoint-534/2026-01-03_22-54-12
[2026-01-03 22:54:14,389][__name__][INFO] - 📊 W&B logging enabled with GPU monitoring
[2026-01-03 22:54:14,389][__name__][INFO] - 🚀 Running evaluation for _ro_winogrande | fewshot=5 | limit=1000
[2026-01-03 22:54:14,389][__name__][INFO] - Running outputs/milestone_meta-llama_Llama-3.2-1B-Instruct_r16/merged/checkpoint-534 with apply_chat_template True
[2026-01-03 22:54:14,390][__name__][INFO] - 📝 Using fewshot_as_multiturn=True and custom system instruction
[2026-01-03 22:54:14,392][lm-eval][INFO] - Setting random seed to 23 | Setting numpy seed to 23 | Setting torch manual seed to 23
[2026-01-03 22:54:14,392][lm-eval][INFO] - Initializing hf model, with arguments: {'pretrained': 'outputs/milestone_meta-llama_Llama-3.2-1B-Instruct_r16/merged/checkpoint-534', 'tokenizer': 'outputs/milestone_meta-llama_Llama-3.2-1B-Instruct_r16/merged/checkpoint-534', 'max_length': 4096, 'eval_max_length': 16384, 'truncation': True, 'dtype': 'bfloat16'}
[2026-01-03 22:54:14,451][lm-eval][INFO] - Using device 'cuda'
[2026-01-03 22:54:15,256][lm-eval][INFO] - `group` and `group_alias` keys in tasks' configs will no longer be used in the next release of lm-eval. `tag` will be used to allow to call a collection of tasks just like `group`. `group` will be removed in order to not cause confusion with the new ConfigurableGroup which will be the offical way to create groups with addition of group-wide configuations.
[2026-01-03 22:54:20,616][lm-eval][WARNING] - Overwriting default num_fewshot of _ro_winogrande from None to 5
[2026-01-03 22:54:20,616][lm-eval][INFO] - Setting fewshot random generator seed to 23
[2026-01-03 22:54:20,620][lm-eval][INFO] - Building contexts for _ro_winogrande on rank 0...
[2026-01-03 22:54:20,733][lm-eval][INFO] - Running loglikelihood requests
[2026-01-03 22:54:50,569][lm-eval][WARNING] - Failed to get model SHA for outputs/milestone_meta-llama_Llama-3.2-1B-Instruct_r16/merged/checkpoint-534 at revision main. Error: Repo id must be in the form 'repo_name' or 'namespace/repo_name': 'outputs/milestone_meta-llama_Llama-3.2-1B-Instruct_r16/merged/checkpoint-534'. Use `repo_type` argument if needed.
[2026-01-03 22:54:51,554][__name__][INFO] - ✅ Finished _ro_winogrande
[2026-01-03 22:54:51,647][__name__][INFO] - 💾 Saved partial results: /home/dan-parii/Documents/ContinualPretrainRo/continual_pretrain/eval_results/outputs_milestone_meta-llama_Llama-3.2-1B-Instruct_r16_merged_checkpoint-534/2026-01-03_22-54-12/_ro_winogrande.json
[2026-01-03 22:54:51,647][__name__][INFO] - 🚀 Running evaluation for _ro_belebele | fewshot=0 | limit=1000
[2026-01-03 22:54:51,647][__name__][INFO] - Running outputs/milestone_meta-llama_Llama-3.2-1B-Instruct_r16/merged/checkpoint-534 with apply_chat_template True
[2026-01-03 22:54:51,648][__name__][INFO] - 📝 Using fewshot_as_multiturn=True and custom system instruction
[2026-01-03 22:54:51,649][lm-eval][INFO] - Setting random seed to 23 | Setting numpy seed to 23 | Setting torch manual seed to 23
[2026-01-03 22:54:51,649][lm-eval][INFO] - Initializing hf model, with arguments: {'pretrained': 'outputs/milestone_meta-llama_Llama-3.2-1B-Instruct_r16/merged/checkpoint-534', 'tokenizer': 'outputs/milestone_meta-llama_Llama-3.2-1B-Instruct_r16/merged/checkpoint-534', 'max_length': 4096, 'eval_max_length': 16384, 'truncation': True, 'dtype': 'bfloat16'}
[2026-01-03 22:54:51,650][lm-eval][INFO] - Using device 'cuda'
[2026-01-03 22:54:52,321][lm-eval][INFO] - `group` and `group_alias` keys in tasks' configs will no longer be used in the next release of lm-eval. `tag` will be used to allow to call a collection of tasks just like `group`. `group` will be removed in order to not cause confusion with the new ConfigurableGroup which will be the offical way to create groups with addition of group-wide configuations.
[2026-01-03 22:54:57,240][lm-eval][WARNING] - Overwriting default num_fewshot of _ro_belebele from None to 0
[2026-01-03 22:54:57,241][lm-eval][INFO] - Setting fewshot random generator seed to 23
[2026-01-03 22:54:57,241][lm-eval][INFO] - Building contexts for _ro_belebele on rank 0...
[2026-01-03 22:54:57,889][lm-eval][INFO] - Running loglikelihood requests
[2026-01-03 22:55:50,851][lm-eval][WARNING] - Failed to get model SHA for outputs/milestone_meta-llama_Llama-3.2-1B-Instruct_r16/merged/checkpoint-534 at revision main. Error: Repo id must be in the form 'repo_name' or 'namespace/repo_name': 'outputs/milestone_meta-llama_Llama-3.2-1B-Instruct_r16/merged/checkpoint-534'. Use `repo_type` argument if needed.
[2026-01-03 22:55:51,895][__name__][INFO] - ✅ Finished _ro_belebele
[2026-01-03 22:55:51,989][__name__][INFO] - 💾 Saved partial results: /home/dan-parii/Documents/ContinualPretrainRo/continual_pretrain/eval_results/outputs_milestone_meta-llama_Llama-3.2-1B-Instruct_r16_merged_checkpoint-534/2026-01-03_22-54-12/_ro_belebele.json
[2026-01-03 22:55:51,989][__name__][INFO] - 🚀 Running evaluation for ro_wiki | fewshot=0 | limit=1000
[2026-01-03 22:55:51,990][__name__][INFO] - Running outputs/milestone_meta-llama_Llama-3.2-1B-Instruct_r16/merged/checkpoint-534 with apply_chat_template True
[2026-01-03 22:55:51,991][lm-eval][INFO] - Setting random seed to 23 | Setting numpy seed to 23 | Setting torch manual seed to 23
[2026-01-03 22:55:51,991][lm-eval][INFO] - Initializing hf model, with arguments: {'pretrained': 'outputs/milestone_meta-llama_Llama-3.2-1B-Instruct_r16/merged/checkpoint-534', 'tokenizer': 'outputs/milestone_meta-llama_Llama-3.2-1B-Instruct_r16/merged/checkpoint-534', 'max_length': 4096, 'eval_max_length': 16384, 'truncation': True, 'dtype': 'bfloat16'}
[2026-01-03 22:55:51,992][lm-eval][INFO] - Using device 'cuda'
[2026-01-03 22:55:52,640][lm-eval][INFO] - `group` and `group_alias` keys in tasks' configs will no longer be used in the next release of lm-eval. `tag` will be used to allow to call a collection of tasks just like `group`. `group` will be removed in order to not cause confusion with the new ConfigurableGroup which will be the offical way to create groups with addition of group-wide configuations.
[2026-01-03 22:55:55,713][lm-eval][WARNING] - [Task: ro_wiki] metric word_perplexity is defined, but aggregation is not. using default aggregation=weighted_perplexity
[2026-01-03 22:55:55,713][lm-eval][WARNING] - [Task: ro_wiki] metric word_perplexity is defined, but higher_is_better is not. using default higher_is_better=False
[2026-01-03 22:55:55,713][lm-eval][WARNING] - [Task: ro_wiki] metric byte_perplexity is defined, but aggregation is not. using default aggregation=weighted_perplexity
[2026-01-03 22:55:55,713][lm-eval][WARNING] - [Task: ro_wiki] metric byte_perplexity is defined, but higher_is_better is not. using default higher_is_better=False
[2026-01-03 22:55:55,714][lm-eval][WARNING] - [Task: ro_wiki] metric bits_per_byte is defined, but aggregation is not. using default aggregation=bits_per_byte
[2026-01-03 22:55:55,714][lm-eval][WARNING] - [Task: ro_wiki] metric bits_per_byte is defined, but higher_is_better is not. using default higher_is_better=False
[2026-01-03 22:55:57,765][lm-eval][WARNING] - Overwriting default num_fewshot of ro_wiki from None to 0
[2026-01-03 22:55:57,765][lm-eval][INFO] - Setting fewshot random generator seed to 23
[2026-01-03 22:55:57,767][lm-eval][INFO] - Building contexts for ro_wiki on rank 0...
[2026-01-03 22:55:57,925][lm-eval][INFO] - Running loglikelihood_rolling requests
[2026-01-03 22:56:36,077][lm-eval][WARNING] - Failed to get model SHA for outputs/milestone_meta-llama_Llama-3.2-1B-Instruct_r16/merged/checkpoint-534 at revision main. Error: Repo id must be in the form 'repo_name' or 'namespace/repo_name': 'outputs/milestone_meta-llama_Llama-3.2-1B-Instruct_r16/merged/checkpoint-534'. Use `repo_type` argument if needed.
[2026-01-03 22:56:37,131][__name__][INFO] - ✅ Finished ro_wiki
[2026-01-03 22:56:37,250][__name__][INFO] - 💾 Saved partial results: /home/dan-parii/Documents/ContinualPretrainRo/continual_pretrain/eval_results/outputs_milestone_meta-llama_Llama-3.2-1B-Instruct_r16_merged_checkpoint-534/2026-01-03_22-54-12/ro_wiki.json
[2026-01-03 22:56:37,250][__name__][INFO] - 🚀 Running evaluation for _ro_arc_challenge | fewshot=5 | limit=1000
[2026-01-03 22:56:37,250][__name__][INFO] - Running outputs/milestone_meta-llama_Llama-3.2-1B-Instruct_r16/merged/checkpoint-534 with apply_chat_template True
[2026-01-03 22:56:37,250][__name__][INFO] - 📝 Using fewshot_as_multiturn=True and custom system instruction
[2026-01-03 22:56:37,252][lm-eval][INFO] - Setting random seed to 23 | Setting numpy seed to 23 | Setting torch manual seed to 23
[2026-01-03 22:56:37,252][lm-eval][INFO] - Initializing hf model, with arguments: {'pretrained': 'outputs/milestone_meta-llama_Llama-3.2-1B-Instruct_r16/merged/checkpoint-534', 'tokenizer': 'outputs/milestone_meta-llama_Llama-3.2-1B-Instruct_r16/merged/checkpoint-534', 'max_length': 4096, 'eval_max_length': 16384, 'truncation': True, 'dtype': 'bfloat16'}
[2026-01-03 22:56:37,253][lm-eval][INFO] - Using device 'cuda'
[2026-01-03 22:56:37,902][lm-eval][INFO] - `group` and `group_alias` keys in tasks' configs will no longer be used in the next release of lm-eval. `tag` will be used to allow to call a collection of tasks just like `group`. `group` will be removed in order to not cause confusion with the new ConfigurableGroup which will be the offical way to create groups with addition of group-wide configuations.
[2026-01-03 22:56:42,887][lm-eval][WARNING] - Overwriting default num_fewshot of _ro_arc_challenge from None to 5
[2026-01-03 22:56:42,887][lm-eval][INFO] - Setting fewshot random generator seed to 23
[2026-01-03 22:56:42,889][lm-eval][INFO] - Building contexts for _ro_arc_challenge on rank 0...
[2026-01-03 22:56:44,318][lm-eval][INFO] - Running loglikelihood requests
[2026-01-03 22:58:14,633][lm-eval][WARNING] - Failed to get model SHA for outputs/milestone_meta-llama_Llama-3.2-1B-Instruct_r16/merged/checkpoint-534 at revision main. Error: Repo id must be in the form 'repo_name' or 'namespace/repo_name': 'outputs/milestone_meta-llama_Llama-3.2-1B-Instruct_r16/merged/checkpoint-534'. Use `repo_type` argument if needed.
[2026-01-03 22:58:15,721][__name__][INFO] - ✅ Finished _ro_arc_challenge
[2026-01-03 22:58:15,909][__name__][INFO] - 💾 Saved partial results: /home/dan-parii/Documents/ContinualPretrainRo/continual_pretrain/eval_results/outputs_milestone_meta-llama_Llama-3.2-1B-Instruct_r16_merged_checkpoint-534/2026-01-03_22-54-12/_ro_arc_challenge.json
[2026-01-03 22:58:15,909][__name__][INFO] - 🚀 Running evaluation for arc_challenge | fewshot=5 | limit=1000
[2026-01-03 22:58:15,909][__name__][INFO] - Running outputs/milestone_meta-llama_Llama-3.2-1B-Instruct_r16/merged/checkpoint-534 with apply_chat_template True
[2026-01-03 22:58:15,910][__name__][INFO] - 📝 Using fewshot_as_multiturn=True and custom system instruction
[2026-01-03 22:58:15,911][lm-eval][INFO] - Setting random seed to 23 | Setting numpy seed to 23 | Setting torch manual seed to 23
[2026-01-03 22:58:15,911][lm-eval][INFO] - Initializing hf model, with arguments: {'pretrained': 'outputs/milestone_meta-llama_Llama-3.2-1B-Instruct_r16/merged/checkpoint-534', 'tokenizer': 'outputs/milestone_meta-llama_Llama-3.2-1B-Instruct_r16/merged/checkpoint-534', 'max_length': 4096, 'eval_max_length': 16384, 'truncation': True, 'dtype': 'bfloat16'}
[2026-01-03 22:58:15,912][lm-eval][INFO] - Using device 'cuda'
[2026-01-03 22:58:16,557][lm-eval][INFO] - `group` and `group_alias` keys in tasks' configs will no longer be used in the next release of lm-eval. `tag` will be used to allow to call a collection of tasks just like `group`. `group` will be removed in order to not cause confusion with the new ConfigurableGroup which will be the offical way to create groups with addition of group-wide configuations.
[2026-01-03 22:58:22,831][lm-eval][WARNING] - Overwriting default num_fewshot of arc_challenge from None to 5
[2026-01-03 22:58:22,832][lm-eval][INFO] - Setting fewshot random generator seed to 23
[2026-01-03 22:58:22,832][lm-eval][INFO] - Building contexts for arc_challenge on rank 0...
[2026-01-03 22:58:27,269][lm-eval][INFO] - Running loglikelihood requests
[2026-01-03 22:59:25,090][lm-eval][WARNING] - Failed to get model SHA for outputs/milestone_meta-llama_Llama-3.2-1B-Instruct_r16/merged/checkpoint-534 at revision main. Error: Repo id must be in the form 'repo_name' or 'namespace/repo_name': 'outputs/milestone_meta-llama_Llama-3.2-1B-Instruct_r16/merged/checkpoint-534'. Use `repo_type` argument if needed.
[2026-01-03 22:59:26,127][__name__][INFO] - ✅ Finished arc_challenge
[2026-01-03 22:59:26,310][__name__][INFO] - 💾 Saved partial results: /home/dan-parii/Documents/ContinualPretrainRo/continual_pretrain/eval_results/outputs_milestone_meta-llama_Llama-3.2-1B-Instruct_r16_merged_checkpoint-534/2026-01-03_22-54-12/arc_challenge.json
[2026-01-03 22:59:26,310][__name__][INFO] - 🚀 Running evaluation for winogrande | fewshot=5 | limit=1000
[2026-01-03 22:59:26,311][__name__][INFO] - Running outputs/milestone_meta-llama_Llama-3.2-1B-Instruct_r16/merged/checkpoint-534 with apply_chat_template True
[2026-01-03 22:59:26,311][__name__][INFO] - 📝 Using fewshot_as_multiturn=True and custom system instruction
[2026-01-03 22:59:26,312][lm-eval][INFO] - Setting random seed to 23 | Setting numpy seed to 23 | Setting torch manual seed to 23
[2026-01-03 22:59:26,312][lm-eval][INFO] - Initializing hf model, with arguments: {'pretrained': 'outputs/milestone_meta-llama_Llama-3.2-1B-Instruct_r16/merged/checkpoint-534', 'tokenizer': 'outputs/milestone_meta-llama_Llama-3.2-1B-Instruct_r16/merged/checkpoint-534', 'max_length': 4096, 'eval_max_length': 16384, 'truncation': True, 'dtype': 'bfloat16'}
[2026-01-03 22:59:26,313][lm-eval][INFO] - Using device 'cuda'
[2026-01-03 22:59:26,977][lm-eval][INFO] - `group` and `group_alias` keys in tasks' configs will no longer be used in the next release of lm-eval. `tag` will be used to allow to call a collection of tasks just like `group`. `group` will be removed in order to not cause confusion with the new ConfigurableGroup which will be the offical way to create groups with addition of group-wide configuations.
[2026-01-03 22:59:29,928][datasets.load][ERROR] - `trust_remote_code` is not supported anymore.
Please check that the Hugging Face dataset 'winogrande' isn't based on a loading script and remove `trust_remote_code`.
If the dataset is based on a loading script, please ask the dataset author to remove it and convert it to a standard format like Parquet.
[2026-01-03 22:59:35,841][lm-eval][WARNING] - Overwriting default num_fewshot of winogrande from None to 5
[2026-01-03 22:59:35,842][lm-eval][INFO] - Setting fewshot random generator seed to 23
[2026-01-03 22:59:35,846][lm-eval][INFO] - Building contexts for winogrande on rank 0...
[2026-01-03 22:59:35,938][lm-eval][INFO] - Running loglikelihood requests
[2026-01-03 22:59:56,427][lm-eval][WARNING] - Failed to get model SHA for outputs/milestone_meta-llama_Llama-3.2-1B-Instruct_r16/merged/checkpoint-534 at revision main. Error: Repo id must be in the form 'repo_name' or 'namespace/repo_name': 'outputs/milestone_meta-llama_Llama-3.2-1B-Instruct_r16/merged/checkpoint-534'. Use `repo_type` argument if needed.
[2026-01-03 22:59:57,529][__name__][INFO] - ✅ Finished winogrande
[2026-01-03 22:59:57,617][__name__][INFO] - 💾 Saved partial results: /home/dan-parii/Documents/ContinualPretrainRo/continual_pretrain/eval_results/outputs_milestone_meta-llama_Llama-3.2-1B-Instruct_r16_merged_checkpoint-534/2026-01-03_22-54-12/winogrande.json
[2026-01-03 22:59:57,617][__name__][INFO] - 🚀 Running evaluation for wikitext | fewshot=5 | limit=1000
[2026-01-03 22:59:57,617][__name__][INFO] - Running outputs/milestone_meta-llama_Llama-3.2-1B-Instruct_r16/merged/checkpoint-534 with apply_chat_template True
[2026-01-03 22:59:57,618][lm-eval][INFO] - Setting random seed to 23 | Setting numpy seed to 23 | Setting torch manual seed to 23
[2026-01-03 22:59:57,618][lm-eval][INFO] - Initializing hf model, with arguments: {'pretrained': 'outputs/milestone_meta-llama_Llama-3.2-1B-Instruct_r16/merged/checkpoint-534', 'tokenizer': 'outputs/milestone_meta-llama_Llama-3.2-1B-Instruct_r16/merged/checkpoint-534', 'max_length': 4096, 'eval_max_length': 16384, 'truncation': True, 'dtype': 'bfloat16'}
[2026-01-03 22:59:57,620][lm-eval][INFO] - Using device 'cuda'
[2026-01-03 22:59:58,279][lm-eval][INFO] - `group` and `group_alias` keys in tasks' configs will no longer be used in the next release of lm-eval. `tag` will be used to allow to call a collection of tasks just like `group`. `group` will be removed in order to not cause confusion with the new ConfigurableGroup which will be the offical way to create groups with addition of group-wide configuations.
[2026-01-03 23:00:01,240][lm-eval][WARNING] - [Task: wikitext] metric word_perplexity is defined, but aggregation is not. using default aggregation=weighted_perplexity
[2026-01-03 23:00:01,240][lm-eval][WARNING] - [Task: wikitext] metric word_perplexity is defined, but higher_is_better is not. using default higher_is_better=False
[2026-01-03 23:00:01,241][lm-eval][WARNING] - [Task: wikitext] metric byte_perplexity is defined, but aggregation is not. using default aggregation=weighted_perplexity
[2026-01-03 23:00:01,241][lm-eval][WARNING] - [Task: wikitext] metric byte_perplexity is defined, but higher_is_better is not. using default higher_is_better=False
[2026-01-03 23:00:01,241][lm-eval][WARNING] - [Task: wikitext] metric bits_per_byte is defined, but aggregation is not. using default aggregation=bits_per_byte
[2026-01-03 23:00:01,241][lm-eval][WARNING] - [Task: wikitext] metric bits_per_byte is defined, but higher_is_better is not. using default higher_is_better=False
[2026-01-03 23:00:01,242][datasets.load][ERROR] - `trust_remote_code` is not supported anymore.
Please check that the Hugging Face dataset 'EleutherAI/wikitext_document_level' isn't based on a loading script and remove `trust_remote_code`.
If the dataset is based on a loading script, please ask the dataset author to remove it and convert it to a standard format like Parquet.
[2026-01-03 23:00:12,259][datasets.load][WARNING] - Using the latest cached version of the dataset since EleutherAI/wikitext_document_level couldn't be found on the Hugging Face Hub
[2026-01-03 23:00:12,260][datasets.packaged_modules.cache.cache][WARNING] - Found the latest cached dataset configuration 'wikitext-2-raw-v1' at /home/dan-parii/.cache/huggingface/datasets/EleutherAI___wikitext_document_level/wikitext-2-raw-v1/0.0.0/647234772b9554e208af6c826f23b99e3cac88c8 (last modified on Sat Jan  3 20:23:12 2026).
[2026-01-03 23:00:12,280][lm-eval][WARNING] - Overwriting default num_fewshot of wikitext from None to 5
[2026-01-03 23:00:12,281][lm-eval][INFO] - Setting fewshot random generator seed to 23
[2026-01-03 23:00:12,282][lm-eval][INFO] - Building contexts for wikitext on rank 0...
[2026-01-03 23:00:15,104][lm-eval][INFO] - Running loglikelihood_rolling requests
[2026-01-03 23:02:34,002][lm-eval][WARNING] - Failed to get model SHA for outputs/milestone_meta-llama_Llama-3.2-1B-Instruct_r16/merged/checkpoint-534 at revision main. Error: Repo id must be in the form 'repo_name' or 'namespace/repo_name': 'outputs/milestone_meta-llama_Llama-3.2-1B-Instruct_r16/merged/checkpoint-534'. Use `repo_type` argument if needed.
[2026-01-03 23:02:35,136][__name__][INFO] - ✅ Finished wikitext
[2026-01-03 23:02:35,564][__name__][INFO] - 💾 Saved partial results: /home/dan-parii/Documents/ContinualPretrainRo/continual_pretrain/eval_results/outputs_milestone_meta-llama_Llama-3.2-1B-Instruct_r16_merged_checkpoint-534/2026-01-03_22-54-12/wikitext.json
[2026-01-03 23:02:36,453][__name__][INFO] - 📁 Combined results saved to: /home/dan-parii/Documents/ContinualPretrainRo/continual_pretrain/eval_results/outputs_milestone_meta-llama_Llama-3.2-1B-Instruct_r16_merged_checkpoint-534/2026-01-03_22-54-12/eval_results.json
[2026-01-03 23:02:36,454][__name__][INFO] - 📊 Summary:
[2026-01-03 23:02:36,454][__name__][INFO] -   - _ro_winogrande: {'acc,none': 0.502, 'acc_stderr,none': 0.01581917337430266}
[2026-01-03 23:02:36,454][__name__][INFO] -   - _ro_belebele: {'acc_norm,none': 0.28444444444444444, 'acc_norm_stderr,none': 0.015046675709606125}
[2026-01-03 23:02:36,454][__name__][INFO] -   - ro_wiki: {'word_perplexity,none': 106.3087555648088, 'byte_perplexity,none': 1.9915738947235964, 'bits_per_byte,none': 0.9939090099925784}
[2026-01-03 23:02:36,454][__name__][INFO] -   - _ro_arc_challenge: {'acc_norm,none': 0.267, 'acc_norm_stderr,none': 0.013996674851796299}
[2026-01-03 23:02:36,455][__name__][INFO] -   - arc_challenge: {'acc,none': 0.391, 'acc_stderr,none': 0.015438826294681775, 'acc_norm,none': 0.373, 'acc_norm_stderr,none': 0.015300493622922927}
[2026-01-03 23:02:36,455][__name__][INFO] -   - winogrande: {'acc,none': 0.597, 'acc_stderr,none': 0.015518757419066512}
[2026-01-03 23:02:36,455][__name__][INFO] -   - wikitext: {'word_perplexity,none': 17.041808037980893, 'byte_perplexity,none': 1.7026391899016564, 'bits_per_byte,none': 0.7677727426559294}
[2026-01-03 23:02:37,633][__name__][INFO] - 📊 W&B run finished
[2026-01-03 23:25:19,024][__name__][INFO] - Starting Romanian evaluation run
[2026-01-03 23:25:19,210][__name__][INFO] - 🚀 CUDA is available. Using GPU: NVIDIA GeForce RTX 3090
[2026-01-03 23:25:19,217][__name__][INFO] - 📁 Results will be saved in: /home/dan-parii/Documents/ContinualPretrainRo/continual_pretrain/eval_results/outputs_milestone_meta-llama_Llama-3.2-1B-Instruct_r16_merged_checkpoint-610/2026-01-03_23-25-19
[2026-01-03 23:25:20,864][__name__][INFO] - 📊 W&B logging enabled with GPU monitoring
[2026-01-03 23:25:20,864][__name__][INFO] - 🚀 Running evaluation for _ro_winogrande | fewshot=5 | limit=1000
[2026-01-03 23:25:20,865][__name__][INFO] - Running outputs/milestone_meta-llama_Llama-3.2-1B-Instruct_r16/merged/checkpoint-610 with apply_chat_template True
[2026-01-03 23:25:20,865][__name__][INFO] - 📝 Using fewshot_as_multiturn=True and custom system instruction
[2026-01-03 23:25:20,867][lm-eval][INFO] - Setting random seed to 23 | Setting numpy seed to 23 | Setting torch manual seed to 23
[2026-01-03 23:25:20,867][lm-eval][INFO] - Initializing hf model, with arguments: {'pretrained': 'outputs/milestone_meta-llama_Llama-3.2-1B-Instruct_r16/merged/checkpoint-610', 'tokenizer': 'outputs/milestone_meta-llama_Llama-3.2-1B-Instruct_r16/merged/checkpoint-610', 'max_length': 4096, 'eval_max_length': 16384, 'truncation': True, 'dtype': 'bfloat16'}
[2026-01-03 23:25:20,915][lm-eval][INFO] - Using device 'cuda'
[2026-01-03 23:25:21,801][lm-eval][INFO] - `group` and `group_alias` keys in tasks' configs will no longer be used in the next release of lm-eval. `tag` will be used to allow to call a collection of tasks just like `group`. `group` will be removed in order to not cause confusion with the new ConfigurableGroup which will be the offical way to create groups with addition of group-wide configuations.
[2026-01-03 23:25:27,138][lm-eval][WARNING] - Overwriting default num_fewshot of _ro_winogrande from None to 5
[2026-01-03 23:25:27,138][lm-eval][INFO] - Setting fewshot random generator seed to 23
[2026-01-03 23:25:27,139][lm-eval][INFO] - Building contexts for _ro_winogrande on rank 0...
[2026-01-03 23:25:27,253][lm-eval][INFO] - Running loglikelihood requests
[2026-01-03 23:25:57,158][lm-eval][WARNING] - Failed to get model SHA for outputs/milestone_meta-llama_Llama-3.2-1B-Instruct_r16/merged/checkpoint-610 at revision main. Error: Repo id must be in the form 'repo_name' or 'namespace/repo_name': 'outputs/milestone_meta-llama_Llama-3.2-1B-Instruct_r16/merged/checkpoint-610'. Use `repo_type` argument if needed.
[2026-01-03 23:25:58,141][__name__][INFO] - ✅ Finished _ro_winogrande
[2026-01-03 23:25:58,234][__name__][INFO] - 💾 Saved partial results: /home/dan-parii/Documents/ContinualPretrainRo/continual_pretrain/eval_results/outputs_milestone_meta-llama_Llama-3.2-1B-Instruct_r16_merged_checkpoint-610/2026-01-03_23-25-19/_ro_winogrande.json
[2026-01-03 23:25:58,234][__name__][INFO] - 🚀 Running evaluation for _ro_belebele | fewshot=0 | limit=1000
[2026-01-03 23:25:58,234][__name__][INFO] - Running outputs/milestone_meta-llama_Llama-3.2-1B-Instruct_r16/merged/checkpoint-610 with apply_chat_template True
[2026-01-03 23:25:58,235][__name__][INFO] - 📝 Using fewshot_as_multiturn=True and custom system instruction
[2026-01-03 23:25:58,236][lm-eval][INFO] - Setting random seed to 23 | Setting numpy seed to 23 | Setting torch manual seed to 23
[2026-01-03 23:25:58,236][lm-eval][INFO] - Initializing hf model, with arguments: {'pretrained': 'outputs/milestone_meta-llama_Llama-3.2-1B-Instruct_r16/merged/checkpoint-610', 'tokenizer': 'outputs/milestone_meta-llama_Llama-3.2-1B-Instruct_r16/merged/checkpoint-610', 'max_length': 4096, 'eval_max_length': 16384, 'truncation': True, 'dtype': 'bfloat16'}
[2026-01-03 23:25:58,237][lm-eval][INFO] - Using device 'cuda'
[2026-01-03 23:25:58,907][lm-eval][INFO] - `group` and `group_alias` keys in tasks' configs will no longer be used in the next release of lm-eval. `tag` will be used to allow to call a collection of tasks just like `group`. `group` will be removed in order to not cause confusion with the new ConfigurableGroup which will be the offical way to create groups with addition of group-wide configuations.
[2026-01-03 23:26:03,683][lm-eval][WARNING] - Overwriting default num_fewshot of _ro_belebele from None to 0
[2026-01-03 23:26:03,683][lm-eval][INFO] - Setting fewshot random generator seed to 23
[2026-01-03 23:26:03,684][lm-eval][INFO] - Building contexts for _ro_belebele on rank 0...
[2026-01-03 23:26:04,332][lm-eval][INFO] - Running loglikelihood requests
[2026-01-03 23:26:57,170][lm-eval][WARNING] - Failed to get model SHA for outputs/milestone_meta-llama_Llama-3.2-1B-Instruct_r16/merged/checkpoint-610 at revision main. Error: Repo id must be in the form 'repo_name' or 'namespace/repo_name': 'outputs/milestone_meta-llama_Llama-3.2-1B-Instruct_r16/merged/checkpoint-610'. Use `repo_type` argument if needed.
[2026-01-03 23:26:58,232][__name__][INFO] - ✅ Finished _ro_belebele
[2026-01-03 23:26:58,323][__name__][INFO] - 💾 Saved partial results: /home/dan-parii/Documents/ContinualPretrainRo/continual_pretrain/eval_results/outputs_milestone_meta-llama_Llama-3.2-1B-Instruct_r16_merged_checkpoint-610/2026-01-03_23-25-19/_ro_belebele.json
[2026-01-03 23:26:58,323][__name__][INFO] - 🚀 Running evaluation for ro_wiki | fewshot=0 | limit=1000
[2026-01-03 23:26:58,324][__name__][INFO] - Running outputs/milestone_meta-llama_Llama-3.2-1B-Instruct_r16/merged/checkpoint-610 with apply_chat_template True
[2026-01-03 23:26:58,325][lm-eval][INFO] - Setting random seed to 23 | Setting numpy seed to 23 | Setting torch manual seed to 23
[2026-01-03 23:26:58,325][lm-eval][INFO] - Initializing hf model, with arguments: {'pretrained': 'outputs/milestone_meta-llama_Llama-3.2-1B-Instruct_r16/merged/checkpoint-610', 'tokenizer': 'outputs/milestone_meta-llama_Llama-3.2-1B-Instruct_r16/merged/checkpoint-610', 'max_length': 4096, 'eval_max_length': 16384, 'truncation': True, 'dtype': 'bfloat16'}
[2026-01-03 23:26:58,326][lm-eval][INFO] - Using device 'cuda'
[2026-01-03 23:26:58,979][lm-eval][INFO] - `group` and `group_alias` keys in tasks' configs will no longer be used in the next release of lm-eval. `tag` will be used to allow to call a collection of tasks just like `group`. `group` will be removed in order to not cause confusion with the new ConfigurableGroup which will be the offical way to create groups with addition of group-wide configuations.
[2026-01-03 23:27:01,929][lm-eval][WARNING] - [Task: ro_wiki] metric word_perplexity is defined, but aggregation is not. using default aggregation=weighted_perplexity
[2026-01-03 23:27:01,929][lm-eval][WARNING] - [Task: ro_wiki] metric word_perplexity is defined, but higher_is_better is not. using default higher_is_better=False
[2026-01-03 23:27:01,930][lm-eval][WARNING] - [Task: ro_wiki] metric byte_perplexity is defined, but aggregation is not. using default aggregation=weighted_perplexity
[2026-01-03 23:27:01,930][lm-eval][WARNING] - [Task: ro_wiki] metric byte_perplexity is defined, but higher_is_better is not. using default higher_is_better=False
[2026-01-03 23:27:01,930][lm-eval][WARNING] - [Task: ro_wiki] metric bits_per_byte is defined, but aggregation is not. using default aggregation=bits_per_byte
[2026-01-03 23:27:01,930][lm-eval][WARNING] - [Task: ro_wiki] metric bits_per_byte is defined, but higher_is_better is not. using default higher_is_better=False
[2026-01-03 23:27:04,682][lm-eval][WARNING] - Overwriting default num_fewshot of ro_wiki from None to 0
[2026-01-03 23:27:04,682][lm-eval][INFO] - Setting fewshot random generator seed to 23
[2026-01-03 23:27:04,683][lm-eval][INFO] - Building contexts for ro_wiki on rank 0...
[2026-01-03 23:27:04,841][lm-eval][INFO] - Running loglikelihood_rolling requests
[2026-01-03 23:27:43,039][lm-eval][WARNING] - Failed to get model SHA for outputs/milestone_meta-llama_Llama-3.2-1B-Instruct_r16/merged/checkpoint-610 at revision main. Error: Repo id must be in the form 'repo_name' or 'namespace/repo_name': 'outputs/milestone_meta-llama_Llama-3.2-1B-Instruct_r16/merged/checkpoint-610'. Use `repo_type` argument if needed.
[2026-01-03 23:27:44,114][__name__][INFO] - ✅ Finished ro_wiki
[2026-01-03 23:27:44,234][__name__][INFO] - 💾 Saved partial results: /home/dan-parii/Documents/ContinualPretrainRo/continual_pretrain/eval_results/outputs_milestone_meta-llama_Llama-3.2-1B-Instruct_r16_merged_checkpoint-610/2026-01-03_23-25-19/ro_wiki.json
[2026-01-03 23:27:44,234][__name__][INFO] - 🚀 Running evaluation for _ro_arc_challenge | fewshot=5 | limit=1000
[2026-01-03 23:27:44,234][__name__][INFO] - Running outputs/milestone_meta-llama_Llama-3.2-1B-Instruct_r16/merged/checkpoint-610 with apply_chat_template True
[2026-01-03 23:27:44,235][__name__][INFO] - 📝 Using fewshot_as_multiturn=True and custom system instruction
[2026-01-03 23:27:44,236][lm-eval][INFO] - Setting random seed to 23 | Setting numpy seed to 23 | Setting torch manual seed to 23
[2026-01-03 23:27:44,236][lm-eval][INFO] - Initializing hf model, with arguments: {'pretrained': 'outputs/milestone_meta-llama_Llama-3.2-1B-Instruct_r16/merged/checkpoint-610', 'tokenizer': 'outputs/milestone_meta-llama_Llama-3.2-1B-Instruct_r16/merged/checkpoint-610', 'max_length': 4096, 'eval_max_length': 16384, 'truncation': True, 'dtype': 'bfloat16'}
[2026-01-03 23:27:44,238][lm-eval][INFO] - Using device 'cuda'
[2026-01-03 23:27:44,889][lm-eval][INFO] - `group` and `group_alias` keys in tasks' configs will no longer be used in the next release of lm-eval. `tag` will be used to allow to call a collection of tasks just like `group`. `group` will be removed in order to not cause confusion with the new ConfigurableGroup which will be the offical way to create groups with addition of group-wide configuations.
[2026-01-03 23:27:50,546][lm-eval][WARNING] - Overwriting default num_fewshot of _ro_arc_challenge from None to 5
[2026-01-03 23:27:50,546][lm-eval][INFO] - Setting fewshot random generator seed to 23
[2026-01-03 23:27:50,547][lm-eval][INFO] - Building contexts for _ro_arc_challenge on rank 0...
[2026-01-03 23:27:52,149][lm-eval][INFO] - Running loglikelihood requests
[2026-01-03 23:29:22,207][lm-eval][WARNING] - Failed to get model SHA for outputs/milestone_meta-llama_Llama-3.2-1B-Instruct_r16/merged/checkpoint-610 at revision main. Error: Repo id must be in the form 'repo_name' or 'namespace/repo_name': 'outputs/milestone_meta-llama_Llama-3.2-1B-Instruct_r16/merged/checkpoint-610'. Use `repo_type` argument if needed.
[2026-01-03 23:29:23,310][__name__][INFO] - ✅ Finished _ro_arc_challenge
[2026-01-03 23:29:23,498][__name__][INFO] - 💾 Saved partial results: /home/dan-parii/Documents/ContinualPretrainRo/continual_pretrain/eval_results/outputs_milestone_meta-llama_Llama-3.2-1B-Instruct_r16_merged_checkpoint-610/2026-01-03_23-25-19/_ro_arc_challenge.json
[2026-01-03 23:29:23,498][__name__][INFO] - 🚀 Running evaluation for arc_challenge | fewshot=5 | limit=1000
[2026-01-03 23:29:23,498][__name__][INFO] - Running outputs/milestone_meta-llama_Llama-3.2-1B-Instruct_r16/merged/checkpoint-610 with apply_chat_template True
[2026-01-03 23:29:23,499][__name__][INFO] - 📝 Using fewshot_as_multiturn=True and custom system instruction
[2026-01-03 23:29:23,500][lm-eval][INFO] - Setting random seed to 23 | Setting numpy seed to 23 | Setting torch manual seed to 23
[2026-01-03 23:29:23,500][lm-eval][INFO] - Initializing hf model, with arguments: {'pretrained': 'outputs/milestone_meta-llama_Llama-3.2-1B-Instruct_r16/merged/checkpoint-610', 'tokenizer': 'outputs/milestone_meta-llama_Llama-3.2-1B-Instruct_r16/merged/checkpoint-610', 'max_length': 4096, 'eval_max_length': 16384, 'truncation': True, 'dtype': 'bfloat16'}
[2026-01-03 23:29:23,501][lm-eval][INFO] - Using device 'cuda'
[2026-01-03 23:29:24,151][lm-eval][INFO] - `group` and `group_alias` keys in tasks' configs will no longer be used in the next release of lm-eval. `tag` will be used to allow to call a collection of tasks just like `group`. `group` will be removed in order to not cause confusion with the new ConfigurableGroup which will be the offical way to create groups with addition of group-wide configuations.
[2026-01-03 23:29:30,235][lm-eval][WARNING] - Overwriting default num_fewshot of arc_challenge from None to 5
[2026-01-03 23:29:30,235][lm-eval][INFO] - Setting fewshot random generator seed to 23
[2026-01-03 23:29:30,236][lm-eval][INFO] - Building contexts for arc_challenge on rank 0...
[2026-01-03 23:29:34,674][lm-eval][INFO] - Running loglikelihood requests
[2026-01-03 23:30:32,429][lm-eval][WARNING] - Failed to get model SHA for outputs/milestone_meta-llama_Llama-3.2-1B-Instruct_r16/merged/checkpoint-610 at revision main. Error: Repo id must be in the form 'repo_name' or 'namespace/repo_name': 'outputs/milestone_meta-llama_Llama-3.2-1B-Instruct_r16/merged/checkpoint-610'. Use `repo_type` argument if needed.
[2026-01-03 23:30:33,458][__name__][INFO] - ✅ Finished arc_challenge
[2026-01-03 23:30:33,640][__name__][INFO] - 💾 Saved partial results: /home/dan-parii/Documents/ContinualPretrainRo/continual_pretrain/eval_results/outputs_milestone_meta-llama_Llama-3.2-1B-Instruct_r16_merged_checkpoint-610/2026-01-03_23-25-19/arc_challenge.json
[2026-01-03 23:30:33,640][__name__][INFO] - 🚀 Running evaluation for winogrande | fewshot=5 | limit=1000
[2026-01-03 23:30:33,640][__name__][INFO] - Running outputs/milestone_meta-llama_Llama-3.2-1B-Instruct_r16/merged/checkpoint-610 with apply_chat_template True
[2026-01-03 23:30:33,641][__name__][INFO] - 📝 Using fewshot_as_multiturn=True and custom system instruction
[2026-01-03 23:30:33,642][lm-eval][INFO] - Setting random seed to 23 | Setting numpy seed to 23 | Setting torch manual seed to 23
[2026-01-03 23:30:33,642][lm-eval][INFO] - Initializing hf model, with arguments: {'pretrained': 'outputs/milestone_meta-llama_Llama-3.2-1B-Instruct_r16/merged/checkpoint-610', 'tokenizer': 'outputs/milestone_meta-llama_Llama-3.2-1B-Instruct_r16/merged/checkpoint-610', 'max_length': 4096, 'eval_max_length': 16384, 'truncation': True, 'dtype': 'bfloat16'}
[2026-01-03 23:30:33,643][lm-eval][INFO] - Using device 'cuda'
[2026-01-03 23:30:34,474][lm-eval][INFO] - `group` and `group_alias` keys in tasks' configs will no longer be used in the next release of lm-eval. `tag` will be used to allow to call a collection of tasks just like `group`. `group` will be removed in order to not cause confusion with the new ConfigurableGroup which will be the offical way to create groups with addition of group-wide configuations.
[2026-01-03 23:30:37,367][datasets.load][ERROR] - `trust_remote_code` is not supported anymore.
Please check that the Hugging Face dataset 'winogrande' isn't based on a loading script and remove `trust_remote_code`.
If the dataset is based on a loading script, please ask the dataset author to remove it and convert it to a standard format like Parquet.
[2026-01-03 23:30:43,678][lm-eval][WARNING] - Overwriting default num_fewshot of winogrande from None to 5
[2026-01-03 23:30:43,679][lm-eval][INFO] - Setting fewshot random generator seed to 23
[2026-01-03 23:30:43,679][lm-eval][INFO] - Building contexts for winogrande on rank 0...
[2026-01-03 23:30:43,774][lm-eval][INFO] - Running loglikelihood requests
[2026-01-03 23:31:04,248][lm-eval][WARNING] - Failed to get model SHA for outputs/milestone_meta-llama_Llama-3.2-1B-Instruct_r16/merged/checkpoint-610 at revision main. Error: Repo id must be in the form 'repo_name' or 'namespace/repo_name': 'outputs/milestone_meta-llama_Llama-3.2-1B-Instruct_r16/merged/checkpoint-610'. Use `repo_type` argument if needed.
[2026-01-03 23:31:05,336][__name__][INFO] - ✅ Finished winogrande
[2026-01-03 23:31:05,423][__name__][INFO] - 💾 Saved partial results: /home/dan-parii/Documents/ContinualPretrainRo/continual_pretrain/eval_results/outputs_milestone_meta-llama_Llama-3.2-1B-Instruct_r16_merged_checkpoint-610/2026-01-03_23-25-19/winogrande.json
[2026-01-03 23:31:05,424][__name__][INFO] - 🚀 Running evaluation for wikitext | fewshot=5 | limit=1000
[2026-01-03 23:31:05,424][__name__][INFO] - Running outputs/milestone_meta-llama_Llama-3.2-1B-Instruct_r16/merged/checkpoint-610 with apply_chat_template True
[2026-01-03 23:31:05,425][lm-eval][INFO] - Setting random seed to 23 | Setting numpy seed to 23 | Setting torch manual seed to 23
[2026-01-03 23:31:05,426][lm-eval][INFO] - Initializing hf model, with arguments: {'pretrained': 'outputs/milestone_meta-llama_Llama-3.2-1B-Instruct_r16/merged/checkpoint-610', 'tokenizer': 'outputs/milestone_meta-llama_Llama-3.2-1B-Instruct_r16/merged/checkpoint-610', 'max_length': 4096, 'eval_max_length': 16384, 'truncation': True, 'dtype': 'bfloat16'}
[2026-01-03 23:31:05,427][lm-eval][INFO] - Using device 'cuda'
[2026-01-03 23:31:06,091][lm-eval][INFO] - `group` and `group_alias` keys in tasks' configs will no longer be used in the next release of lm-eval. `tag` will be used to allow to call a collection of tasks just like `group`. `group` will be removed in order to not cause confusion with the new ConfigurableGroup which will be the offical way to create groups with addition of group-wide configuations.
[2026-01-03 23:31:09,036][lm-eval][WARNING] - [Task: wikitext] metric word_perplexity is defined, but aggregation is not. using default aggregation=weighted_perplexity
[2026-01-03 23:31:09,036][lm-eval][WARNING] - [Task: wikitext] metric word_perplexity is defined, but higher_is_better is not. using default higher_is_better=False
[2026-01-03 23:31:09,036][lm-eval][WARNING] - [Task: wikitext] metric byte_perplexity is defined, but aggregation is not. using default aggregation=weighted_perplexity
[2026-01-03 23:31:09,036][lm-eval][WARNING] - [Task: wikitext] metric byte_perplexity is defined, but higher_is_better is not. using default higher_is_better=False
[2026-01-03 23:31:09,036][lm-eval][WARNING] - [Task: wikitext] metric bits_per_byte is defined, but aggregation is not. using default aggregation=bits_per_byte
[2026-01-03 23:31:09,037][lm-eval][WARNING] - [Task: wikitext] metric bits_per_byte is defined, but higher_is_better is not. using default higher_is_better=False
[2026-01-03 23:31:09,037][datasets.load][ERROR] - `trust_remote_code` is not supported anymore.
Please check that the Hugging Face dataset 'EleutherAI/wikitext_document_level' isn't based on a loading script and remove `trust_remote_code`.
If the dataset is based on a loading script, please ask the dataset author to remove it and convert it to a standard format like Parquet.
[2026-01-03 23:31:11,707][lm-eval][WARNING] - Overwriting default num_fewshot of wikitext from None to 5
[2026-01-03 23:31:11,707][lm-eval][INFO] - Setting fewshot random generator seed to 23
[2026-01-03 23:31:11,708][lm-eval][INFO] - Building contexts for wikitext on rank 0...
[2026-01-03 23:31:14,530][lm-eval][INFO] - Running loglikelihood_rolling requests
[2026-01-03 23:33:33,979][lm-eval][WARNING] - Failed to get model SHA for outputs/milestone_meta-llama_Llama-3.2-1B-Instruct_r16/merged/checkpoint-610 at revision main. Error: Repo id must be in the form 'repo_name' or 'namespace/repo_name': 'outputs/milestone_meta-llama_Llama-3.2-1B-Instruct_r16/merged/checkpoint-610'. Use `repo_type` argument if needed.
[2026-01-03 23:33:35,103][__name__][INFO] - ✅ Finished wikitext
[2026-01-03 23:33:35,549][__name__][INFO] - 💾 Saved partial results: /home/dan-parii/Documents/ContinualPretrainRo/continual_pretrain/eval_results/outputs_milestone_meta-llama_Llama-3.2-1B-Instruct_r16_merged_checkpoint-610/2026-01-03_23-25-19/wikitext.json
[2026-01-03 23:33:36,446][__name__][INFO] - 📁 Combined results saved to: /home/dan-parii/Documents/ContinualPretrainRo/continual_pretrain/eval_results/outputs_milestone_meta-llama_Llama-3.2-1B-Instruct_r16_merged_checkpoint-610/2026-01-03_23-25-19/eval_results.json
[2026-01-03 23:33:36,447][__name__][INFO] - 📊 Summary:
[2026-01-03 23:33:36,447][__name__][INFO] -   - _ro_winogrande: {'acc,none': 0.498, 'acc_stderr,none': 0.01581917337430266}
[2026-01-03 23:33:36,447][__name__][INFO] -   - _ro_belebele: {'acc_norm,none': 0.2822222222222222, 'acc_norm_stderr,none': 0.015011039301019236}
[2026-01-03 23:33:36,447][__name__][INFO] -   - ro_wiki: {'word_perplexity,none': 106.05728746411833, 'byte_perplexity,none': 1.9908776794826375, 'bits_per_byte,none': 0.9934045838786435}
[2026-01-03 23:33:36,447][__name__][INFO] -   - _ro_arc_challenge: {'acc_norm,none': 0.266, 'acc_norm_stderr,none': 0.013979965645145179}
[2026-01-03 23:33:36,447][__name__][INFO] -   - arc_challenge: {'acc,none': 0.392, 'acc_stderr,none': 0.015445859463771338, 'acc_norm,none': 0.376, 'acc_norm_stderr,none': 0.0153251055088981}
[2026-01-03 23:33:36,447][__name__][INFO] -   - winogrande: {'acc,none': 0.603, 'acc_stderr,none': 0.015480007449307982}
[2026-01-03 23:33:36,448][__name__][INFO] -   - wikitext: {'word_perplexity,none': 17.060268058413683, 'byte_perplexity,none': 1.7029851696376834, 'bits_per_byte,none': 0.7680658714325856}
[2026-01-03 23:33:37,534][__name__][INFO] - 📊 W&B run finished
[2026-01-03 23:56:25,634][__name__][INFO] - Starting Romanian evaluation run
[2026-01-03 23:56:25,816][__name__][INFO] - 🚀 CUDA is available. Using GPU: NVIDIA GeForce RTX 3090
[2026-01-03 23:56:25,824][__name__][INFO] - 📁 Results will be saved in: /home/dan-parii/Documents/ContinualPretrainRo/continual_pretrain/eval_results/outputs_milestone_meta-llama_Llama-3.2-1B-Instruct_r16_merged_checkpoint-686/2026-01-03_23-56-25
[2026-01-03 23:56:27,469][__name__][INFO] - 📊 W&B logging enabled with GPU monitoring
[2026-01-03 23:56:27,470][__name__][INFO] - 🚀 Running evaluation for _ro_winogrande | fewshot=5 | limit=1000
[2026-01-03 23:56:27,470][__name__][INFO] - Running outputs/milestone_meta-llama_Llama-3.2-1B-Instruct_r16/merged/checkpoint-686 with apply_chat_template True
[2026-01-03 23:56:27,470][__name__][INFO] - 📝 Using fewshot_as_multiturn=True and custom system instruction
[2026-01-03 23:56:27,472][lm-eval][INFO] - Setting random seed to 23 | Setting numpy seed to 23 | Setting torch manual seed to 23
[2026-01-03 23:56:27,472][lm-eval][INFO] - Initializing hf model, with arguments: {'pretrained': 'outputs/milestone_meta-llama_Llama-3.2-1B-Instruct_r16/merged/checkpoint-686', 'tokenizer': 'outputs/milestone_meta-llama_Llama-3.2-1B-Instruct_r16/merged/checkpoint-686', 'max_length': 4096, 'eval_max_length': 16384, 'truncation': True, 'dtype': 'bfloat16'}
[2026-01-03 23:56:27,521][lm-eval][INFO] - Using device 'cuda'
[2026-01-03 23:56:28,916][lm-eval][INFO] - `group` and `group_alias` keys in tasks' configs will no longer be used in the next release of lm-eval. `tag` will be used to allow to call a collection of tasks just like `group`. `group` will be removed in order to not cause confusion with the new ConfigurableGroup which will be the offical way to create groups with addition of group-wide configuations.
[2026-01-03 23:56:35,228][lm-eval][WARNING] - Overwriting default num_fewshot of _ro_winogrande from None to 5
[2026-01-03 23:56:35,228][lm-eval][INFO] - Setting fewshot random generator seed to 23
[2026-01-03 23:56:35,229][lm-eval][INFO] - Building contexts for _ro_winogrande on rank 0...
[2026-01-03 23:56:35,341][lm-eval][INFO] - Running loglikelihood requests
[2026-01-03 23:57:05,135][lm-eval][WARNING] - Failed to get model SHA for outputs/milestone_meta-llama_Llama-3.2-1B-Instruct_r16/merged/checkpoint-686 at revision main. Error: Repo id must be in the form 'repo_name' or 'namespace/repo_name': 'outputs/milestone_meta-llama_Llama-3.2-1B-Instruct_r16/merged/checkpoint-686'. Use `repo_type` argument if needed.
[2026-01-03 23:57:06,049][__name__][INFO] - ✅ Finished _ro_winogrande
[2026-01-03 23:57:06,142][__name__][INFO] - 💾 Saved partial results: /home/dan-parii/Documents/ContinualPretrainRo/continual_pretrain/eval_results/outputs_milestone_meta-llama_Llama-3.2-1B-Instruct_r16_merged_checkpoint-686/2026-01-03_23-56-25/_ro_winogrande.json
[2026-01-03 23:57:06,142][__name__][INFO] - 🚀 Running evaluation for _ro_belebele | fewshot=0 | limit=1000
[2026-01-03 23:57:06,143][__name__][INFO] - Running outputs/milestone_meta-llama_Llama-3.2-1B-Instruct_r16/merged/checkpoint-686 with apply_chat_template True
[2026-01-03 23:57:06,143][__name__][INFO] - 📝 Using fewshot_as_multiturn=True and custom system instruction
[2026-01-03 23:57:06,144][lm-eval][INFO] - Setting random seed to 23 | Setting numpy seed to 23 | Setting torch manual seed to 23
[2026-01-03 23:57:06,144][lm-eval][INFO] - Initializing hf model, with arguments: {'pretrained': 'outputs/milestone_meta-llama_Llama-3.2-1B-Instruct_r16/merged/checkpoint-686', 'tokenizer': 'outputs/milestone_meta-llama_Llama-3.2-1B-Instruct_r16/merged/checkpoint-686', 'max_length': 4096, 'eval_max_length': 16384, 'truncation': True, 'dtype': 'bfloat16'}
[2026-01-03 23:57:06,145][lm-eval][INFO] - Using device 'cuda'
[2026-01-03 23:57:06,796][lm-eval][INFO] - `group` and `group_alias` keys in tasks' configs will no longer be used in the next release of lm-eval. `tag` will be used to allow to call a collection of tasks just like `group`. `group` will be removed in order to not cause confusion with the new ConfigurableGroup which will be the offical way to create groups with addition of group-wide configuations.
[2026-01-03 23:57:21,769][datasets.load][WARNING] - Using the latest cached version of the dataset since facebook/belebele couldn't be found on the Hugging Face Hub
[2026-01-03 23:57:21,770][datasets.packaged_modules.cache.cache][WARNING] - Found the latest cached dataset configuration 'ron_Latn' at /home/dan-parii/.cache/huggingface/datasets/facebook___belebele/ron_Latn/0.0.0/7899cdfa4e1e0d733fd77c848e2c273cb1d32be2 (last modified on Sat Jan  3 19:48:43 2026).
[2026-01-03 23:57:21,821][lm-eval][WARNING] - Overwriting default num_fewshot of _ro_belebele from None to 0
[2026-01-03 23:57:21,821][lm-eval][INFO] - Setting fewshot random generator seed to 23
[2026-01-03 23:57:21,822][lm-eval][INFO] - Building contexts for _ro_belebele on rank 0...
[2026-01-03 23:57:22,482][lm-eval][INFO] - Running loglikelihood requests
[2026-01-03 23:58:15,227][lm-eval][WARNING] - Failed to get model SHA for outputs/milestone_meta-llama_Llama-3.2-1B-Instruct_r16/merged/checkpoint-686 at revision main. Error: Repo id must be in the form 'repo_name' or 'namespace/repo_name': 'outputs/milestone_meta-llama_Llama-3.2-1B-Instruct_r16/merged/checkpoint-686'. Use `repo_type` argument if needed.
[2026-01-03 23:58:16,174][__name__][INFO] - ✅ Finished _ro_belebele
[2026-01-03 23:58:16,265][__name__][INFO] - 💾 Saved partial results: /home/dan-parii/Documents/ContinualPretrainRo/continual_pretrain/eval_results/outputs_milestone_meta-llama_Llama-3.2-1B-Instruct_r16_merged_checkpoint-686/2026-01-03_23-56-25/_ro_belebele.json
[2026-01-03 23:58:16,266][__name__][INFO] - 🚀 Running evaluation for ro_wiki | fewshot=0 | limit=1000
[2026-01-03 23:58:16,266][__name__][INFO] - Running outputs/milestone_meta-llama_Llama-3.2-1B-Instruct_r16/merged/checkpoint-686 with apply_chat_template True
[2026-01-03 23:58:16,267][lm-eval][INFO] - Setting random seed to 23 | Setting numpy seed to 23 | Setting torch manual seed to 23
[2026-01-03 23:58:16,267][lm-eval][INFO] - Initializing hf model, with arguments: {'pretrained': 'outputs/milestone_meta-llama_Llama-3.2-1B-Instruct_r16/merged/checkpoint-686', 'tokenizer': 'outputs/milestone_meta-llama_Llama-3.2-1B-Instruct_r16/merged/checkpoint-686', 'max_length': 4096, 'eval_max_length': 16384, 'truncation': True, 'dtype': 'bfloat16'}
[2026-01-03 23:58:16,268][lm-eval][INFO] - Using device 'cuda'
[2026-01-03 23:58:16,901][lm-eval][INFO] - `group` and `group_alias` keys in tasks' configs will no longer be used in the next release of lm-eval. `tag` will be used to allow to call a collection of tasks just like `group`. `group` will be removed in order to not cause confusion with the new ConfigurableGroup which will be the offical way to create groups with addition of group-wide configuations.
[2026-01-03 23:58:19,830][lm-eval][WARNING] - [Task: ro_wiki] metric word_perplexity is defined, but aggregation is not. using default aggregation=weighted_perplexity
[2026-01-03 23:58:19,831][lm-eval][WARNING] - [Task: ro_wiki] metric word_perplexity is defined, but higher_is_better is not. using default higher_is_better=False
[2026-01-03 23:58:19,831][lm-eval][WARNING] - [Task: ro_wiki] metric byte_perplexity is defined, but aggregation is not. using default aggregation=weighted_perplexity
[2026-01-03 23:58:19,831][lm-eval][WARNING] - [Task: ro_wiki] metric byte_perplexity is defined, but higher_is_better is not. using default higher_is_better=False
[2026-01-03 23:58:19,831][lm-eval][WARNING] - [Task: ro_wiki] metric bits_per_byte is defined, but aggregation is not. using default aggregation=bits_per_byte
[2026-01-03 23:58:19,832][lm-eval][WARNING] - [Task: ro_wiki] metric bits_per_byte is defined, but higher_is_better is not. using default higher_is_better=False
[2026-01-03 23:58:31,250][datasets.load][WARNING] - Using the latest cached version of the dataset since OpenLLM-Ro/ro_wiki couldn't be found on the Hugging Face Hub
[2026-01-03 23:58:31,251][datasets.packaged_modules.cache.cache][WARNING] - Found the latest cached dataset configuration 'default' at /home/dan-parii/.cache/huggingface/datasets/OpenLLM-Ro___ro_wiki/default/0.0.0/3499ce1d969f0e16b382491f2083d822f6189244 (last modified on Sat Jan  3 19:49:50 2026).
[2026-01-03 23:58:31,293][lm-eval][WARNING] - Overwriting default num_fewshot of ro_wiki from None to 0
[2026-01-03 23:58:31,294][lm-eval][INFO] - Setting fewshot random generator seed to 23
[2026-01-03 23:58:31,295][lm-eval][INFO] - Building contexts for ro_wiki on rank 0...
[2026-01-03 23:58:31,453][lm-eval][INFO] - Running loglikelihood_rolling requests
[2026-01-03 23:59:09,498][lm-eval][WARNING] - Failed to get model SHA for outputs/milestone_meta-llama_Llama-3.2-1B-Instruct_r16/merged/checkpoint-686 at revision main. Error: Repo id must be in the form 'repo_name' or 'namespace/repo_name': 'outputs/milestone_meta-llama_Llama-3.2-1B-Instruct_r16/merged/checkpoint-686'. Use `repo_type` argument if needed.
[2026-01-03 23:59:10,475][__name__][INFO] - ✅ Finished ro_wiki
[2026-01-03 23:59:10,595][__name__][INFO] - 💾 Saved partial results: /home/dan-parii/Documents/ContinualPretrainRo/continual_pretrain/eval_results/outputs_milestone_meta-llama_Llama-3.2-1B-Instruct_r16_merged_checkpoint-686/2026-01-03_23-56-25/ro_wiki.json
[2026-01-03 23:59:10,595][__name__][INFO] - 🚀 Running evaluation for _ro_arc_challenge | fewshot=5 | limit=1000
[2026-01-03 23:59:10,596][__name__][INFO] - Running outputs/milestone_meta-llama_Llama-3.2-1B-Instruct_r16/merged/checkpoint-686 with apply_chat_template True
[2026-01-03 23:59:10,596][__name__][INFO] - 📝 Using fewshot_as_multiturn=True and custom system instruction
[2026-01-03 23:59:10,597][lm-eval][INFO] - Setting random seed to 23 | Setting numpy seed to 23 | Setting torch manual seed to 23
[2026-01-03 23:59:10,597][lm-eval][INFO] - Initializing hf model, with arguments: {'pretrained': 'outputs/milestone_meta-llama_Llama-3.2-1B-Instruct_r16/merged/checkpoint-686', 'tokenizer': 'outputs/milestone_meta-llama_Llama-3.2-1B-Instruct_r16/merged/checkpoint-686', 'max_length': 4096, 'eval_max_length': 16384, 'truncation': True, 'dtype': 'bfloat16'}
[2026-01-03 23:59:10,599][lm-eval][INFO] - Using device 'cuda'
[2026-01-03 23:59:11,232][lm-eval][INFO] - `group` and `group_alias` keys in tasks' configs will no longer be used in the next release of lm-eval. `tag` will be used to allow to call a collection of tasks just like `group`. `group` will be removed in order to not cause confusion with the new ConfigurableGroup which will be the offical way to create groups with addition of group-wide configuations.
[2026-01-03 23:59:29,196][lm-eval][WARNING] - Overwriting default num_fewshot of _ro_arc_challenge from None to 5
[2026-01-03 23:59:29,197][lm-eval][INFO] - Setting fewshot random generator seed to 23
[2026-01-03 23:59:29,197][lm-eval][INFO] - Building contexts for _ro_arc_challenge on rank 0...
[2026-01-03 23:59:30,814][lm-eval][INFO] - Running loglikelihood requests
[2026-01-04 00:01:00,638][lm-eval][WARNING] - Failed to get model SHA for outputs/milestone_meta-llama_Llama-3.2-1B-Instruct_r16/merged/checkpoint-686 at revision main. Error: Repo id must be in the form 'repo_name' or 'namespace/repo_name': 'outputs/milestone_meta-llama_Llama-3.2-1B-Instruct_r16/merged/checkpoint-686'. Use `repo_type` argument if needed.
[2026-01-04 00:01:01,643][__name__][INFO] - ✅ Finished _ro_arc_challenge
[2026-01-04 00:01:01,833][__name__][INFO] - 💾 Saved partial results: /home/dan-parii/Documents/ContinualPretrainRo/continual_pretrain/eval_results/outputs_milestone_meta-llama_Llama-3.2-1B-Instruct_r16_merged_checkpoint-686/2026-01-03_23-56-25/_ro_arc_challenge.json
[2026-01-04 00:01:01,833][__name__][INFO] - 🚀 Running evaluation for arc_challenge | fewshot=5 | limit=1000
[2026-01-04 00:01:01,833][__name__][INFO] - Running outputs/milestone_meta-llama_Llama-3.2-1B-Instruct_r16/merged/checkpoint-686 with apply_chat_template True
[2026-01-04 00:01:01,834][__name__][INFO] - 📝 Using fewshot_as_multiturn=True and custom system instruction
[2026-01-04 00:01:01,835][lm-eval][INFO] - Setting random seed to 23 | Setting numpy seed to 23 | Setting torch manual seed to 23
[2026-01-04 00:01:01,835][lm-eval][INFO] - Initializing hf model, with arguments: {'pretrained': 'outputs/milestone_meta-llama_Llama-3.2-1B-Instruct_r16/merged/checkpoint-686', 'tokenizer': 'outputs/milestone_meta-llama_Llama-3.2-1B-Instruct_r16/merged/checkpoint-686', 'max_length': 4096, 'eval_max_length': 16384, 'truncation': True, 'dtype': 'bfloat16'}
[2026-01-04 00:01:01,836][lm-eval][INFO] - Using device 'cuda'
[2026-01-04 00:01:02,465][lm-eval][INFO] - `group` and `group_alias` keys in tasks' configs will no longer be used in the next release of lm-eval. `tag` will be used to allow to call a collection of tasks just like `group`. `group` will be removed in order to not cause confusion with the new ConfigurableGroup which will be the offical way to create groups with addition of group-wide configuations.
[2026-01-04 00:01:17,117][lm-eval][WARNING] - Overwriting default num_fewshot of arc_challenge from None to 5
[2026-01-04 00:01:17,117][lm-eval][INFO] - Setting fewshot random generator seed to 23
[2026-01-04 00:01:17,118][lm-eval][INFO] - Building contexts for arc_challenge on rank 0...
[2026-01-04 00:01:21,517][lm-eval][INFO] - Running loglikelihood requests
[2026-01-04 00:02:19,145][lm-eval][WARNING] - Failed to get model SHA for outputs/milestone_meta-llama_Llama-3.2-1B-Instruct_r16/merged/checkpoint-686 at revision main. Error: Repo id must be in the form 'repo_name' or 'namespace/repo_name': 'outputs/milestone_meta-llama_Llama-3.2-1B-Instruct_r16/merged/checkpoint-686'. Use `repo_type` argument if needed.
[2026-01-04 00:02:20,095][__name__][INFO] - ✅ Finished arc_challenge
[2026-01-04 00:02:20,277][__name__][INFO] - 💾 Saved partial results: /home/dan-parii/Documents/ContinualPretrainRo/continual_pretrain/eval_results/outputs_milestone_meta-llama_Llama-3.2-1B-Instruct_r16_merged_checkpoint-686/2026-01-03_23-56-25/arc_challenge.json
[2026-01-04 00:02:20,278][__name__][INFO] - 🚀 Running evaluation for winogrande | fewshot=5 | limit=1000
[2026-01-04 00:02:20,278][__name__][INFO] - Running outputs/milestone_meta-llama_Llama-3.2-1B-Instruct_r16/merged/checkpoint-686 with apply_chat_template True
[2026-01-04 00:02:20,278][__name__][INFO] - 📝 Using fewshot_as_multiturn=True and custom system instruction
[2026-01-04 00:02:20,279][lm-eval][INFO] - Setting random seed to 23 | Setting numpy seed to 23 | Setting torch manual seed to 23
[2026-01-04 00:02:20,280][lm-eval][INFO] - Initializing hf model, with arguments: {'pretrained': 'outputs/milestone_meta-llama_Llama-3.2-1B-Instruct_r16/merged/checkpoint-686', 'tokenizer': 'outputs/milestone_meta-llama_Llama-3.2-1B-Instruct_r16/merged/checkpoint-686', 'max_length': 4096, 'eval_max_length': 16384, 'truncation': True, 'dtype': 'bfloat16'}
[2026-01-04 00:02:20,281][lm-eval][INFO] - Using device 'cuda'
[2026-01-04 00:02:21,082][lm-eval][INFO] - `group` and `group_alias` keys in tasks' configs will no longer be used in the next release of lm-eval. `tag` will be used to allow to call a collection of tasks just like `group`. `group` will be removed in order to not cause confusion with the new ConfigurableGroup which will be the offical way to create groups with addition of group-wide configuations.
[2026-01-04 00:02:23,955][datasets.load][ERROR] - `trust_remote_code` is not supported anymore.
Please check that the Hugging Face dataset 'winogrande' isn't based on a loading script and remove `trust_remote_code`.
If the dataset is based on a loading script, please ask the dataset author to remove it and convert it to a standard format like Parquet.
[2026-01-04 00:03:13,608][lm-eval][WARNING] - Overwriting default num_fewshot of winogrande from None to 5
[2026-01-04 00:03:13,609][lm-eval][INFO] - Setting fewshot random generator seed to 23
[2026-01-04 00:03:13,610][lm-eval][INFO] - Building contexts for winogrande on rank 0...
[2026-01-04 00:03:13,701][lm-eval][INFO] - Running loglikelihood requests
[2026-01-04 00:03:34,014][lm-eval][WARNING] - Failed to get model SHA for outputs/milestone_meta-llama_Llama-3.2-1B-Instruct_r16/merged/checkpoint-686 at revision main. Error: Repo id must be in the form 'repo_name' or 'namespace/repo_name': 'outputs/milestone_meta-llama_Llama-3.2-1B-Instruct_r16/merged/checkpoint-686'. Use `repo_type` argument if needed.
[2026-01-04 00:03:35,026][__name__][INFO] - ✅ Finished winogrande
[2026-01-04 00:03:35,113][__name__][INFO] - 💾 Saved partial results: /home/dan-parii/Documents/ContinualPretrainRo/continual_pretrain/eval_results/outputs_milestone_meta-llama_Llama-3.2-1B-Instruct_r16_merged_checkpoint-686/2026-01-03_23-56-25/winogrande.json
[2026-01-04 00:03:35,114][__name__][INFO] - 🚀 Running evaluation for wikitext | fewshot=5 | limit=1000
[2026-01-04 00:03:35,114][__name__][INFO] - Running outputs/milestone_meta-llama_Llama-3.2-1B-Instruct_r16/merged/checkpoint-686 with apply_chat_template True
[2026-01-04 00:03:35,115][lm-eval][INFO] - Setting random seed to 23 | Setting numpy seed to 23 | Setting torch manual seed to 23
[2026-01-04 00:03:35,115][lm-eval][INFO] - Initializing hf model, with arguments: {'pretrained': 'outputs/milestone_meta-llama_Llama-3.2-1B-Instruct_r16/merged/checkpoint-686', 'tokenizer': 'outputs/milestone_meta-llama_Llama-3.2-1B-Instruct_r16/merged/checkpoint-686', 'max_length': 4096, 'eval_max_length': 16384, 'truncation': True, 'dtype': 'bfloat16'}
[2026-01-04 00:03:35,116][lm-eval][INFO] - Using device 'cuda'
[2026-01-04 00:03:35,755][lm-eval][INFO] - `group` and `group_alias` keys in tasks' configs will no longer be used in the next release of lm-eval. `tag` will be used to allow to call a collection of tasks just like `group`. `group` will be removed in order to not cause confusion with the new ConfigurableGroup which will be the offical way to create groups with addition of group-wide configuations.
[2026-01-04 00:03:38,695][lm-eval][WARNING] - [Task: wikitext] metric word_perplexity is defined, but aggregation is not. using default aggregation=weighted_perplexity
[2026-01-04 00:03:38,695][lm-eval][WARNING] - [Task: wikitext] metric word_perplexity is defined, but higher_is_better is not. using default higher_is_better=False
[2026-01-04 00:03:38,696][lm-eval][WARNING] - [Task: wikitext] metric byte_perplexity is defined, but aggregation is not. using default aggregation=weighted_perplexity
[2026-01-04 00:03:38,696][lm-eval][WARNING] - [Task: wikitext] metric byte_perplexity is defined, but higher_is_better is not. using default higher_is_better=False
[2026-01-04 00:03:38,696][lm-eval][WARNING] - [Task: wikitext] metric bits_per_byte is defined, but aggregation is not. using default aggregation=bits_per_byte
[2026-01-04 00:03:38,696][lm-eval][WARNING] - [Task: wikitext] metric bits_per_byte is defined, but higher_is_better is not. using default higher_is_better=False
[2026-01-04 00:03:38,696][datasets.load][ERROR] - `trust_remote_code` is not supported anymore.
Please check that the Hugging Face dataset 'EleutherAI/wikitext_document_level' isn't based on a loading script and remove `trust_remote_code`.
If the dataset is based on a loading script, please ask the dataset author to remove it and convert it to a standard format like Parquet.
[2026-01-04 00:04:03,663][lm-eval][WARNING] - Overwriting default num_fewshot of wikitext from None to 5
[2026-01-04 00:04:03,663][lm-eval][INFO] - Setting fewshot random generator seed to 23
[2026-01-04 00:04:03,664][lm-eval][INFO] - Building contexts for wikitext on rank 0...
[2026-01-04 00:04:06,494][lm-eval][INFO] - Running loglikelihood_rolling requests
[2026-01-04 00:06:24,795][lm-eval][WARNING] - Failed to get model SHA for outputs/milestone_meta-llama_Llama-3.2-1B-Instruct_r16/merged/checkpoint-686 at revision main. Error: Repo id must be in the form 'repo_name' or 'namespace/repo_name': 'outputs/milestone_meta-llama_Llama-3.2-1B-Instruct_r16/merged/checkpoint-686'. Use `repo_type` argument if needed.
[2026-01-04 00:06:25,801][__name__][INFO] - ✅ Finished wikitext
[2026-01-04 00:06:26,235][__name__][INFO] - 💾 Saved partial results: /home/dan-parii/Documents/ContinualPretrainRo/continual_pretrain/eval_results/outputs_milestone_meta-llama_Llama-3.2-1B-Instruct_r16_merged_checkpoint-686/2026-01-03_23-56-25/wikitext.json
[2026-01-04 00:06:27,120][__name__][INFO] - 📁 Combined results saved to: /home/dan-parii/Documents/ContinualPretrainRo/continual_pretrain/eval_results/outputs_milestone_meta-llama_Llama-3.2-1B-Instruct_r16_merged_checkpoint-686/2026-01-03_23-56-25/eval_results.json
[2026-01-04 00:06:27,121][__name__][INFO] - 📊 Summary:
[2026-01-04 00:06:27,121][__name__][INFO] -   - _ro_winogrande: {'acc,none': 0.5, 'acc_stderr,none': 0.015819299929208316}
[2026-01-04 00:06:27,121][__name__][INFO] -   - _ro_belebele: {'acc_norm,none': 0.28444444444444444, 'acc_norm_stderr,none': 0.015046675709606125}
[2026-01-04 00:06:27,122][__name__][INFO] -   - ro_wiki: {'word_perplexity,none': 105.67073212010305, 'byte_perplexity,none': 1.9898047125356546, 'bits_per_byte,none': 0.9926268458033616}
[2026-01-04 00:06:27,122][__name__][INFO] -   - _ro_arc_challenge: {'acc_norm,none': 0.268, 'acc_norm_stderr,none': 0.014013292702729519}
[2026-01-04 00:06:27,122][__name__][INFO] -   - arc_challenge: {'acc,none': 0.39, 'acc_stderr,none': 0.01543172505386673, 'acc_norm,none': 0.377, 'acc_norm_stderr,none': 0.0153331701257798}
[2026-01-04 00:06:27,122][__name__][INFO] -   - winogrande: {'acc,none': 0.594, 'acc_stderr,none': 0.01553722643863458}
[2026-01-04 00:06:27,122][__name__][INFO] -   - wikitext: {'word_perplexity,none': 17.065877263703133, 'byte_perplexity,none': 1.703090237738395, 'bits_per_byte,none': 0.7681548778166323}
[2026-01-04 00:06:28,215][__name__][INFO] - 📊 W&B run finished
[2026-01-04 00:29:16,835][__name__][INFO] - Starting Romanian evaluation run
[2026-01-04 00:29:17,022][__name__][INFO] - 🚀 CUDA is available. Using GPU: NVIDIA GeForce RTX 3090
[2026-01-04 00:29:17,025][__name__][INFO] - 📁 Results will be saved in: /home/dan-parii/Documents/ContinualPretrainRo/continual_pretrain/eval_results/outputs_milestone_meta-llama_Llama-3.2-1B-Instruct_r16_merged_checkpoint-762/2026-01-04_00-29-17
[2026-01-04 00:29:18,627][__name__][INFO] - 📊 W&B logging enabled with GPU monitoring
[2026-01-04 00:29:18,627][__name__][INFO] - 🚀 Running evaluation for _ro_winogrande | fewshot=5 | limit=1000
[2026-01-04 00:29:18,627][__name__][INFO] - Running outputs/milestone_meta-llama_Llama-3.2-1B-Instruct_r16/merged/checkpoint-762 with apply_chat_template True
[2026-01-04 00:29:18,627][__name__][INFO] - 📝 Using fewshot_as_multiturn=True and custom system instruction
[2026-01-04 00:29:18,629][lm-eval][INFO] - Setting random seed to 23 | Setting numpy seed to 23 | Setting torch manual seed to 23
[2026-01-04 00:29:18,630][lm-eval][INFO] - Initializing hf model, with arguments: {'pretrained': 'outputs/milestone_meta-llama_Llama-3.2-1B-Instruct_r16/merged/checkpoint-762', 'tokenizer': 'outputs/milestone_meta-llama_Llama-3.2-1B-Instruct_r16/merged/checkpoint-762', 'max_length': 4096, 'eval_max_length': 16384, 'truncation': True, 'dtype': 'bfloat16'}
[2026-01-04 00:29:18,680][lm-eval][INFO] - Using device 'cuda'
[2026-01-04 00:29:19,483][lm-eval][INFO] - `group` and `group_alias` keys in tasks' configs will no longer be used in the next release of lm-eval. `tag` will be used to allow to call a collection of tasks just like `group`. `group` will be removed in order to not cause confusion with the new ConfigurableGroup which will be the offical way to create groups with addition of group-wide configuations.
[2026-01-04 00:29:25,408][lm-eval][WARNING] - Overwriting default num_fewshot of _ro_winogrande from None to 5
[2026-01-04 00:29:25,408][lm-eval][INFO] - Setting fewshot random generator seed to 23
[2026-01-04 00:29:25,412][lm-eval][INFO] - Building contexts for _ro_winogrande on rank 0...
[2026-01-04 00:29:25,525][lm-eval][INFO] - Running loglikelihood requests
[2026-01-04 00:29:55,329][lm-eval][WARNING] - Failed to get model SHA for outputs/milestone_meta-llama_Llama-3.2-1B-Instruct_r16/merged/checkpoint-762 at revision main. Error: Repo id must be in the form 'repo_name' or 'namespace/repo_name': 'outputs/milestone_meta-llama_Llama-3.2-1B-Instruct_r16/merged/checkpoint-762'. Use `repo_type` argument if needed.
[2026-01-04 00:29:56,269][__name__][INFO] - ✅ Finished _ro_winogrande
[2026-01-04 00:29:56,361][__name__][INFO] - 💾 Saved partial results: /home/dan-parii/Documents/ContinualPretrainRo/continual_pretrain/eval_results/outputs_milestone_meta-llama_Llama-3.2-1B-Instruct_r16_merged_checkpoint-762/2026-01-04_00-29-17/_ro_winogrande.json
[2026-01-04 00:29:56,362][__name__][INFO] - 🚀 Running evaluation for _ro_belebele | fewshot=0 | limit=1000
[2026-01-04 00:29:56,362][__name__][INFO] - Running outputs/milestone_meta-llama_Llama-3.2-1B-Instruct_r16/merged/checkpoint-762 with apply_chat_template True
[2026-01-04 00:29:56,362][__name__][INFO] - 📝 Using fewshot_as_multiturn=True and custom system instruction
[2026-01-04 00:29:56,364][lm-eval][INFO] - Setting random seed to 23 | Setting numpy seed to 23 | Setting torch manual seed to 23
[2026-01-04 00:29:56,364][lm-eval][INFO] - Initializing hf model, with arguments: {'pretrained': 'outputs/milestone_meta-llama_Llama-3.2-1B-Instruct_r16/merged/checkpoint-762', 'tokenizer': 'outputs/milestone_meta-llama_Llama-3.2-1B-Instruct_r16/merged/checkpoint-762', 'max_length': 4096, 'eval_max_length': 16384, 'truncation': True, 'dtype': 'bfloat16'}
[2026-01-04 00:29:56,365][lm-eval][INFO] - Using device 'cuda'
[2026-01-04 00:29:57,040][lm-eval][INFO] - `group` and `group_alias` keys in tasks' configs will no longer be used in the next release of lm-eval. `tag` will be used to allow to call a collection of tasks just like `group`. `group` will be removed in order to not cause confusion with the new ConfigurableGroup which will be the offical way to create groups with addition of group-wide configuations.
[2026-01-04 00:30:02,904][lm-eval][WARNING] - Overwriting default num_fewshot of _ro_belebele from None to 0
[2026-01-04 00:30:02,905][lm-eval][INFO] - Setting fewshot random generator seed to 23
[2026-01-04 00:30:02,905][lm-eval][INFO] - Building contexts for _ro_belebele on rank 0...
[2026-01-04 00:30:03,561][lm-eval][INFO] - Running loglikelihood requests
[2026-01-04 00:30:56,405][lm-eval][WARNING] - Failed to get model SHA for outputs/milestone_meta-llama_Llama-3.2-1B-Instruct_r16/merged/checkpoint-762 at revision main. Error: Repo id must be in the form 'repo_name' or 'namespace/repo_name': 'outputs/milestone_meta-llama_Llama-3.2-1B-Instruct_r16/merged/checkpoint-762'. Use `repo_type` argument if needed.
[2026-01-04 00:30:57,378][__name__][INFO] - ✅ Finished _ro_belebele
[2026-01-04 00:30:57,470][__name__][INFO] - 💾 Saved partial results: /home/dan-parii/Documents/ContinualPretrainRo/continual_pretrain/eval_results/outputs_milestone_meta-llama_Llama-3.2-1B-Instruct_r16_merged_checkpoint-762/2026-01-04_00-29-17/_ro_belebele.json
[2026-01-04 00:30:57,471][__name__][INFO] - 🚀 Running evaluation for ro_wiki | fewshot=0 | limit=1000
[2026-01-04 00:30:57,471][__name__][INFO] - Running outputs/milestone_meta-llama_Llama-3.2-1B-Instruct_r16/merged/checkpoint-762 with apply_chat_template True
[2026-01-04 00:30:57,472][lm-eval][INFO] - Setting random seed to 23 | Setting numpy seed to 23 | Setting torch manual seed to 23
[2026-01-04 00:30:57,472][lm-eval][INFO] - Initializing hf model, with arguments: {'pretrained': 'outputs/milestone_meta-llama_Llama-3.2-1B-Instruct_r16/merged/checkpoint-762', 'tokenizer': 'outputs/milestone_meta-llama_Llama-3.2-1B-Instruct_r16/merged/checkpoint-762', 'max_length': 4096, 'eval_max_length': 16384, 'truncation': True, 'dtype': 'bfloat16'}
[2026-01-04 00:30:57,473][lm-eval][INFO] - Using device 'cuda'
[2026-01-04 00:30:58,133][lm-eval][INFO] - `group` and `group_alias` keys in tasks' configs will no longer be used in the next release of lm-eval. `tag` will be used to allow to call a collection of tasks just like `group`. `group` will be removed in order to not cause confusion with the new ConfigurableGroup which will be the offical way to create groups with addition of group-wide configuations.
[2026-01-04 00:31:01,042][lm-eval][WARNING] - [Task: ro_wiki] metric word_perplexity is defined, but aggregation is not. using default aggregation=weighted_perplexity
[2026-01-04 00:31:01,042][lm-eval][WARNING] - [Task: ro_wiki] metric word_perplexity is defined, but higher_is_better is not. using default higher_is_better=False
[2026-01-04 00:31:01,043][lm-eval][WARNING] - [Task: ro_wiki] metric byte_perplexity is defined, but aggregation is not. using default aggregation=weighted_perplexity
[2026-01-04 00:31:01,043][lm-eval][WARNING] - [Task: ro_wiki] metric byte_perplexity is defined, but higher_is_better is not. using default higher_is_better=False
[2026-01-04 00:31:01,043][lm-eval][WARNING] - [Task: ro_wiki] metric bits_per_byte is defined, but aggregation is not. using default aggregation=bits_per_byte
[2026-01-04 00:31:01,043][lm-eval][WARNING] - [Task: ro_wiki] metric bits_per_byte is defined, but higher_is_better is not. using default higher_is_better=False
[2026-01-04 00:31:03,023][lm-eval][WARNING] - Overwriting default num_fewshot of ro_wiki from None to 0
[2026-01-04 00:31:03,023][lm-eval][INFO] - Setting fewshot random generator seed to 23
[2026-01-04 00:31:03,025][lm-eval][INFO] - Building contexts for ro_wiki on rank 0...
[2026-01-04 00:31:03,181][lm-eval][INFO] - Running loglikelihood_rolling requests
[2026-01-04 00:31:41,333][lm-eval][WARNING] - Failed to get model SHA for outputs/milestone_meta-llama_Llama-3.2-1B-Instruct_r16/merged/checkpoint-762 at revision main. Error: Repo id must be in the form 'repo_name' or 'namespace/repo_name': 'outputs/milestone_meta-llama_Llama-3.2-1B-Instruct_r16/merged/checkpoint-762'. Use `repo_type` argument if needed.
[2026-01-04 00:31:42,318][__name__][INFO] - ✅ Finished ro_wiki
[2026-01-04 00:31:42,438][__name__][INFO] - 💾 Saved partial results: /home/dan-parii/Documents/ContinualPretrainRo/continual_pretrain/eval_results/outputs_milestone_meta-llama_Llama-3.2-1B-Instruct_r16_merged_checkpoint-762/2026-01-04_00-29-17/ro_wiki.json
[2026-01-04 00:31:42,438][__name__][INFO] - 🚀 Running evaluation for _ro_arc_challenge | fewshot=5 | limit=1000
[2026-01-04 00:31:42,438][__name__][INFO] - Running outputs/milestone_meta-llama_Llama-3.2-1B-Instruct_r16/merged/checkpoint-762 with apply_chat_template True
[2026-01-04 00:31:42,439][__name__][INFO] - 📝 Using fewshot_as_multiturn=True and custom system instruction
[2026-01-04 00:31:42,440][lm-eval][INFO] - Setting random seed to 23 | Setting numpy seed to 23 | Setting torch manual seed to 23
[2026-01-04 00:31:42,440][lm-eval][INFO] - Initializing hf model, with arguments: {'pretrained': 'outputs/milestone_meta-llama_Llama-3.2-1B-Instruct_r16/merged/checkpoint-762', 'tokenizer': 'outputs/milestone_meta-llama_Llama-3.2-1B-Instruct_r16/merged/checkpoint-762', 'max_length': 4096, 'eval_max_length': 16384, 'truncation': True, 'dtype': 'bfloat16'}
[2026-01-04 00:31:42,441][lm-eval][INFO] - Using device 'cuda'
[2026-01-04 00:31:43,102][lm-eval][INFO] - `group` and `group_alias` keys in tasks' configs will no longer be used in the next release of lm-eval. `tag` will be used to allow to call a collection of tasks just like `group`. `group` will be removed in order to not cause confusion with the new ConfigurableGroup which will be the offical way to create groups with addition of group-wide configuations.
[2026-01-04 00:31:48,580][lm-eval][WARNING] - Overwriting default num_fewshot of _ro_arc_challenge from None to 5
[2026-01-04 00:31:48,581][lm-eval][INFO] - Setting fewshot random generator seed to 23
[2026-01-04 00:31:48,583][lm-eval][INFO] - Building contexts for _ro_arc_challenge on rank 0...
[2026-01-04 00:31:50,191][lm-eval][INFO] - Running loglikelihood requests
[2026-01-04 00:33:20,252][lm-eval][WARNING] - Failed to get model SHA for outputs/milestone_meta-llama_Llama-3.2-1B-Instruct_r16/merged/checkpoint-762 at revision main. Error: Repo id must be in the form 'repo_name' or 'namespace/repo_name': 'outputs/milestone_meta-llama_Llama-3.2-1B-Instruct_r16/merged/checkpoint-762'. Use `repo_type` argument if needed.
[2026-01-04 00:33:21,276][__name__][INFO] - ✅ Finished _ro_arc_challenge
[2026-01-04 00:33:21,465][__name__][INFO] - 💾 Saved partial results: /home/dan-parii/Documents/ContinualPretrainRo/continual_pretrain/eval_results/outputs_milestone_meta-llama_Llama-3.2-1B-Instruct_r16_merged_checkpoint-762/2026-01-04_00-29-17/_ro_arc_challenge.json
[2026-01-04 00:33:21,466][__name__][INFO] - 🚀 Running evaluation for arc_challenge | fewshot=5 | limit=1000
[2026-01-04 00:33:21,466][__name__][INFO] - Running outputs/milestone_meta-llama_Llama-3.2-1B-Instruct_r16/merged/checkpoint-762 with apply_chat_template True
[2026-01-04 00:33:21,466][__name__][INFO] - 📝 Using fewshot_as_multiturn=True and custom system instruction
[2026-01-04 00:33:21,467][lm-eval][INFO] - Setting random seed to 23 | Setting numpy seed to 23 | Setting torch manual seed to 23
[2026-01-04 00:33:21,467][lm-eval][INFO] - Initializing hf model, with arguments: {'pretrained': 'outputs/milestone_meta-llama_Llama-3.2-1B-Instruct_r16/merged/checkpoint-762', 'tokenizer': 'outputs/milestone_meta-llama_Llama-3.2-1B-Instruct_r16/merged/checkpoint-762', 'max_length': 4096, 'eval_max_length': 16384, 'truncation': True, 'dtype': 'bfloat16'}
[2026-01-04 00:33:21,468][lm-eval][INFO] - Using device 'cuda'
[2026-01-04 00:33:22,122][lm-eval][INFO] - `group` and `group_alias` keys in tasks' configs will no longer be used in the next release of lm-eval. `tag` will be used to allow to call a collection of tasks just like `group`. `group` will be removed in order to not cause confusion with the new ConfigurableGroup which will be the offical way to create groups with addition of group-wide configuations.
[2026-01-04 00:33:26,914][lm-eval][WARNING] - Overwriting default num_fewshot of arc_challenge from None to 5
[2026-01-04 00:33:26,915][lm-eval][INFO] - Setting fewshot random generator seed to 23
[2026-01-04 00:33:26,915][lm-eval][INFO] - Building contexts for arc_challenge on rank 0...
[2026-01-04 00:33:31,312][lm-eval][INFO] - Running loglikelihood requests
[2026-01-04 00:34:29,091][lm-eval][WARNING] - Failed to get model SHA for outputs/milestone_meta-llama_Llama-3.2-1B-Instruct_r16/merged/checkpoint-762 at revision main. Error: Repo id must be in the form 'repo_name' or 'namespace/repo_name': 'outputs/milestone_meta-llama_Llama-3.2-1B-Instruct_r16/merged/checkpoint-762'. Use `repo_type` argument if needed.
[2026-01-04 00:34:30,055][__name__][INFO] - ✅ Finished arc_challenge
[2026-01-04 00:34:30,240][__name__][INFO] - 💾 Saved partial results: /home/dan-parii/Documents/ContinualPretrainRo/continual_pretrain/eval_results/outputs_milestone_meta-llama_Llama-3.2-1B-Instruct_r16_merged_checkpoint-762/2026-01-04_00-29-17/arc_challenge.json
[2026-01-04 00:34:30,240][__name__][INFO] - 🚀 Running evaluation for winogrande | fewshot=5 | limit=1000
[2026-01-04 00:34:30,240][__name__][INFO] - Running outputs/milestone_meta-llama_Llama-3.2-1B-Instruct_r16/merged/checkpoint-762 with apply_chat_template True
[2026-01-04 00:34:30,241][__name__][INFO] - 📝 Using fewshot_as_multiturn=True and custom system instruction
[2026-01-04 00:34:30,242][lm-eval][INFO] - Setting random seed to 23 | Setting numpy seed to 23 | Setting torch manual seed to 23
[2026-01-04 00:34:30,242][lm-eval][INFO] - Initializing hf model, with arguments: {'pretrained': 'outputs/milestone_meta-llama_Llama-3.2-1B-Instruct_r16/merged/checkpoint-762', 'tokenizer': 'outputs/milestone_meta-llama_Llama-3.2-1B-Instruct_r16/merged/checkpoint-762', 'max_length': 4096, 'eval_max_length': 16384, 'truncation': True, 'dtype': 'bfloat16'}
[2026-01-04 00:34:30,243][lm-eval][INFO] - Using device 'cuda'
[2026-01-04 00:34:31,080][lm-eval][INFO] - `group` and `group_alias` keys in tasks' configs will no longer be used in the next release of lm-eval. `tag` will be used to allow to call a collection of tasks just like `group`. `group` will be removed in order to not cause confusion with the new ConfigurableGroup which will be the offical way to create groups with addition of group-wide configuations.
[2026-01-04 00:34:33,923][datasets.load][ERROR] - `trust_remote_code` is not supported anymore.
Please check that the Hugging Face dataset 'winogrande' isn't based on a loading script and remove `trust_remote_code`.
If the dataset is based on a loading script, please ask the dataset author to remove it and convert it to a standard format like Parquet.
[2026-01-04 00:34:38,454][lm-eval][WARNING] - Overwriting default num_fewshot of winogrande from None to 5
[2026-01-04 00:34:38,454][lm-eval][INFO] - Setting fewshot random generator seed to 23
[2026-01-04 00:34:38,459][lm-eval][INFO] - Building contexts for winogrande on rank 0...
[2026-01-04 00:34:38,547][lm-eval][INFO] - Running loglikelihood requests
[2026-01-04 00:34:59,044][lm-eval][WARNING] - Failed to get model SHA for outputs/milestone_meta-llama_Llama-3.2-1B-Instruct_r16/merged/checkpoint-762 at revision main. Error: Repo id must be in the form 'repo_name' or 'namespace/repo_name': 'outputs/milestone_meta-llama_Llama-3.2-1B-Instruct_r16/merged/checkpoint-762'. Use `repo_type` argument if needed.
[2026-01-04 00:35:00,068][__name__][INFO] - ✅ Finished winogrande
[2026-01-04 00:35:00,156][__name__][INFO] - 💾 Saved partial results: /home/dan-parii/Documents/ContinualPretrainRo/continual_pretrain/eval_results/outputs_milestone_meta-llama_Llama-3.2-1B-Instruct_r16_merged_checkpoint-762/2026-01-04_00-29-17/winogrande.json
[2026-01-04 00:35:00,156][__name__][INFO] - 🚀 Running evaluation for wikitext | fewshot=5 | limit=1000
[2026-01-04 00:35:00,156][__name__][INFO] - Running outputs/milestone_meta-llama_Llama-3.2-1B-Instruct_r16/merged/checkpoint-762 with apply_chat_template True
[2026-01-04 00:35:00,157][lm-eval][INFO] - Setting random seed to 23 | Setting numpy seed to 23 | Setting torch manual seed to 23
[2026-01-04 00:35:00,158][lm-eval][INFO] - Initializing hf model, with arguments: {'pretrained': 'outputs/milestone_meta-llama_Llama-3.2-1B-Instruct_r16/merged/checkpoint-762', 'tokenizer': 'outputs/milestone_meta-llama_Llama-3.2-1B-Instruct_r16/merged/checkpoint-762', 'max_length': 4096, 'eval_max_length': 16384, 'truncation': True, 'dtype': 'bfloat16'}
[2026-01-04 00:35:00,159][lm-eval][INFO] - Using device 'cuda'
[2026-01-04 00:35:00,826][lm-eval][INFO] - `group` and `group_alias` keys in tasks' configs will no longer be used in the next release of lm-eval. `tag` will be used to allow to call a collection of tasks just like `group`. `group` will be removed in order to not cause confusion with the new ConfigurableGroup which will be the offical way to create groups with addition of group-wide configuations.
[2026-01-04 00:35:03,787][lm-eval][WARNING] - [Task: wikitext] metric word_perplexity is defined, but aggregation is not. using default aggregation=weighted_perplexity
[2026-01-04 00:35:03,787][lm-eval][WARNING] - [Task: wikitext] metric word_perplexity is defined, but higher_is_better is not. using default higher_is_better=False
[2026-01-04 00:35:03,788][lm-eval][WARNING] - [Task: wikitext] metric byte_perplexity is defined, but aggregation is not. using default aggregation=weighted_perplexity
[2026-01-04 00:35:03,788][lm-eval][WARNING] - [Task: wikitext] metric byte_perplexity is defined, but higher_is_better is not. using default higher_is_better=False
[2026-01-04 00:35:03,788][lm-eval][WARNING] - [Task: wikitext] metric bits_per_byte is defined, but aggregation is not. using default aggregation=bits_per_byte
[2026-01-04 00:35:03,788][lm-eval][WARNING] - [Task: wikitext] metric bits_per_byte is defined, but higher_is_better is not. using default higher_is_better=False
[2026-01-04 00:35:03,788][datasets.load][ERROR] - `trust_remote_code` is not supported anymore.
Please check that the Hugging Face dataset 'EleutherAI/wikitext_document_level' isn't based on a loading script and remove `trust_remote_code`.
If the dataset is based on a loading script, please ask the dataset author to remove it and convert it to a standard format like Parquet.
[2026-01-04 00:35:10,171][lm-eval][WARNING] - Overwriting default num_fewshot of wikitext from None to 5
[2026-01-04 00:35:10,171][lm-eval][INFO] - Setting fewshot random generator seed to 23
[2026-01-04 00:35:10,172][lm-eval][INFO] - Building contexts for wikitext on rank 0...
[2026-01-04 00:35:13,007][lm-eval][INFO] - Running loglikelihood_rolling requests
[2026-01-04 00:37:32,042][lm-eval][WARNING] - Failed to get model SHA for outputs/milestone_meta-llama_Llama-3.2-1B-Instruct_r16/merged/checkpoint-762 at revision main. Error: Repo id must be in the form 'repo_name' or 'namespace/repo_name': 'outputs/milestone_meta-llama_Llama-3.2-1B-Instruct_r16/merged/checkpoint-762'. Use `repo_type` argument if needed.
[2026-01-04 00:37:33,075][__name__][INFO] - ✅ Finished wikitext
[2026-01-04 00:37:33,507][__name__][INFO] - 💾 Saved partial results: /home/dan-parii/Documents/ContinualPretrainRo/continual_pretrain/eval_results/outputs_milestone_meta-llama_Llama-3.2-1B-Instruct_r16_merged_checkpoint-762/2026-01-04_00-29-17/wikitext.json
[2026-01-04 00:37:34,408][__name__][INFO] - 📁 Combined results saved to: /home/dan-parii/Documents/ContinualPretrainRo/continual_pretrain/eval_results/outputs_milestone_meta-llama_Llama-3.2-1B-Instruct_r16_merged_checkpoint-762/2026-01-04_00-29-17/eval_results.json
[2026-01-04 00:37:34,408][__name__][INFO] - 📊 Summary:
[2026-01-04 00:37:34,408][__name__][INFO] -   - _ro_winogrande: {'acc,none': 0.498, 'acc_stderr,none': 0.01581917337430266}
[2026-01-04 00:37:34,408][__name__][INFO] -   - _ro_belebele: {'acc_norm,none': 0.28444444444444444, 'acc_norm_stderr,none': 0.015046675709606125}
[2026-01-04 00:37:34,409][__name__][INFO] -   - ro_wiki: {'word_perplexity,none': 105.75789027658246, 'byte_perplexity,none': 1.9900469303943014, 'bits_per_byte,none': 0.9928024536075051}
[2026-01-04 00:37:34,409][__name__][INFO] -   - _ro_arc_challenge: {'acc_norm,none': 0.27, 'acc_norm_stderr,none': 0.01404625563263382}
[2026-01-04 00:37:34,409][__name__][INFO] -   - arc_challenge: {'acc,none': 0.388, 'acc_stderr,none': 0.015417317979911216, 'acc_norm,none': 0.371, 'acc_norm_stderr,none': 0.015283736211823096}
[2026-01-04 00:37:34,409][__name__][INFO] -   - winogrande: {'acc,none': 0.599, 'acc_stderr,none': 0.015506109745498368}
[2026-01-04 00:37:34,409][__name__][INFO] -   - wikitext: {'word_perplexity,none': 17.069192179710598, 'byte_perplexity,none': 1.7031523174699257, 'bits_per_byte,none': 0.7682074648648987}
[2026-01-04 00:37:35,787][__name__][INFO] - 📊 W&B run finished
