[2025-12-28 19:56:53,588][__main__][INFO] - ================================================================================
[2025-12-28 19:56:53,588][__main__][INFO] - Starting Milestone Segment Training
[2025-12-28 19:56:53,588][__main__][INFO] - ================================================================================
[2025-12-28 19:56:53,591][__main__][INFO] - Milestone configuration:
[2025-12-28 19:56:53,591][__main__][INFO] -   Target tokens: 1,000,000
[2025-12-28 19:56:53,591][__main__][INFO] -   Resume from: scratch
[2025-12-28 19:56:54,420][accelerate.utils.modeling][INFO] - We will use 90% of the memory on device 0 for storing the model, and 10% for the buffer to avoid OOM. You can set `max_memory` in to a higher value to use more memory (at your own risk).
[2025-12-28 19:56:56,768][model][INFO] - Tokenizer lacked a pad token, defaulting pad_token to eos_token.
[2025-12-28 19:56:56,768][__main__][INFO] - Loading IT tokenizer meta-llama/Llama-3.2-1B-Instruct for chat template
[2025-12-28 19:57:01,346][__main__][INFO] - Token calculation:
[2025-12-28 19:57:01,346][__main__][INFO] -   Tokens per step: 131,072
[2025-12-28 19:57:01,346][__main__][INFO] -   Max steps: 7
[2025-12-28 19:57:01,347][__main__][INFO] - Using SFTTrainer with chat template
[2025-12-28 19:57:42,530][__main__][INFO] - ================================================================================
[2025-12-28 19:57:42,530][__main__][INFO] - Starting Milestone Segment Training
[2025-12-28 19:57:42,530][__main__][INFO] - ================================================================================
[2025-12-28 19:57:42,531][__main__][INFO] - Milestone configuration:
[2025-12-28 19:57:42,531][__main__][INFO] -   Target tokens: 1,000,000
[2025-12-28 19:57:42,531][__main__][INFO] -   Resume from: scratch
[2025-12-28 19:57:43,236][accelerate.utils.modeling][INFO] - We will use 90% of the memory on device 0 for storing the model, and 10% for the buffer to avoid OOM. You can set `max_memory` in to a higher value to use more memory (at your own risk).
[2025-12-28 19:57:44,129][model][INFO] - Tokenizer lacked a pad token, defaulting pad_token to eos_token.
[2025-12-28 19:57:44,129][__main__][INFO] - Loading IT tokenizer meta-llama/Llama-3.2-1B-Instruct for chat template
[2025-12-28 19:57:46,964][__main__][INFO] - Token calculation:
[2025-12-28 19:57:46,964][__main__][INFO] -   Tokens per step: 131,072
[2025-12-28 19:57:46,964][__main__][INFO] -   Max steps: 7
[2025-12-28 19:57:46,964][__main__][INFO] - Using SFTTrainer with chat template
[2025-12-28 19:57:47,129][unsloth.trainer][INFO] - Unsloth: Sample packing enabled for SFTTrainer instance.
[2025-12-28 19:57:50,599][__main__][INFO] - ================================================================================
[2025-12-28 19:57:50,599][__main__][INFO] - Starting training from scratch
[2025-12-28 19:57:50,599][__main__][INFO] - Will train for: 7 steps (1,000,000 tokens)
[2025-12-28 19:57:50,599][__main__][INFO] - ================================================================================
[2025-12-28 20:00:51,335][__main__][INFO] - ================================================================================
[2025-12-28 20:00:51,335][__main__][INFO] - Starting Milestone Segment Training
[2025-12-28 20:00:51,335][__main__][INFO] - ================================================================================
[2025-12-28 20:00:51,337][__main__][INFO] - Milestone configuration:
[2025-12-28 20:00:51,337][__main__][INFO] -   Target tokens: 1,000,000
[2025-12-28 20:00:51,337][__main__][INFO] -   Resume from: scratch
[2025-12-28 20:00:52,053][accelerate.utils.modeling][INFO] - We will use 90% of the memory on device 0 for storing the model, and 10% for the buffer to avoid OOM. You can set `max_memory` in to a higher value to use more memory (at your own risk).
[2025-12-28 20:00:52,724][model][INFO] - Tokenizer lacked a pad token, defaulting pad_token to eos_token.
[2025-12-28 20:00:52,724][__main__][INFO] - Loading IT tokenizer meta-llama/Llama-3.2-1B-Instruct for chat template
[2025-12-28 20:00:55,720][__main__][INFO] - Token calculation:
[2025-12-28 20:00:55,720][__main__][INFO] -   Tokens per step: 131,072
[2025-12-28 20:00:55,720][__main__][INFO] -   Max steps: 7
[2025-12-28 20:00:55,721][__main__][INFO] - Using SFTTrainer with chat template
[2025-12-28 20:00:55,897][unsloth.trainer][INFO] - Unsloth: Sample packing enabled for SFTTrainer instance.
[2025-12-28 20:00:56,075][__main__][INFO] - ================================================================================
[2025-12-28 20:00:56,075][__main__][INFO] - Starting training from scratch
[2025-12-28 20:00:56,075][__main__][INFO] - Will train for: 7 steps (1,000,000 tokens)
[2025-12-28 20:00:56,075][__main__][INFO] - ================================================================================
[2025-12-28 20:15:11,131][__main__][INFO] - ================================================================================
[2025-12-28 20:15:11,131][__main__][INFO] - Starting Milestone Segment Training
[2025-12-28 20:15:11,131][__main__][INFO] - ================================================================================
[2025-12-28 20:15:11,132][__main__][INFO] - Milestone configuration:
[2025-12-28 20:15:11,132][__main__][INFO] -   Target tokens: 1,000,000
[2025-12-28 20:15:11,132][__main__][INFO] -   Resume from: scratch
[2025-12-28 20:15:11,839][accelerate.utils.modeling][INFO] - We will use 90% of the memory on device 0 for storing the model, and 10% for the buffer to avoid OOM. You can set `max_memory` in to a higher value to use more memory (at your own risk).
[2025-12-28 20:15:12,519][model][INFO] - Tokenizer lacked a pad token, defaulting pad_token to eos_token.
[2025-12-28 20:15:12,519][__main__][INFO] - Loading IT tokenizer meta-llama/Llama-3.2-1B-Instruct for chat template
[2025-12-28 20:15:15,643][__main__][INFO] - Token calculation:
[2025-12-28 20:15:15,643][__main__][INFO] -   Tokens per step: 65,536
[2025-12-28 20:15:15,643][__main__][INFO] -   Max steps: 15
[2025-12-28 20:15:15,643][__main__][INFO] - Using SFTTrainer with chat template
[2025-12-28 20:15:15,816][unsloth.trainer][INFO] - Unsloth: Sample packing enabled for SFTTrainer instance.
[2025-12-28 20:15:15,985][__main__][INFO] - ================================================================================
[2025-12-28 20:15:15,985][__main__][INFO] - Starting training from scratch
[2025-12-28 20:15:15,985][__main__][INFO] - Will train for: 15 steps (1,000,000 tokens)
[2025-12-28 20:15:15,985][__main__][INFO] - ================================================================================
[2025-12-28 20:18:45,150][__main__][INFO] - ================================================================================
[2025-12-28 20:18:45,151][__main__][INFO] - Starting Milestone Segment Training
[2025-12-28 20:18:45,151][__main__][INFO] - ================================================================================
[2025-12-28 20:18:45,152][__main__][INFO] - Milestone configuration:
[2025-12-28 20:18:45,152][__main__][INFO] -   Target tokens: 1,000,000
[2025-12-28 20:18:45,152][__main__][INFO] -   Resume from: scratch
[2025-12-28 20:18:57,381][__main__][INFO] - Loading IT tokenizer meta-llama/Llama-3.2-1B-Instruct for chat template
[2025-12-28 20:19:00,406][__main__][INFO] - Token calculation:
[2025-12-28 20:19:00,406][__main__][INFO] -   Tokens per step: 131,072
[2025-12-28 20:19:00,406][__main__][INFO] -   Max steps: 7
[2025-12-28 20:19:00,406][__main__][INFO] - Using SFTTrainer with chat template
[2025-12-28 20:19:00,583][unsloth.trainer][INFO] - Unsloth: Sample packing enabled for SFTTrainer instance.
[2025-12-28 20:19:04,071][__main__][INFO] - ================================================================================
[2025-12-28 20:19:04,071][__main__][INFO] - Starting training from scratch
[2025-12-28 20:19:04,071][__main__][INFO] - Will train for: 7 steps (1,000,000 tokens)
[2025-12-28 20:19:04,071][__main__][INFO] - ================================================================================
[2025-12-28 20:21:15,483][__main__][INFO] - ================================================================================
[2025-12-28 20:21:15,490][__main__][INFO] - Milestone segment training complete!
[2025-12-28 20:21:15,490][__main__][INFO] - Checkpoint saved to: outputs/milestone_meta-llama_Llama-3.2-1B_r16/checkpoint-7
[2025-12-28 20:21:15,491][__main__][INFO] - Total steps: 7
[2025-12-28 20:21:15,491][__main__][INFO] - ================================================================================
[2025-12-28 20:21:15,491][train_utils][INFO] - Merging LoRA weights to: outputs/milestone_meta-llama_Llama-3.2-1B_r16/merged/checkpoint-7
[2025-12-28 20:21:19,793][train_utils][INFO] - ✅ Merged model saved
[2025-12-28 20:21:19,803][__main__][INFO] - ================================================================================
[2025-12-28 20:29:58,243][__main__][INFO] - ================================================================================
[2025-12-28 20:29:58,243][__main__][INFO] - Starting Milestone Segment Training
[2025-12-28 20:29:58,243][__main__][INFO] - ================================================================================
[2025-12-28 20:29:58,244][__main__][INFO] - Milestone configuration:
[2025-12-28 20:29:58,244][__main__][INFO] -   Target tokens: 2,000,000
[2025-12-28 20:29:58,244][__main__][INFO] -   Resume from: outputs/milestone_meta-llama_Llama-3.2-1B_r16/checkpoint-7
[2025-12-28 20:30:10,683][__main__][INFO] - Loading IT tokenizer meta-llama/Llama-3.2-1B-Instruct for chat template
[2025-12-28 20:30:13,942][__main__][INFO] - Token calculation:
[2025-12-28 20:30:13,942][__main__][INFO] -   Tokens per step: 131,072
[2025-12-28 20:30:13,942][__main__][INFO] -   Max steps: 15
[2025-12-28 20:30:13,943][__main__][INFO] - Using SFTTrainer with chat template
[2025-12-28 20:30:14,116][unsloth.trainer][INFO] - Unsloth: Sample packing enabled for SFTTrainer instance.
[2025-12-28 20:30:14,320][__main__][INFO] - ================================================================================
[2025-12-28 20:30:14,320][__main__][INFO] - Resuming training from: outputs/milestone_meta-llama_Llama-3.2-1B_r16/checkpoint-7
[2025-12-28 20:30:14,320][__main__][INFO] - Will train until step: 15
[2025-12-28 20:30:14,320][__main__][INFO] - ================================================================================
[2025-12-28 20:32:47,159][__main__][INFO] - ================================================================================
[2025-12-28 20:32:47,170][__main__][INFO] - Milestone segment training complete!
[2025-12-28 20:32:47,170][__main__][INFO] - Checkpoint saved to: outputs/milestone_meta-llama_Llama-3.2-1B_r16/checkpoint-15
[2025-12-28 20:32:47,170][__main__][INFO] - Total steps: 15
[2025-12-28 20:32:47,170][__main__][INFO] - ================================================================================
[2025-12-28 20:32:47,170][train_utils][INFO] - Merging LoRA weights to: outputs/milestone_meta-llama_Llama-3.2-1B_r16/merged/checkpoint-15
[2025-12-28 20:32:52,088][train_utils][INFO] - ✅ Merged model saved
[2025-12-28 20:32:52,095][__main__][INFO] - ================================================================================
[2025-12-28 20:41:24,937][__main__][INFO] - ================================================================================
[2025-12-28 20:41:24,937][__main__][INFO] - Starting Milestone Segment Training
[2025-12-28 20:41:24,937][__main__][INFO] - ================================================================================
[2025-12-28 20:41:24,938][__main__][INFO] - Milestone configuration:
[2025-12-28 20:41:24,938][__main__][INFO] -   Target tokens: 3,000,000
[2025-12-28 20:41:24,938][__main__][INFO] -   Resume from: outputs/milestone_meta-llama_Llama-3.2-1B_r16/checkpoint-15
[2025-12-28 20:41:38,650][__main__][INFO] - Loading IT tokenizer meta-llama/Llama-3.2-1B-Instruct for chat template
[2025-12-28 20:41:41,812][__main__][INFO] - Token calculation:
[2025-12-28 20:41:41,812][__main__][INFO] -   Tokens per step: 131,072
[2025-12-28 20:41:41,812][__main__][INFO] -   Max steps: 22
[2025-12-28 20:41:41,812][__main__][INFO] - Using SFTTrainer with chat template
[2025-12-28 20:41:41,984][unsloth.trainer][INFO] - Unsloth: Sample packing enabled for SFTTrainer instance.
[2025-12-28 20:41:42,174][__main__][INFO] - ================================================================================
[2025-12-28 20:41:42,174][__main__][INFO] - Resuming training from: outputs/milestone_meta-llama_Llama-3.2-1B_r16/checkpoint-15
[2025-12-28 20:41:42,174][__main__][INFO] - Will train until step: 22
[2025-12-28 20:41:42,174][__main__][INFO] - ================================================================================
[2025-12-28 20:43:54,869][__main__][INFO] - ================================================================================
[2025-12-28 20:43:54,869][__main__][INFO] - Milestone segment training complete!
[2025-12-28 20:43:54,869][__main__][INFO] - Checkpoint saved to: outputs/milestone_meta-llama_Llama-3.2-1B_r16/checkpoint-22
[2025-12-28 20:43:54,869][__main__][INFO] - Total steps: 22
[2025-12-28 20:43:54,869][__main__][INFO] - ================================================================================
[2025-12-28 20:43:54,869][train_utils][INFO] - Merging LoRA weights to: outputs/milestone_meta-llama_Llama-3.2-1B_r16/merged/checkpoint-22
[2025-12-28 20:43:58,825][train_utils][INFO] - ✅ Merged model saved
[2025-12-28 20:43:58,833][__main__][INFO] - ================================================================================
[2025-12-29 22:36:24,425][__main__][INFO] - ================================================================================
[2025-12-29 22:36:24,425][__main__][INFO] - Starting Milestone Segment Training
[2025-12-29 22:36:24,425][__main__][INFO] - ================================================================================
[2025-12-29 22:36:24,428][__main__][INFO] - Milestone configuration:
[2025-12-29 22:36:24,428][__main__][INFO] -   Target tokens: 1,000,000
[2025-12-29 22:36:24,428][__main__][INFO] -   Resume from: scratch
[2025-12-29 22:36:37,147][__main__][INFO] - Loading IT tokenizer meta-llama/Llama-3.2-1B-Instruct for chat template
[2025-12-29 22:36:41,232][__main__][INFO] - Token calculation:
[2025-12-29 22:36:41,232][__main__][INFO] -   Tokens per step: 131,072
[2025-12-29 22:36:41,232][__main__][INFO] -   Max steps: 7
[2025-12-29 22:36:41,232][__main__][INFO] - Using SFTTrainer with chat template
[2025-12-29 22:36:41,392][unsloth.trainer][INFO] - Unsloth: Sample packing enabled for SFTTrainer instance.
[2025-12-29 22:36:45,093][__main__][INFO] - ================================================================================
[2025-12-29 22:36:45,093][__main__][INFO] - Starting training from scratch
[2025-12-29 22:36:45,093][__main__][INFO] - Will train for: 7 steps (1,000,000 tokens)
[2025-12-29 22:36:45,093][__main__][INFO] - ================================================================================
[2025-12-29 22:38:54,888][__main__][INFO] - ================================================================================
[2025-12-29 22:38:54,888][__main__][INFO] - Milestone segment training complete!
[2025-12-29 22:38:54,888][__main__][INFO] - Checkpoint saved to: outputs/milestone_meta-llama_Llama-3.2-1B_r16/checkpoint-7
[2025-12-29 22:38:54,888][__main__][INFO] - Total steps: 7
[2025-12-29 22:38:54,888][__main__][INFO] - ================================================================================
[2025-12-29 22:38:54,888][train_utils][INFO] - Merging LoRA weights to: outputs/milestone_meta-llama_Llama-3.2-1B_r16/merged/checkpoint-7
[2025-12-29 22:38:58,700][train_utils][INFO] - ✅ Merged model saved
[2025-12-29 22:38:58,707][__main__][INFO] - ================================================================================
[2025-12-29 22:47:33,217][__main__][INFO] - ================================================================================
[2025-12-29 22:47:33,217][__main__][INFO] - Starting Milestone Segment Training
[2025-12-29 22:47:33,217][__main__][INFO] - ================================================================================
[2025-12-29 22:47:33,219][__main__][INFO] - Milestone configuration:
[2025-12-29 22:47:33,219][__main__][INFO] -   Target tokens: 2,000,000
[2025-12-29 22:47:33,219][__main__][INFO] -   Resume from: outputs/milestone_meta-llama_Llama-3.2-1B_r16/checkpoint-7
[2025-12-29 22:47:43,309][__main__][INFO] - Loading IT tokenizer meta-llama/Llama-3.2-1B-Instruct for chat template
[2025-12-29 22:47:47,037][__main__][INFO] - Token calculation:
[2025-12-29 22:47:47,037][__main__][INFO] -   Tokens per step: 131,072
[2025-12-29 22:47:47,037][__main__][INFO] -   Max steps: 15
[2025-12-29 22:47:47,037][__main__][INFO] - Using SFTTrainer with chat template
[2025-12-29 22:47:47,202][unsloth.trainer][INFO] - Unsloth: Sample packing enabled for SFTTrainer instance.
[2025-12-29 22:47:47,406][__main__][INFO] - ================================================================================
[2025-12-29 22:47:47,406][__main__][INFO] - Resuming training from: outputs/milestone_meta-llama_Llama-3.2-1B_r16/checkpoint-7
[2025-12-29 22:47:47,406][__main__][INFO] - Will train until step: 15
[2025-12-29 22:47:47,406][__main__][INFO] - ================================================================================
[2025-12-29 22:50:17,416][__main__][INFO] - ================================================================================
[2025-12-29 22:50:17,419][__main__][INFO] - Milestone segment training complete!
[2025-12-29 22:50:17,419][__main__][INFO] - Checkpoint saved to: outputs/milestone_meta-llama_Llama-3.2-1B_r16/checkpoint-15
[2025-12-29 22:50:17,419][__main__][INFO] - Total steps: 15
[2025-12-29 22:50:17,419][__main__][INFO] - ================================================================================
[2025-12-29 22:50:17,419][train_utils][INFO] - Merging LoRA weights to: outputs/milestone_meta-llama_Llama-3.2-1B_r16/merged/checkpoint-15
[2025-12-29 22:50:21,310][train_utils][INFO] - ✅ Merged model saved
[2025-12-29 22:50:21,310][__main__][INFO] - ================================================================================
[2025-12-29 23:02:07,833][__main__][INFO] - ================================================================================
[2025-12-29 23:02:07,833][__main__][INFO] - Starting Milestone Segment Training
[2025-12-29 23:02:07,833][__main__][INFO] - ================================================================================
[2025-12-29 23:02:07,834][__main__][INFO] - Milestone configuration:
[2025-12-29 23:02:07,834][__main__][INFO] -   Target tokens: 1,000,000
[2025-12-29 23:02:07,834][__main__][INFO] -   Resume from: scratch
[2025-12-29 23:02:18,672][__main__][INFO] - Loading IT tokenizer meta-llama/Llama-3.2-1B-Instruct for chat template
[2025-12-29 23:02:22,518][__main__][INFO] - Token calculation:
[2025-12-29 23:02:22,519][__main__][INFO] -   Tokens per step: 131,072
[2025-12-29 23:02:22,519][__main__][INFO] -   Max steps: 7
[2025-12-29 23:02:22,519][__main__][INFO] - Using SFTTrainer with chat template
[2025-12-29 23:02:22,691][unsloth.trainer][INFO] - Unsloth: Sample packing enabled for SFTTrainer instance.
[2025-12-29 23:02:22,885][__main__][INFO] - ================================================================================
[2025-12-29 23:02:22,885][__main__][INFO] - Starting training from scratch
[2025-12-29 23:02:22,885][__main__][INFO] - Will train for: 7 steps (1,000,000 tokens)
[2025-12-29 23:02:22,885][__main__][INFO] - ================================================================================
[2025-12-29 23:04:30,260][__main__][INFO] - ================================================================================
[2025-12-29 23:04:30,263][__main__][INFO] - Milestone segment training complete!
[2025-12-29 23:04:30,264][__main__][INFO] - Checkpoint saved to: outputs/milestone_meta-llama_Llama-3.2-1B_r16/checkpoint-7
[2025-12-29 23:04:30,264][__main__][INFO] - Total steps: 7
[2025-12-29 23:04:30,264][__main__][INFO] - ================================================================================
[2025-12-29 23:04:30,264][train_utils][INFO] - Merging LoRA weights to: outputs/milestone_meta-llama_Llama-3.2-1B_r16/merged/checkpoint-7
[2025-12-29 23:04:34,192][train_utils][INFO] - ✅ Merged model saved
[2025-12-29 23:04:34,199][__main__][INFO] - ================================================================================
[2025-12-29 23:13:08,478][__main__][INFO] - ================================================================================
[2025-12-29 23:13:08,478][__main__][INFO] - Starting Milestone Segment Training
[2025-12-29 23:13:08,478][__main__][INFO] - ================================================================================
[2025-12-29 23:13:08,480][__main__][INFO] - Milestone configuration:
[2025-12-29 23:13:08,480][__main__][INFO] -   Target tokens: 2,000,000
[2025-12-29 23:13:08,480][__main__][INFO] -   Resume from: outputs/milestone_meta-llama_Llama-3.2-1B_r16/checkpoint-7
[2025-12-29 23:13:18,991][__main__][INFO] - Loading IT tokenizer meta-llama/Llama-3.2-1B-Instruct for chat template
[2025-12-29 23:13:23,006][__main__][INFO] - Token calculation:
[2025-12-29 23:13:23,006][__main__][INFO] -   Tokens per step: 131,072
[2025-12-29 23:13:23,006][__main__][INFO] -   Max steps: 15
[2025-12-29 23:13:23,006][__main__][INFO] - Using SFTTrainer with chat template
[2025-12-29 23:13:23,174][unsloth.trainer][INFO] - Unsloth: Sample packing enabled for SFTTrainer instance.
[2025-12-29 23:13:23,370][__main__][INFO] - ================================================================================
[2025-12-29 23:13:23,370][__main__][INFO] - Resuming training from: outputs/milestone_meta-llama_Llama-3.2-1B_r16/checkpoint-7
[2025-12-29 23:13:23,370][__main__][INFO] - Will train until step: 15
[2025-12-29 23:13:23,370][__main__][INFO] - ================================================================================
[2025-12-29 23:15:58,191][__main__][INFO] - ================================================================================
[2025-12-29 23:15:58,192][__main__][INFO] - Milestone segment training complete!
[2025-12-29 23:15:58,192][__main__][INFO] - Checkpoint saved to: outputs/milestone_meta-llama_Llama-3.2-1B_r16/checkpoint-15
[2025-12-29 23:15:58,192][__main__][INFO] - Total steps: 15
[2025-12-29 23:15:58,192][__main__][INFO] - ================================================================================
[2025-12-29 23:15:58,195][train_utils][INFO] - Merging LoRA weights to: outputs/milestone_meta-llama_Llama-3.2-1B_r16/merged/checkpoint-15
[2025-12-29 23:16:02,226][train_utils][INFO] - ✅ Merged model saved
[2025-12-29 23:16:02,227][__main__][INFO] - ================================================================================
[2025-12-29 23:24:36,614][__main__][INFO] - ================================================================================
[2025-12-29 23:24:36,614][__main__][INFO] - Starting Milestone Segment Training
[2025-12-29 23:24:36,614][__main__][INFO] - ================================================================================
[2025-12-29 23:24:36,616][__main__][INFO] - Milestone configuration:
[2025-12-29 23:24:36,616][__main__][INFO] -   Target tokens: 3,000,000
[2025-12-29 23:24:36,616][__main__][INFO] -   Resume from: outputs/milestone_meta-llama_Llama-3.2-1B_r16/checkpoint-15
[2025-12-29 23:24:46,928][__main__][INFO] - Loading IT tokenizer meta-llama/Llama-3.2-1B-Instruct for chat template
[2025-12-29 23:24:50,403][__main__][INFO] - Token calculation:
[2025-12-29 23:24:50,403][__main__][INFO] -   Tokens per step: 131,072
[2025-12-29 23:24:50,403][__main__][INFO] -   Max steps: 22
[2025-12-29 23:24:50,403][__main__][INFO] - Using SFTTrainer with chat template
[2025-12-29 23:24:50,575][unsloth.trainer][INFO] - Unsloth: Sample packing enabled for SFTTrainer instance.
[2025-12-29 23:24:50,784][__main__][INFO] - ================================================================================
[2025-12-29 23:24:50,784][__main__][INFO] - Resuming training from: outputs/milestone_meta-llama_Llama-3.2-1B_r16/checkpoint-15
[2025-12-29 23:24:50,784][__main__][INFO] - Will train until step: 22
[2025-12-29 23:24:50,784][__main__][INFO] - ================================================================================
[2025-12-29 23:27:04,641][__main__][INFO] - ================================================================================
[2025-12-29 23:27:04,647][__main__][INFO] - Milestone segment training complete!
[2025-12-29 23:27:04,647][__main__][INFO] - Checkpoint saved to: outputs/milestone_meta-llama_Llama-3.2-1B_r16/checkpoint-22
[2025-12-29 23:27:04,647][__main__][INFO] - Total steps: 22
[2025-12-29 23:27:04,647][__main__][INFO] - ================================================================================
[2025-12-29 23:27:04,647][train_utils][INFO] - Merging LoRA weights to: outputs/milestone_meta-llama_Llama-3.2-1B_r16/merged/checkpoint-22
[2025-12-29 23:27:08,636][train_utils][INFO] - ✅ Merged model saved
[2025-12-29 23:27:08,644][__main__][INFO] - ================================================================================
[2025-12-29 23:35:43,177][__main__][INFO] - ================================================================================
[2025-12-29 23:35:43,177][__main__][INFO] - Starting Milestone Segment Training
[2025-12-29 23:35:43,177][__main__][INFO] - ================================================================================
[2025-12-29 23:35:43,179][__main__][INFO] - Milestone configuration:
[2025-12-29 23:35:43,179][__main__][INFO] -   Target tokens: 4,000,000
[2025-12-29 23:35:43,179][__main__][INFO] -   Resume from: outputs/milestone_meta-llama_Llama-3.2-1B_r16/checkpoint-22
[2025-12-29 23:35:53,787][__main__][INFO] - Loading IT tokenizer meta-llama/Llama-3.2-1B-Instruct for chat template
[2025-12-29 23:35:57,115][__main__][INFO] - Token calculation:
[2025-12-29 23:35:57,115][__main__][INFO] -   Tokens per step: 131,072
[2025-12-29 23:35:57,115][__main__][INFO] -   Max steps: 30
[2025-12-29 23:35:57,115][__main__][INFO] - Using SFTTrainer with chat template
[2025-12-29 23:35:57,285][unsloth.trainer][INFO] - Unsloth: Sample packing enabled for SFTTrainer instance.
[2025-12-29 23:35:57,480][__main__][INFO] - ================================================================================
[2025-12-29 23:35:57,480][__main__][INFO] - Resuming training from: outputs/milestone_meta-llama_Llama-3.2-1B_r16/checkpoint-22
[2025-12-29 23:35:57,480][__main__][INFO] - Will train until step: 30
[2025-12-29 23:35:57,480][__main__][INFO] - ================================================================================
[2025-12-29 23:38:29,634][__main__][INFO] - ================================================================================
[2025-12-29 23:38:29,640][__main__][INFO] - Milestone segment training complete!
[2025-12-29 23:38:29,641][__main__][INFO] - Checkpoint saved to: outputs/milestone_meta-llama_Llama-3.2-1B_r16/checkpoint-30
[2025-12-29 23:38:29,641][__main__][INFO] - Total steps: 30
[2025-12-29 23:38:29,641][__main__][INFO] - ================================================================================
[2025-12-29 23:38:29,641][train_utils][INFO] - Merging LoRA weights to: outputs/milestone_meta-llama_Llama-3.2-1B_r16/merged/checkpoint-30
[2025-12-29 23:38:33,738][train_utils][INFO] - ✅ Merged model saved
[2025-12-29 23:38:33,745][__main__][INFO] - ================================================================================
[2026-01-01 16:27:36,978][__main__][INFO] - ================================================================================
[2026-01-01 16:27:36,978][__main__][INFO] - Starting Milestone Segment Training
[2026-01-01 16:27:36,978][__main__][INFO] - ================================================================================
[2026-01-01 16:27:36,981][__main__][INFO] - Milestone configuration:
[2026-01-01 16:27:36,981][__main__][INFO] -   Target tokens: 10,000
[2026-01-01 16:27:36,981][__main__][INFO] -   Total training tokens (for LR schedule): 10,000
[2026-01-01 16:27:36,981][__main__][INFO] -   Resume from: scratch
[2026-01-01 16:27:48,905][__main__][INFO] - Loading IT tokenizer meta-llama/Llama-3.2-1B-Instruct for chat template
[2026-01-01 16:27:52,824][__main__][INFO] - Token calculation:
[2026-01-01 16:27:52,824][__main__][INFO] -   Tokens per step: 131,072
[2026-01-01 16:27:52,824][__main__][INFO] -   Max steps (current milestone): 0
[2026-01-01 16:27:52,824][__main__][INFO] -   Total steps (for scheduler): 0
[2026-01-01 16:27:52,824][__main__][INFO] - Using SFTTrainer with chat template
[2026-01-01 16:27:52,989][unsloth.trainer][INFO] - Unsloth: Sample packing enabled for SFTTrainer instance.
[2026-01-01 16:27:53,241][__main__][INFO] - Added lr_scheduler callback to sorrec schedule on train start
[2026-01-01 16:27:53,241][__main__][INFO] - ================================================================================
[2026-01-01 16:27:53,241][__main__][INFO] - Starting training from scratch
[2026-01-01 16:27:53,241][__main__][INFO] - Will train for: 0 steps (10,000 tokens)
[2026-01-01 16:27:53,241][__main__][INFO] - ================================================================================
[2026-01-01 16:28:32,666][__main__][INFO] - ================================================================================
[2026-01-01 16:28:32,666][__main__][INFO] - Starting Milestone Segment Training
[2026-01-01 16:28:32,666][__main__][INFO] - ================================================================================
[2026-01-01 16:28:32,667][__main__][INFO] - Milestone configuration:
[2026-01-01 16:28:32,667][__main__][INFO] -   Target tokens: 10,000
[2026-01-01 16:28:32,667][__main__][INFO] -   Total training tokens (for LR schedule): 10,000
[2026-01-01 16:28:32,667][__main__][INFO] -   Resume from: scratch
[2026-01-01 16:28:43,632][__main__][INFO] - Loading IT tokenizer meta-llama/Llama-3.2-1B-Instruct for chat template
[2026-01-01 16:28:47,181][__main__][INFO] - Token calculation:
[2026-01-01 16:28:47,181][__main__][INFO] -   Tokens per step: 131,072
[2026-01-01 16:28:47,181][__main__][INFO] -   Max steps (current milestone): 0
[2026-01-01 16:28:47,181][__main__][INFO] -   Total steps (for scheduler): 0
[2026-01-01 16:28:47,181][__main__][INFO] - Using SFTTrainer with chat template
[2026-01-01 16:28:47,350][unsloth.trainer][INFO] - Unsloth: Sample packing enabled for SFTTrainer instance.
[2026-01-01 16:28:47,550][__main__][INFO] - Added lr_scheduler callback to sorrec schedule on train start
[2026-01-01 16:28:47,550][__main__][INFO] - ================================================================================
[2026-01-01 16:28:47,550][__main__][INFO] - Starting training from scratch
[2026-01-01 16:28:47,550][__main__][INFO] - Will train for: 0 steps (10,000 tokens)
[2026-01-01 16:28:47,550][__main__][INFO] - ================================================================================
[2026-01-01 16:28:50,068][train_utils][INFO] - Scheduler type: <class 'torch.optim.lr_scheduler.LambdaLR'>
[2026-01-01 16:28:50,068][train_utils][INFO] - Scheduler attributes: ['base_lrs', 'get_last_lr', 'get_lr', 'last_epoch', 'load_state_dict', 'lr_lambdas', 'optimizer', 'state_dict', 'step']
[2026-01-01 16:29:16,583][__main__][INFO] - ================================================================================
[2026-01-01 16:29:16,583][__main__][INFO] - Milestone segment training complete!
[2026-01-01 16:29:16,583][__main__][INFO] - Checkpoint saved to: outputs/milestone_meta-llama_Llama-3.2-1B_r16/checkpoint-0
[2026-01-01 16:29:16,583][__main__][INFO] - Total steps: 1
[2026-01-01 16:29:16,583][__main__][INFO] - ================================================================================
[2026-01-01 16:29:16,583][train_utils][INFO] - Merging LoRA weights to: outputs/milestone_meta-llama_Llama-3.2-1B_r16/merged/checkpoint-0
[2026-01-01 16:29:20,510][train_utils][INFO] - ✅ Merged model saved
[2026-01-01 16:29:20,517][__main__][INFO] - ================================================================================
[2026-01-01 16:46:51,578][__main__][INFO] - ================================================================================
[2026-01-01 16:46:51,579][__main__][INFO] - Starting Milestone Segment Training
[2026-01-01 16:46:51,579][__main__][INFO] - ================================================================================
[2026-01-01 16:46:51,580][__main__][INFO] - Milestone configuration:
[2026-01-01 16:46:51,580][__main__][INFO] -   Target tokens: 10,000
[2026-01-01 16:46:51,580][__main__][INFO] -   Total training tokens (for LR schedule): 10,000
[2026-01-01 16:46:51,580][__main__][INFO] -   Resume from: scratch
[2026-01-01 16:47:01,891][__main__][INFO] - Loading IT tokenizer meta-llama/Llama-3.2-1B-Instruct for chat template
[2026-01-01 16:47:07,889][__main__][INFO] - Token calculation:
[2026-01-01 16:47:07,889][__main__][INFO] -   Tokens per step: 131,072
[2026-01-01 16:47:07,890][__main__][INFO] -   Max steps (current milestone): 0
[2026-01-01 16:47:07,890][__main__][INFO] -   Total steps (for scheduler): 0
[2026-01-01 16:47:07,890][__main__][INFO] - Using SFTTrainer with chat template
[2026-01-01 16:47:08,063][unsloth.trainer][INFO] - Unsloth: Sample packing enabled for SFTTrainer instance.
[2026-01-01 16:47:08,264][__main__][INFO] - ================================================================================
[2026-01-01 16:47:08,265][__main__][INFO] - Starting training from scratch
[2026-01-01 16:47:08,265][__main__][INFO] - Will train for: 0 steps (10,000 tokens)
[2026-01-01 16:47:08,265][__main__][INFO] - ================================================================================
[2026-01-01 16:47:10,939][train_utils][INFO] - Fixed scheduler to use total_steps=0 (warmup=0)
[2026-01-01 16:47:36,276][__main__][INFO] - ================================================================================
[2026-01-01 16:47:36,276][__main__][INFO] - Milestone segment training complete!
[2026-01-01 16:47:36,276][__main__][INFO] - Checkpoint saved to: outputs/milestone_meta-llama_Llama-3.2-1B_r16/checkpoint-0
[2026-01-01 16:47:36,276][__main__][INFO] - Total steps: 1
[2026-01-01 16:47:36,276][__main__][INFO] - ================================================================================
[2026-01-01 16:47:36,276][train_utils][INFO] - Merging LoRA weights to: outputs/milestone_meta-llama_Llama-3.2-1B_r16/merged/checkpoint-0
[2026-01-01 16:47:40,726][train_utils][INFO] - ✅ Merged model saved
[2026-01-01 16:47:40,726][__main__][INFO] - ================================================================================
[2026-01-01 16:47:50,702][__main__][INFO] - ================================================================================
[2026-01-01 16:47:50,702][__main__][INFO] - Starting Milestone Segment Training
[2026-01-01 16:47:50,702][__main__][INFO] - ================================================================================
[2026-01-01 16:47:50,703][__main__][INFO] - Milestone configuration:
[2026-01-01 16:47:50,703][__main__][INFO] -   Target tokens: 20,000
[2026-01-01 16:47:50,703][__main__][INFO] -   Total training tokens (for LR schedule): 20,000
[2026-01-01 16:47:50,703][__main__][INFO] -   Resume from: outputs/milestone_meta-llama_Llama-3.2-1B_r16/checkpoint-0
[2026-01-01 16:48:01,562][__main__][INFO] - Loading IT tokenizer meta-llama/Llama-3.2-1B-Instruct for chat template
[2026-01-01 16:48:04,661][__main__][INFO] - Token calculation:
[2026-01-01 16:48:04,662][__main__][INFO] -   Tokens per step: 131,072
[2026-01-01 16:48:04,662][__main__][INFO] -   Max steps (current milestone): 0
[2026-01-01 16:48:04,662][__main__][INFO] -   Total steps (for scheduler): 0
[2026-01-01 16:48:04,662][__main__][INFO] - Using SFTTrainer with chat template
[2026-01-01 16:48:04,835][unsloth.trainer][INFO] - Unsloth: Sample packing enabled for SFTTrainer instance.
[2026-01-01 16:48:05,034][__main__][INFO] - ================================================================================
[2026-01-01 16:48:05,034][__main__][INFO] - Resuming training from: outputs/milestone_meta-llama_Llama-3.2-1B_r16/checkpoint-0
[2026-01-01 16:48:05,034][__main__][INFO] - Will train until step: 0
[2026-01-01 16:48:05,034][__main__][INFO] - ================================================================================
[2026-01-01 16:54:54,698][__main__][INFO] - ================================================================================
[2026-01-01 16:54:54,698][__main__][INFO] - Starting Milestone Segment Training
[2026-01-01 16:54:54,698][__main__][INFO] - ================================================================================
[2026-01-01 16:54:54,699][__main__][INFO] - Milestone configuration:
[2026-01-01 16:54:54,699][__main__][INFO] -   Target tokens: 100,000
[2026-01-01 16:54:54,699][__main__][INFO] -   Total training tokens (for LR schedule): 100,000
[2026-01-01 16:54:54,699][__main__][INFO] -   Resume from: scratch
[2026-01-01 16:55:04,990][__main__][INFO] - Loading IT tokenizer meta-llama/Llama-3.2-1B-Instruct for chat template
[2026-01-01 16:55:08,109][__main__][INFO] -   Tokens per step: batch_size131,072
[2026-01-01 16:55:08,109][__main__][INFO] - Step Calculation Details:
  - Target Tokens: 100000
  - Batch Size: 32
  - Gradient Accumulation Steps: 2
  - Sequence Length: 2048
  - World Size (GPUs): 1
  - Resulting Total Steps: 0
[2026-01-01 16:55:08,109][__main__][INFO] - Token calculation:
[2026-01-01 16:55:08,109][__main__][INFO] -   Tokens per step: 131,072
[2026-01-01 16:55:08,109][__main__][INFO] -   Max steps (current milestone): 0
[2026-01-01 16:55:08,109][__main__][INFO] -   Total steps (for scheduler): 0
[2026-01-01 16:55:08,110][__main__][INFO] - Using SFTTrainer with chat template
[2026-01-01 16:55:08,279][unsloth.trainer][INFO] - Unsloth: Sample packing enabled for SFTTrainer instance.
[2026-01-01 16:55:08,487][__main__][INFO] - ================================================================================
[2026-01-01 16:55:08,487][__main__][INFO] - Starting training from scratch
[2026-01-01 16:55:08,487][__main__][INFO] - Will train for: 0 steps (100,000 tokens)
[2026-01-01 16:55:08,487][__main__][INFO] - ================================================================================
[2026-01-01 16:55:11,136][train_utils][INFO] - Fixed scheduler to use total_steps=0 (warmup=0)
[2026-01-01 17:03:59,817][__main__][INFO] - ================================================================================
[2026-01-01 17:03:59,817][__main__][INFO] - Starting Milestone Segment Training
[2026-01-01 17:03:59,817][__main__][INFO] - ================================================================================
[2026-01-01 17:03:59,818][__main__][INFO] - Milestone configuration:
[2026-01-01 17:03:59,818][__main__][INFO] -   Target tokens: 100,000
[2026-01-01 17:03:59,818][__main__][INFO] -   Total training tokens (for LR schedule): 500,000
[2026-01-01 17:03:59,818][__main__][INFO] -   Resume from: scratch
[2026-01-01 17:04:10,275][__main__][INFO] - Loading IT tokenizer meta-llama/Llama-3.2-1B-Instruct for chat template
[2026-01-01 17:04:13,683][__main__][INFO] -   Tokens per step: batch_size131,072
[2026-01-01 17:04:13,683][__main__][INFO] - Step Calculation Details:
  - Target Tokens: 500000
  - Batch Size: 32
  - Gradient Accumulation Steps: 2
  - Sequence Length: 2048
  - World Size (GPUs): 1
  - Resulting Total Steps: 3
[2026-01-01 17:04:13,683][__main__][INFO] - Token calculation:
[2026-01-01 17:04:13,683][__main__][INFO] -   Tokens per step: 131,072
[2026-01-01 17:04:13,683][__main__][INFO] -   Max steps (current milestone): 0
[2026-01-01 17:04:13,683][__main__][INFO] -   Total steps (for scheduler): 3
[2026-01-01 17:04:13,684][__main__][INFO] - Using SFTTrainer with chat template
[2026-01-01 17:04:13,851][unsloth.trainer][INFO] - Unsloth: Sample packing enabled for SFTTrainer instance.
[2026-01-01 17:04:14,063][__main__][INFO] - ================================================================================
[2026-01-01 17:04:14,063][__main__][INFO] - Starting training from scratch
[2026-01-01 17:04:14,063][__main__][INFO] - Will train for: 0 steps (100,000 tokens)
[2026-01-01 17:04:14,063][__main__][INFO] - ================================================================================
[2026-01-01 17:04:14,063][__main__][INFO] - ================================================================================
[2026-01-01 17:04:14,063][__main__][INFO] - Milestone segment training complete!
[2026-01-01 17:04:14,063][__main__][INFO] - Checkpoint saved to: outputs/milestone_meta-llama_Llama-3.2-1B_r16/checkpoint-0
[2026-01-01 17:04:14,063][__main__][INFO] - Total steps: 0
[2026-01-01 17:04:14,063][__main__][INFO] - ================================================================================
[2026-01-01 17:04:14,063][train_utils][INFO] - Merging LoRA weights to: outputs/milestone_meta-llama_Llama-3.2-1B_r16/merged/checkpoint-0
[2026-01-01 17:04:18,546][train_utils][INFO] - ✅ Merged model saved
[2026-01-01 17:04:18,546][__main__][INFO] - ================================================================================
[2026-01-01 17:04:26,986][__main__][INFO] - ================================================================================
[2026-01-01 17:04:26,986][__main__][INFO] - Starting Milestone Segment Training
[2026-01-01 17:04:26,986][__main__][INFO] - ================================================================================
[2026-01-01 17:04:26,987][__main__][INFO] - Milestone configuration:
[2026-01-01 17:04:26,988][__main__][INFO] -   Target tokens: 200,000
[2026-01-01 17:04:26,988][__main__][INFO] -   Total training tokens (for LR schedule): 500,000
[2026-01-01 17:04:26,988][__main__][INFO] -   Resume from: outputs/milestone_meta-llama_Llama-3.2-1B_r16/checkpoint-0
[2026-01-01 17:04:37,375][__main__][INFO] - Loading IT tokenizer meta-llama/Llama-3.2-1B-Instruct for chat template
[2026-01-01 17:04:40,396][__main__][INFO] -   Tokens per step: batch_size131,072
[2026-01-01 17:04:40,396][__main__][INFO] - Step Calculation Details:
  - Target Tokens: 500000
  - Batch Size: 32
  - Gradient Accumulation Steps: 2
  - Sequence Length: 2048
  - World Size (GPUs): 1
  - Resulting Total Steps: 3
[2026-01-01 17:04:40,396][__main__][INFO] - Token calculation:
[2026-01-01 17:04:40,396][__main__][INFO] -   Tokens per step: 131,072
[2026-01-01 17:04:40,396][__main__][INFO] -   Max steps (current milestone): 1
[2026-01-01 17:04:40,396][__main__][INFO] -   Total steps (for scheduler): 3
[2026-01-01 17:04:40,396][__main__][INFO] - Using SFTTrainer with chat template
[2026-01-01 17:04:40,561][unsloth.trainer][INFO] - Unsloth: Sample packing enabled for SFTTrainer instance.
[2026-01-01 17:04:40,781][__main__][INFO] - ================================================================================
[2026-01-01 17:04:40,781][__main__][INFO] - Resuming training from: outputs/milestone_meta-llama_Llama-3.2-1B_r16/checkpoint-0
[2026-01-01 17:04:40,781][__main__][INFO] - Will train until step: 1
[2026-01-01 17:04:40,781][__main__][INFO] - ================================================================================
[2026-01-01 17:04:40,781][__main__][INFO] - ================================================================================
[2026-01-01 17:04:40,781][__main__][INFO] - Milestone segment training complete!
[2026-01-01 17:04:40,781][__main__][INFO] - Checkpoint saved to: outputs/milestone_meta-llama_Llama-3.2-1B_r16/checkpoint-1
[2026-01-01 17:04:40,781][__main__][INFO] - Total steps: 0
[2026-01-01 17:04:40,781][__main__][ERROR] - Training stopped early! Expected 1 steps, got 0
[2026-01-01 17:04:40,782][__main__][ERROR] - Dataset exhausted before reaching milestone. Consider: smaller milestones, more data, or multiple epochs.
[2026-01-01 17:05:03,206][__main__][INFO] - ================================================================================
[2026-01-01 17:05:03,206][__main__][INFO] - Starting Milestone Segment Training
[2026-01-01 17:05:03,206][__main__][INFO] - ================================================================================
[2026-01-01 17:05:03,208][__main__][INFO] - Milestone configuration:
[2026-01-01 17:05:03,208][__main__][INFO] -   Target tokens: 1,000,000
[2026-01-01 17:05:03,208][__main__][INFO] -   Total training tokens (for LR schedule): 5,000,000
[2026-01-01 17:05:03,208][__main__][INFO] -   Resume from: scratch
[2026-01-01 17:05:13,822][__main__][INFO] - Loading IT tokenizer meta-llama/Llama-3.2-1B-Instruct for chat template
[2026-01-01 17:05:41,832][__main__][INFO] -   Tokens per step: batch_size131,072
[2026-01-01 17:05:41,832][__main__][INFO] - Step Calculation Details:
  - Target Tokens: 5000000
  - Batch Size: 32
  - Gradient Accumulation Steps: 2
  - Sequence Length: 2048
  - World Size (GPUs): 1
  - Resulting Total Steps: 38
[2026-01-01 17:05:41,832][__main__][INFO] - Token calculation:
[2026-01-01 17:05:41,832][__main__][INFO] -   Tokens per step: 131,072
[2026-01-01 17:05:41,832][__main__][INFO] -   Max steps (current milestone): 7
[2026-01-01 17:05:41,832][__main__][INFO] -   Total steps (for scheduler): 38
[2026-01-01 17:05:41,832][__main__][INFO] - Using SFTTrainer with chat template
[2026-01-01 17:05:42,007][unsloth.trainer][INFO] - Unsloth: Sample packing enabled for SFTTrainer instance.
[2026-01-01 17:05:42,227][__main__][INFO] - ================================================================================
[2026-01-01 17:05:42,227][__main__][INFO] - Starting training from scratch
[2026-01-01 17:05:42,227][__main__][INFO] - Will train for: 7 steps (1,000,000 tokens)
[2026-01-01 17:05:42,227][__main__][INFO] - ================================================================================
[2026-01-01 17:05:42,227][__main__][INFO] - ================================================================================
[2026-01-01 17:05:42,227][__main__][INFO] - Milestone segment training complete!
[2026-01-01 17:05:42,228][__main__][INFO] - Checkpoint saved to: outputs/milestone_meta-llama_Llama-3.2-1B_r16/checkpoint-7
[2026-01-01 17:05:42,228][__main__][INFO] - Total steps: 0
[2026-01-01 17:05:42,228][__main__][ERROR] - Training stopped early! Expected 7 steps, got 0
[2026-01-01 17:05:42,228][__main__][ERROR] - Dataset exhausted before reaching milestone. Consider: smaller milestones, more data, or multiple epochs.
[2026-01-01 17:07:13,756][__main__][INFO] - ================================================================================
[2026-01-01 17:07:13,756][__main__][INFO] - Starting Milestone Segment Training
[2026-01-01 17:07:13,756][__main__][INFO] - ================================================================================
[2026-01-01 17:07:13,757][__main__][INFO] - Milestone configuration:
[2026-01-01 17:07:13,757][__main__][INFO] -   Target tokens: 1,000,000
[2026-01-01 17:07:13,757][__main__][INFO] -   Total training tokens (for LR schedule): 5,000,000
[2026-01-01 17:07:13,757][__main__][INFO] -   Resume from: scratch
[2026-01-01 17:07:23,876][__main__][INFO] - Loading IT tokenizer meta-llama/Llama-3.2-1B-Instruct for chat template
[2026-01-01 17:07:27,107][__main__][INFO] -   Tokens per step: batch_size131,072
[2026-01-01 17:07:27,107][__main__][INFO] - Step Calculation Details:
  - Target Tokens: 5000000
  - Batch Size: 32
  - Gradient Accumulation Steps: 2
  - Sequence Length: 2048
  - World Size (GPUs): 1
  - Resulting Total Steps: 38
[2026-01-01 17:07:27,107][__main__][INFO] - Token calculation:
[2026-01-01 17:07:27,107][__main__][INFO] -   Tokens per step: 131,072
[2026-01-01 17:07:27,107][__main__][INFO] -   Max steps (current milestone): 7
[2026-01-01 17:07:27,108][__main__][INFO] -   Total steps (for scheduler): 38
[2026-01-01 17:07:27,108][__main__][INFO] - Using SFTTrainer with chat template
[2026-01-01 17:07:27,280][unsloth.trainer][INFO] - Unsloth: Sample packing enabled for SFTTrainer instance.
[2026-01-01 17:07:27,487][__main__][INFO] - ================================================================================
[2026-01-01 17:07:27,487][__main__][INFO] - Starting training from scratch
[2026-01-01 17:07:27,487][__main__][INFO] - Will train for: 7 steps (1,000,000 tokens)
[2026-01-01 17:07:27,487][__main__][INFO] - ================================================================================
[2026-01-01 17:07:30,069][train_utils][INFO] - Fixed scheduler to use total_steps=38 (warmup=1)
[2026-01-01 17:09:37,159][__main__][INFO] - ================================================================================
[2026-01-01 17:09:37,159][__main__][INFO] - Milestone segment training complete!
[2026-01-01 17:09:37,159][__main__][INFO] - Checkpoint saved to: outputs/milestone_meta-llama_Llama-3.2-1B_r16/checkpoint-7
[2026-01-01 17:09:37,159][__main__][INFO] - Total steps: 7
[2026-01-01 17:09:37,159][__main__][INFO] - ================================================================================
[2026-01-01 17:09:37,159][train_utils][INFO] - Merging LoRA weights to: outputs/milestone_meta-llama_Llama-3.2-1B_r16/merged/checkpoint-7
[2026-01-01 17:09:41,277][train_utils][INFO] - ✅ Merged model saved
[2026-01-01 17:09:41,278][__main__][INFO] - ================================================================================
[2026-01-01 17:09:51,240][__main__][INFO] - ================================================================================
[2026-01-01 17:09:51,240][__main__][INFO] - Starting Milestone Segment Training
[2026-01-01 17:09:51,240][__main__][INFO] - ================================================================================
[2026-01-01 17:09:51,241][__main__][INFO] - Milestone configuration:
[2026-01-01 17:09:51,241][__main__][INFO] -   Target tokens: 2,000,000
[2026-01-01 17:09:51,241][__main__][INFO] -   Total training tokens (for LR schedule): 5,000,000
[2026-01-01 17:09:51,241][__main__][INFO] -   Resume from: outputs/milestone_meta-llama_Llama-3.2-1B_r16/checkpoint-7
[2026-01-01 17:10:01,657][__main__][INFO] - Loading IT tokenizer meta-llama/Llama-3.2-1B-Instruct for chat template
[2026-01-01 17:10:05,282][__main__][INFO] -   Tokens per step: batch_size131,072
[2026-01-01 17:10:05,282][__main__][INFO] - Step Calculation Details:
  - Target Tokens: 5000000
  - Batch Size: 32
  - Gradient Accumulation Steps: 2
  - Sequence Length: 2048
  - World Size (GPUs): 1
  - Resulting Total Steps: 38
[2026-01-01 17:10:05,282][__main__][INFO] - Token calculation:
[2026-01-01 17:10:05,282][__main__][INFO] -   Tokens per step: 131,072
[2026-01-01 17:10:05,282][__main__][INFO] -   Max steps (current milestone): 15
[2026-01-01 17:10:05,282][__main__][INFO] -   Total steps (for scheduler): 38
[2026-01-01 17:10:05,282][__main__][INFO] - Using SFTTrainer with chat template
[2026-01-01 17:10:05,445][unsloth.trainer][INFO] - Unsloth: Sample packing enabled for SFTTrainer instance.
[2026-01-01 17:10:05,648][__main__][INFO] - ================================================================================
[2026-01-01 17:10:05,648][__main__][INFO] - Resuming training from: outputs/milestone_meta-llama_Llama-3.2-1B_r16/checkpoint-7
[2026-01-01 17:10:05,648][__main__][INFO] - Will train until step: 15
[2026-01-01 17:10:05,648][__main__][INFO] - ================================================================================
[2026-01-01 17:10:09,942][train_utils][INFO] - Fixed scheduler to use total_steps=38 (warmup=1)
[2026-01-01 17:12:39,045][__main__][INFO] - ================================================================================
[2026-01-01 17:12:39,045][__main__][INFO] - Milestone segment training complete!
[2026-01-01 17:12:39,045][__main__][INFO] - Checkpoint saved to: outputs/milestone_meta-llama_Llama-3.2-1B_r16/checkpoint-15
[2026-01-01 17:12:39,045][__main__][INFO] - Total steps: 15
[2026-01-01 17:12:39,045][__main__][INFO] - ================================================================================
[2026-01-01 17:12:39,045][train_utils][INFO] - Merging LoRA weights to: outputs/milestone_meta-llama_Llama-3.2-1B_r16/merged/checkpoint-15
[2026-01-01 17:12:43,244][train_utils][INFO] - ✅ Merged model saved
[2026-01-01 17:12:43,244][__main__][INFO] - ================================================================================
[2026-01-01 17:12:53,153][__main__][INFO] - ================================================================================
[2026-01-01 17:12:53,153][__main__][INFO] - Starting Milestone Segment Training
[2026-01-01 17:12:53,153][__main__][INFO] - ================================================================================
[2026-01-01 17:12:53,154][__main__][INFO] - Milestone configuration:
[2026-01-01 17:12:53,155][__main__][INFO] -   Target tokens: 3,000,000
[2026-01-01 17:12:53,155][__main__][INFO] -   Total training tokens (for LR schedule): 5,000,000
[2026-01-01 17:12:53,155][__main__][INFO] -   Resume from: outputs/milestone_meta-llama_Llama-3.2-1B_r16/checkpoint-15
[2026-01-01 17:13:03,419][__main__][INFO] - Loading IT tokenizer meta-llama/Llama-3.2-1B-Instruct for chat template
[2026-01-01 17:13:08,109][__main__][INFO] -   Tokens per step: batch_size131,072
[2026-01-01 17:13:08,109][__main__][INFO] - Step Calculation Details:
  - Target Tokens: 5000000
  - Batch Size: 32
  - Gradient Accumulation Steps: 2
  - Sequence Length: 2048
  - World Size (GPUs): 1
  - Resulting Total Steps: 38
[2026-01-01 17:13:08,109][__main__][INFO] - Token calculation:
[2026-01-01 17:13:08,109][__main__][INFO] -   Tokens per step: 131,072
[2026-01-01 17:13:08,109][__main__][INFO] -   Max steps (current milestone): 22
[2026-01-01 17:13:08,109][__main__][INFO] -   Total steps (for scheduler): 38
[2026-01-01 17:13:08,109][__main__][INFO] - Using SFTTrainer with chat template
[2026-01-01 17:13:08,287][unsloth.trainer][INFO] - Unsloth: Sample packing enabled for SFTTrainer instance.
[2026-01-01 17:13:08,492][__main__][INFO] - ================================================================================
[2026-01-01 17:13:08,492][__main__][INFO] - Resuming training from: outputs/milestone_meta-llama_Llama-3.2-1B_r16/checkpoint-15
[2026-01-01 17:13:08,492][__main__][INFO] - Will train until step: 22
[2026-01-01 17:13:08,492][__main__][INFO] - ================================================================================
[2026-01-01 17:13:13,357][train_utils][INFO] - Fixed scheduler to use total_steps=38 (warmup=1)
[2026-01-01 17:15:25,287][__main__][INFO] - ================================================================================
[2026-01-01 17:15:25,287][__main__][INFO] - Milestone segment training complete!
[2026-01-01 17:15:25,287][__main__][INFO] - Checkpoint saved to: outputs/milestone_meta-llama_Llama-3.2-1B_r16/checkpoint-22
[2026-01-01 17:15:25,287][__main__][INFO] - Total steps: 22
[2026-01-01 17:15:25,287][__main__][INFO] - ================================================================================
[2026-01-01 17:15:25,287][train_utils][INFO] - Merging LoRA weights to: outputs/milestone_meta-llama_Llama-3.2-1B_r16/merged/checkpoint-22
[2026-01-01 17:15:29,399][train_utils][INFO] - ✅ Merged model saved
[2026-01-01 17:15:29,399][__main__][INFO] - ================================================================================
[2026-01-01 17:15:39,044][__main__][INFO] - ================================================================================
[2026-01-01 17:15:39,044][__main__][INFO] - Starting Milestone Segment Training
[2026-01-01 17:15:39,044][__main__][INFO] - ================================================================================
[2026-01-01 17:15:39,045][__main__][INFO] - Milestone configuration:
[2026-01-01 17:15:39,045][__main__][INFO] -   Target tokens: 4,000,000
[2026-01-01 17:15:39,045][__main__][INFO] -   Total training tokens (for LR schedule): 5,000,000
[2026-01-01 17:15:39,045][__main__][INFO] -   Resume from: outputs/milestone_meta-llama_Llama-3.2-1B_r16/checkpoint-22
[2026-01-01 17:15:49,469][__main__][INFO] - Loading IT tokenizer meta-llama/Llama-3.2-1B-Instruct for chat template
[2026-01-01 17:15:52,644][__main__][INFO] -   Tokens per step: batch_size131,072
[2026-01-01 17:15:52,644][__main__][INFO] - Step Calculation Details:
  - Target Tokens: 5000000
  - Batch Size: 32
  - Gradient Accumulation Steps: 2
  - Sequence Length: 2048
  - World Size (GPUs): 1
  - Resulting Total Steps: 38
[2026-01-01 17:15:52,644][__main__][INFO] - Token calculation:
[2026-01-01 17:15:52,644][__main__][INFO] -   Tokens per step: 131,072
[2026-01-01 17:15:52,644][__main__][INFO] -   Max steps (current milestone): 30
[2026-01-01 17:15:52,645][__main__][INFO] -   Total steps (for scheduler): 38
[2026-01-01 17:15:52,645][__main__][INFO] - Using SFTTrainer with chat template
[2026-01-01 17:15:52,823][unsloth.trainer][INFO] - Unsloth: Sample packing enabled for SFTTrainer instance.
[2026-01-01 17:15:53,025][__main__][INFO] - ================================================================================
[2026-01-01 17:15:53,026][__main__][INFO] - Resuming training from: outputs/milestone_meta-llama_Llama-3.2-1B_r16/checkpoint-22
[2026-01-01 17:15:53,026][__main__][INFO] - Will train until step: 30
[2026-01-01 17:15:53,026][__main__][INFO] - ================================================================================
[2026-01-01 17:15:57,951][train_utils][INFO] - Fixed scheduler to use total_steps=38 (warmup=1)
[2026-01-01 17:18:27,668][__main__][INFO] - ================================================================================
[2026-01-01 17:18:27,668][__main__][INFO] - Milestone segment training complete!
[2026-01-01 17:18:27,668][__main__][INFO] - Checkpoint saved to: outputs/milestone_meta-llama_Llama-3.2-1B_r16/checkpoint-30
[2026-01-01 17:18:27,668][__main__][INFO] - Total steps: 30
[2026-01-01 17:18:27,668][__main__][INFO] - ================================================================================
[2026-01-01 17:18:27,668][train_utils][INFO] - Merging LoRA weights to: outputs/milestone_meta-llama_Llama-3.2-1B_r16/merged/checkpoint-30
[2026-01-01 17:18:31,716][train_utils][INFO] - ✅ Merged model saved
[2026-01-01 17:18:31,716][__main__][INFO] - ================================================================================
[2026-01-01 17:18:41,342][__main__][INFO] - ================================================================================
[2026-01-01 17:18:41,342][__main__][INFO] - Starting Milestone Segment Training
[2026-01-01 17:18:41,342][__main__][INFO] - ================================================================================
[2026-01-01 17:18:41,343][__main__][INFO] - Milestone configuration:
[2026-01-01 17:18:41,343][__main__][INFO] -   Target tokens: 5,000,000
[2026-01-01 17:18:41,343][__main__][INFO] -   Total training tokens (for LR schedule): 5,000,000
[2026-01-01 17:18:41,344][__main__][INFO] -   Resume from: outputs/milestone_meta-llama_Llama-3.2-1B_r16/checkpoint-30
[2026-01-01 17:18:51,666][__main__][INFO] - Loading IT tokenizer meta-llama/Llama-3.2-1B-Instruct for chat template
[2026-01-01 17:18:54,805][__main__][INFO] -   Tokens per step: batch_size131,072
[2026-01-01 17:18:54,805][__main__][INFO] - Step Calculation Details:
  - Target Tokens: 5000000
  - Batch Size: 32
  - Gradient Accumulation Steps: 2
  - Sequence Length: 2048
  - World Size (GPUs): 1
  - Resulting Total Steps: 38
[2026-01-01 17:18:54,805][__main__][INFO] - Token calculation:
[2026-01-01 17:18:54,805][__main__][INFO] -   Tokens per step: 131,072
[2026-01-01 17:18:54,805][__main__][INFO] -   Max steps (current milestone): 38
[2026-01-01 17:18:54,805][__main__][INFO] -   Total steps (for scheduler): 38
[2026-01-01 17:18:54,805][__main__][INFO] - Using SFTTrainer with chat template
[2026-01-01 17:18:54,981][unsloth.trainer][INFO] - Unsloth: Sample packing enabled for SFTTrainer instance.
[2026-01-01 17:18:55,182][__main__][INFO] - ================================================================================
[2026-01-01 17:18:55,182][__main__][INFO] - Resuming training from: outputs/milestone_meta-llama_Llama-3.2-1B_r16/checkpoint-30
[2026-01-01 17:18:55,182][__main__][INFO] - Will train until step: 38
[2026-01-01 17:18:55,182][__main__][INFO] - ================================================================================
[2026-01-01 17:18:59,554][train_utils][INFO] - Fixed scheduler to use total_steps=38 (warmup=1)
[2026-01-01 17:21:26,366][__main__][INFO] - ================================================================================
[2026-01-01 17:21:26,366][__main__][INFO] - Milestone segment training complete!
[2026-01-01 17:21:26,366][__main__][INFO] - Checkpoint saved to: outputs/milestone_meta-llama_Llama-3.2-1B_r16/checkpoint-38
[2026-01-01 17:21:26,366][__main__][INFO] - Total steps: 38
[2026-01-01 17:21:26,366][__main__][INFO] - ================================================================================
[2026-01-01 17:21:26,366][train_utils][INFO] - Merging LoRA weights to: outputs/milestone_meta-llama_Llama-3.2-1B_r16/merged/checkpoint-38
[2026-01-01 17:21:30,278][train_utils][INFO] - ✅ Merged model saved
[2026-01-01 17:21:30,278][__main__][INFO] - ================================================================================
[2026-01-01 17:41:35,822][__main__][INFO] - ================================================================================
[2026-01-01 17:41:35,822][__main__][INFO] - Starting Milestone Segment Training
[2026-01-01 17:41:35,822][__main__][INFO] - ================================================================================
[2026-01-01 17:41:35,823][__main__][INFO] - Milestone configuration:
[2026-01-01 17:41:35,823][__main__][INFO] -   Target tokens: 10,000,000
[2026-01-01 17:41:35,823][__main__][INFO] -   Total training tokens (for LR schedule): 100,000,000
[2026-01-01 17:41:35,823][__main__][INFO] -   Resume from: scratch
[2026-01-01 17:41:46,353][__main__][INFO] - Loading IT tokenizer meta-llama/Llama-3.2-1B-Instruct for chat template
[2026-01-01 17:41:49,539][__main__][INFO] -   Tokens per step: batch_size131,072
[2026-01-01 17:41:49,539][__main__][INFO] - Step Calculation Details:
  - Target Tokens: 100000000
  - Batch Size: 32
  - Gradient Accumulation Steps: 2
  - Sequence Length: 2048
  - World Size (GPUs): 1
  - Resulting Total Steps: 762
[2026-01-01 17:41:49,539][__main__][INFO] - Token calculation:
[2026-01-01 17:41:49,539][__main__][INFO] -   Tokens per step: 131,072
[2026-01-01 17:41:49,539][__main__][INFO] -   Max steps (current milestone): 76
[2026-01-01 17:41:49,539][__main__][INFO] -   Total steps (for scheduler): 762
[2026-01-01 17:41:49,539][__main__][INFO] - Using SFTTrainer with chat template
[2026-01-01 17:41:49,718][unsloth.trainer][INFO] - Unsloth: Sample packing enabled for SFTTrainer instance.
[2026-01-01 17:41:49,926][__main__][INFO] - ================================================================================
[2026-01-01 17:41:49,926][__main__][INFO] - Starting training from scratch
[2026-01-01 17:41:49,926][__main__][INFO] - Will train for: 76 steps (10,000,000 tokens)
[2026-01-01 17:41:49,926][__main__][INFO] - ================================================================================
[2026-01-01 17:41:52,572][train_utils][INFO] - Fixed scheduler to use total_steps=762 (warmup=22)
[2026-01-01 18:03:45,912][__main__][INFO] - ================================================================================
[2026-01-01 18:03:45,912][__main__][INFO] - Milestone segment training complete!
[2026-01-01 18:03:45,912][__main__][INFO] - Checkpoint saved to: outputs/milestone_meta-llama_Llama-3.2-1B_r16/checkpoint-76
[2026-01-01 18:03:45,912][__main__][INFO] - Total steps: 76
[2026-01-01 18:03:45,912][__main__][INFO] - ================================================================================
[2026-01-01 18:03:45,912][train_utils][INFO] - Merging LoRA weights to: outputs/milestone_meta-llama_Llama-3.2-1B_r16/merged/checkpoint-76
[2026-01-01 18:03:49,823][train_utils][INFO] - ✅ Merged model saved
[2026-01-01 18:03:49,823][__main__][INFO] - ================================================================================
[2026-01-01 18:12:49,397][__main__][INFO] - ================================================================================
[2026-01-01 18:12:49,397][__main__][INFO] - Starting Milestone Segment Training
[2026-01-01 18:12:49,397][__main__][INFO] - ================================================================================
[2026-01-01 18:12:49,398][__main__][INFO] - Milestone configuration:
[2026-01-01 18:12:49,399][__main__][INFO] -   Target tokens: 20,000,000
[2026-01-01 18:12:49,399][__main__][INFO] -   Total training tokens (for LR schedule): 100,000,000
[2026-01-01 18:12:49,399][__main__][INFO] -   Resume from: outputs/milestone_meta-llama_Llama-3.2-1B_r16/checkpoint-76
[2026-01-01 18:13:00,278][__main__][INFO] - Loading IT tokenizer meta-llama/Llama-3.2-1B-Instruct for chat template
[2026-01-01 18:13:04,130][__main__][INFO] -   Tokens per step: batch_size131,072
[2026-01-01 18:13:04,131][__main__][INFO] - Step Calculation Details:
  - Target Tokens: 100000000
  - Batch Size: 32
  - Gradient Accumulation Steps: 2
  - Sequence Length: 2048
  - World Size (GPUs): 1
  - Resulting Total Steps: 762
[2026-01-01 18:13:04,131][__main__][INFO] - Token calculation:
[2026-01-01 18:13:04,131][__main__][INFO] -   Tokens per step: 131,072
[2026-01-01 18:13:04,131][__main__][INFO] -   Max steps (current milestone): 152
[2026-01-01 18:13:04,131][__main__][INFO] -   Total steps (for scheduler): 762
[2026-01-01 18:13:04,131][__main__][INFO] - Using SFTTrainer with chat template
[2026-01-01 18:13:04,313][unsloth.trainer][INFO] - Unsloth: Sample packing enabled for SFTTrainer instance.
[2026-01-01 18:13:04,546][__main__][INFO] - ================================================================================
[2026-01-01 18:13:04,547][__main__][INFO] - Resuming training from: outputs/milestone_meta-llama_Llama-3.2-1B_r16/checkpoint-76
[2026-01-01 18:13:04,547][__main__][INFO] - Will train until step: 152
[2026-01-01 18:13:04,547][__main__][INFO] - ================================================================================
[2026-01-01 18:13:09,336][train_utils][INFO] - Fixed scheduler to use total_steps=762 (warmup=22)
[2026-01-01 18:35:11,052][__main__][INFO] - ================================================================================
[2026-01-01 18:35:11,052][__main__][INFO] - Milestone segment training complete!
[2026-01-01 18:35:11,052][__main__][INFO] - Checkpoint saved to: outputs/milestone_meta-llama_Llama-3.2-1B_r16/checkpoint-152
[2026-01-01 18:35:11,052][__main__][INFO] - Total steps: 152
[2026-01-01 18:35:11,052][__main__][INFO] - ================================================================================
[2026-01-01 18:35:11,052][train_utils][INFO] - Merging LoRA weights to: outputs/milestone_meta-llama_Llama-3.2-1B_r16/merged/checkpoint-152
[2026-01-01 18:35:16,101][train_utils][INFO] - ✅ Merged model saved
[2026-01-01 18:35:16,101][__main__][INFO] - ================================================================================
[2026-01-01 18:43:53,870][__main__][INFO] - ================================================================================
[2026-01-01 18:43:53,870][__main__][INFO] - Starting Milestone Segment Training
[2026-01-01 18:43:53,870][__main__][INFO] - ================================================================================
[2026-01-01 18:43:53,871][__main__][INFO] - Milestone configuration:
[2026-01-01 18:43:53,871][__main__][INFO] -   Target tokens: 30,000,000
[2026-01-01 18:43:53,871][__main__][INFO] -   Total training tokens (for LR schedule): 100,000,000
[2026-01-01 18:43:53,871][__main__][INFO] -   Resume from: outputs/milestone_meta-llama_Llama-3.2-1B_r16/checkpoint-152
[2026-01-01 18:44:04,014][__main__][INFO] - Loading IT tokenizer meta-llama/Llama-3.2-1B-Instruct for chat template
[2026-01-01 18:44:15,314][datasets.load][WARNING] - Using the latest cached version of the dataset since danp27/norobots_sft couldn't be found on the Hugging Face Hub
[2026-01-01 18:44:15,315][datasets.packaged_modules.cache.cache][WARNING] - Found the latest cached dataset configuration 'default' at /home/dan-parii/.cache/huggingface/datasets/danp27___norobots_sft/default/0.0.0/380627eb886e458f364df056961e108159a01e95 (last modified on Mon Dec 29 22:36:44 2025).
[2026-01-01 18:44:15,990][__main__][INFO] -   Tokens per step: batch_size131,072
[2026-01-01 18:44:15,990][__main__][INFO] - Step Calculation Details:
  - Target Tokens: 100000000
  - Batch Size: 32
  - Gradient Accumulation Steps: 2
  - Sequence Length: 2048
  - World Size (GPUs): 1
  - Resulting Total Steps: 762
[2026-01-01 18:44:15,990][__main__][INFO] - Token calculation:
[2026-01-01 18:44:15,991][__main__][INFO] -   Tokens per step: 131,072
[2026-01-01 18:44:15,991][__main__][INFO] -   Max steps (current milestone): 228
[2026-01-01 18:44:15,991][__main__][INFO] -   Total steps (for scheduler): 762
[2026-01-01 18:44:15,991][__main__][INFO] - Using SFTTrainer with chat template
[2026-01-01 18:44:16,161][unsloth.trainer][INFO] - Unsloth: Sample packing enabled for SFTTrainer instance.
[2026-01-01 18:44:16,381][__main__][INFO] - ================================================================================
[2026-01-01 18:44:16,381][__main__][INFO] - Resuming training from: outputs/milestone_meta-llama_Llama-3.2-1B_r16/checkpoint-152
[2026-01-01 18:44:16,381][__main__][INFO] - Will train until step: 228
[2026-01-01 18:44:16,382][__main__][INFO] - ================================================================================
[2026-01-01 18:44:20,927][train_utils][INFO] - Fixed scheduler to use total_steps=762 (warmup=22)
[2026-01-01 19:06:09,203][__main__][INFO] - ================================================================================
[2026-01-01 19:06:09,203][__main__][INFO] - Milestone segment training complete!
[2026-01-01 19:06:09,203][__main__][INFO] - Checkpoint saved to: outputs/milestone_meta-llama_Llama-3.2-1B_r16/checkpoint-228
[2026-01-01 19:06:09,203][__main__][INFO] - Total steps: 228
[2026-01-01 19:06:09,203][__main__][INFO] - ================================================================================
[2026-01-01 19:06:09,203][train_utils][INFO] - Merging LoRA weights to: outputs/milestone_meta-llama_Llama-3.2-1B_r16/merged/checkpoint-228
[2026-01-01 19:06:13,426][train_utils][INFO] - ✅ Merged model saved
[2026-01-01 19:06:13,434][__main__][INFO] - ================================================================================
[2026-01-01 19:14:59,720][__main__][INFO] - ================================================================================
[2026-01-01 19:14:59,720][__main__][INFO] - Starting Milestone Segment Training
[2026-01-01 19:14:59,720][__main__][INFO] - ================================================================================
[2026-01-01 19:14:59,721][__main__][INFO] - Milestone configuration:
[2026-01-01 19:14:59,721][__main__][INFO] -   Target tokens: 40,000,000
[2026-01-01 19:14:59,721][__main__][INFO] -   Total training tokens (for LR schedule): 100,000,000
[2026-01-01 19:14:59,721][__main__][INFO] -   Resume from: outputs/milestone_meta-llama_Llama-3.2-1B_r16/checkpoint-228
[2026-01-01 19:15:10,570][__main__][INFO] - Loading IT tokenizer meta-llama/Llama-3.2-1B-Instruct for chat template
[2026-01-01 19:15:13,823][__main__][INFO] -   Tokens per step: batch_size131,072
[2026-01-01 19:15:13,824][__main__][INFO] - Step Calculation Details:
  - Target Tokens: 100000000
  - Batch Size: 32
  - Gradient Accumulation Steps: 2
  - Sequence Length: 2048
  - World Size (GPUs): 1
  - Resulting Total Steps: 762
[2026-01-01 19:15:13,824][__main__][INFO] - Token calculation:
[2026-01-01 19:15:13,824][__main__][INFO] -   Tokens per step: 131,072
[2026-01-01 19:15:13,824][__main__][INFO] -   Max steps (current milestone): 305
[2026-01-01 19:15:13,824][__main__][INFO] -   Total steps (for scheduler): 762
[2026-01-01 19:15:13,824][__main__][INFO] - Using SFTTrainer with chat template
[2026-01-01 19:15:14,004][unsloth.trainer][INFO] - Unsloth: Sample packing enabled for SFTTrainer instance.
[2026-01-01 19:15:14,208][__main__][INFO] - ================================================================================
[2026-01-01 19:15:14,208][__main__][INFO] - Resuming training from: outputs/milestone_meta-llama_Llama-3.2-1B_r16/checkpoint-228
[2026-01-01 19:15:14,209][__main__][INFO] - Will train until step: 305
[2026-01-01 19:15:14,209][__main__][INFO] - ================================================================================
[2026-01-01 19:15:19,346][train_utils][INFO] - Fixed scheduler to use total_steps=762 (warmup=22)
[2026-01-01 19:37:06,571][__main__][INFO] - ================================================================================
[2026-01-01 19:37:06,571][__main__][INFO] - Milestone segment training complete!
[2026-01-01 19:37:06,571][__main__][INFO] - Checkpoint saved to: outputs/milestone_meta-llama_Llama-3.2-1B_r16/checkpoint-305
[2026-01-01 19:37:06,571][__main__][INFO] - Total steps: 305
[2026-01-01 19:37:06,571][__main__][INFO] - ================================================================================
[2026-01-01 19:37:06,578][train_utils][INFO] - Merging LoRA weights to: outputs/milestone_meta-llama_Llama-3.2-1B_r16/merged/checkpoint-305
[2026-01-01 19:37:10,395][train_utils][INFO] - ✅ Merged model saved
[2026-01-01 19:37:10,395][__main__][INFO] - ================================================================================
[2026-01-01 19:45:45,232][__main__][INFO] - ================================================================================
[2026-01-01 19:45:45,232][__main__][INFO] - Starting Milestone Segment Training
[2026-01-01 19:45:45,232][__main__][INFO] - ================================================================================
[2026-01-01 19:45:45,234][__main__][INFO] - Milestone configuration:
[2026-01-01 19:45:45,234][__main__][INFO] -   Target tokens: 50,000,000
[2026-01-01 19:45:45,234][__main__][INFO] -   Total training tokens (for LR schedule): 100,000,000
[2026-01-01 19:45:45,234][__main__][INFO] -   Resume from: outputs/milestone_meta-llama_Llama-3.2-1B_r16/checkpoint-305
[2026-01-01 19:45:57,562][__main__][INFO] - Loading IT tokenizer meta-llama/Llama-3.2-1B-Instruct for chat template
[2026-01-01 19:46:09,402][datasets.load][WARNING] - Using the latest cached version of the dataset since danp27/norobots_sft couldn't be found on the Hugging Face Hub
[2026-01-01 19:46:09,402][datasets.packaged_modules.cache.cache][WARNING] - Found the latest cached dataset configuration 'default' at /home/dan-parii/.cache/huggingface/datasets/danp27___norobots_sft/default/0.0.0/380627eb886e458f364df056961e108159a01e95 (last modified on Mon Dec 29 22:36:44 2025).
[2026-01-01 19:46:10,097][__main__][INFO] -   Tokens per step: batch_size131,072
[2026-01-01 19:46:10,097][__main__][INFO] - Step Calculation Details:
  - Target Tokens: 100000000
  - Batch Size: 32
  - Gradient Accumulation Steps: 2
  - Sequence Length: 2048
  - World Size (GPUs): 1
  - Resulting Total Steps: 762
[2026-01-01 19:46:10,097][__main__][INFO] - Token calculation:
[2026-01-01 19:46:10,097][__main__][INFO] -   Tokens per step: 131,072
[2026-01-01 19:46:10,097][__main__][INFO] -   Max steps (current milestone): 381
[2026-01-01 19:46:10,097][__main__][INFO] -   Total steps (for scheduler): 762
[2026-01-01 19:46:10,098][__main__][INFO] - Using SFTTrainer with chat template
[2026-01-01 19:46:10,270][unsloth.trainer][INFO] - Unsloth: Sample packing enabled for SFTTrainer instance.
[2026-01-01 19:46:10,478][__main__][INFO] - ================================================================================
[2026-01-01 19:46:10,478][__main__][INFO] - Resuming training from: outputs/milestone_meta-llama_Llama-3.2-1B_r16/checkpoint-305
[2026-01-01 19:46:10,478][__main__][INFO] - Will train until step: 381
[2026-01-01 19:46:10,478][__main__][INFO] - ================================================================================
[2026-01-01 19:46:14,049][train_utils][INFO] - Fixed scheduler to use total_steps=762 (warmup=22)
[2026-01-01 20:07:58,569][__main__][INFO] - ================================================================================
[2026-01-01 20:07:58,569][__main__][INFO] - Milestone segment training complete!
[2026-01-01 20:07:58,569][__main__][INFO] - Checkpoint saved to: outputs/milestone_meta-llama_Llama-3.2-1B_r16/checkpoint-381
[2026-01-01 20:07:58,569][__main__][INFO] - Total steps: 381
[2026-01-01 20:07:58,569][__main__][INFO] - ================================================================================
[2026-01-01 20:07:58,569][train_utils][INFO] - Merging LoRA weights to: outputs/milestone_meta-llama_Llama-3.2-1B_r16/merged/checkpoint-381
[2026-01-01 20:08:02,519][train_utils][INFO] - ✅ Merged model saved
[2026-01-01 20:08:02,519][__main__][INFO] - ================================================================================
[2026-01-01 20:16:42,536][__main__][INFO] - ================================================================================
[2026-01-01 20:16:42,536][__main__][INFO] - Starting Milestone Segment Training
[2026-01-01 20:16:42,536][__main__][INFO] - ================================================================================
[2026-01-01 20:16:42,537][__main__][INFO] - Milestone configuration:
[2026-01-01 20:16:42,537][__main__][INFO] -   Target tokens: 60,000,000
[2026-01-01 20:16:42,537][__main__][INFO] -   Total training tokens (for LR schedule): 100,000,000
[2026-01-01 20:16:42,537][__main__][INFO] -   Resume from: outputs/milestone_meta-llama_Llama-3.2-1B_r16/checkpoint-381
[2026-01-01 20:16:53,102][__main__][INFO] - Loading IT tokenizer meta-llama/Llama-3.2-1B-Instruct for chat template
[2026-01-01 20:17:07,346][__main__][INFO] -   Tokens per step: batch_size131,072
[2026-01-01 20:17:07,346][__main__][INFO] - Step Calculation Details:
  - Target Tokens: 100000000
  - Batch Size: 32
  - Gradient Accumulation Steps: 2
  - Sequence Length: 2048
  - World Size (GPUs): 1
  - Resulting Total Steps: 762
[2026-01-01 20:17:07,346][__main__][INFO] - Token calculation:
[2026-01-01 20:17:07,346][__main__][INFO] -   Tokens per step: 131,072
[2026-01-01 20:17:07,346][__main__][INFO] -   Max steps (current milestone): 457
[2026-01-01 20:17:07,346][__main__][INFO] -   Total steps (for scheduler): 762
[2026-01-01 20:17:07,346][__main__][INFO] - Using SFTTrainer with chat template
[2026-01-01 20:17:07,522][unsloth.trainer][INFO] - Unsloth: Sample packing enabled for SFTTrainer instance.
[2026-01-01 20:17:07,731][__main__][INFO] - ================================================================================
[2026-01-01 20:17:07,731][__main__][INFO] - Resuming training from: outputs/milestone_meta-llama_Llama-3.2-1B_r16/checkpoint-381
[2026-01-01 20:17:07,731][__main__][INFO] - Will train until step: 457
[2026-01-01 20:17:07,731][__main__][INFO] - ================================================================================
[2026-01-01 20:17:12,503][train_utils][INFO] - Fixed scheduler to use total_steps=762 (warmup=22)
[2026-01-01 20:38:54,014][__main__][INFO] - ================================================================================
[2026-01-01 20:38:54,014][__main__][INFO] - Milestone segment training complete!
[2026-01-01 20:38:54,014][__main__][INFO] - Checkpoint saved to: outputs/milestone_meta-llama_Llama-3.2-1B_r16/checkpoint-457
[2026-01-01 20:38:54,015][__main__][INFO] - Total steps: 457
[2026-01-01 20:38:54,015][__main__][INFO] - ================================================================================
[2026-01-01 20:38:54,015][train_utils][INFO] - Merging LoRA weights to: outputs/milestone_meta-llama_Llama-3.2-1B_r16/merged/checkpoint-457
[2026-01-01 20:38:58,140][train_utils][INFO] - ✅ Merged model saved
[2026-01-01 20:38:58,140][__main__][INFO] - ================================================================================
[2026-01-01 20:47:37,415][__main__][INFO] - ================================================================================
[2026-01-01 20:47:37,416][__main__][INFO] - Starting Milestone Segment Training
[2026-01-01 20:47:37,416][__main__][INFO] - ================================================================================
[2026-01-01 20:47:37,417][__main__][INFO] - Milestone configuration:
[2026-01-01 20:47:37,417][__main__][INFO] -   Target tokens: 70,000,000
[2026-01-01 20:47:37,417][__main__][INFO] -   Total training tokens (for LR schedule): 100,000,000
[2026-01-01 20:47:37,417][__main__][INFO] -   Resume from: outputs/milestone_meta-llama_Llama-3.2-1B_r16/checkpoint-457
[2026-01-01 20:47:48,084][__main__][INFO] - Loading IT tokenizer meta-llama/Llama-3.2-1B-Instruct for chat template
[2026-01-01 20:47:51,890][__main__][INFO] -   Tokens per step: batch_size131,072
[2026-01-01 20:47:51,890][__main__][INFO] - Step Calculation Details:
  - Target Tokens: 100000000
  - Batch Size: 32
  - Gradient Accumulation Steps: 2
  - Sequence Length: 2048
  - World Size (GPUs): 1
  - Resulting Total Steps: 762
[2026-01-01 20:47:51,890][__main__][INFO] - Token calculation:
[2026-01-01 20:47:51,890][__main__][INFO] -   Tokens per step: 131,072
[2026-01-01 20:47:51,890][__main__][INFO] -   Max steps (current milestone): 534
[2026-01-01 20:47:51,890][__main__][INFO] -   Total steps (for scheduler): 762
[2026-01-01 20:47:51,890][__main__][INFO] - Using SFTTrainer with chat template
[2026-01-01 20:47:52,064][unsloth.trainer][INFO] - Unsloth: Sample packing enabled for SFTTrainer instance.
[2026-01-01 20:47:52,266][__main__][INFO] - ================================================================================
[2026-01-01 20:47:52,266][__main__][INFO] - Resuming training from: outputs/milestone_meta-llama_Llama-3.2-1B_r16/checkpoint-457
[2026-01-01 20:47:52,266][__main__][INFO] - Will train until step: 534
[2026-01-01 20:47:52,266][__main__][INFO] - ================================================================================
[2026-01-01 20:47:57,243][train_utils][INFO] - Fixed scheduler to use total_steps=762 (warmup=22)
[2026-01-01 21:10:16,873][__main__][INFO] - ================================================================================
[2026-01-01 21:10:16,874][__main__][INFO] - Milestone segment training complete!
[2026-01-01 21:10:16,874][__main__][INFO] - Checkpoint saved to: outputs/milestone_meta-llama_Llama-3.2-1B_r16/checkpoint-534
[2026-01-01 21:10:16,874][__main__][INFO] - Total steps: 534
[2026-01-01 21:10:16,875][__main__][INFO] - ================================================================================
[2026-01-01 21:10:16,876][train_utils][INFO] - Merging LoRA weights to: outputs/milestone_meta-llama_Llama-3.2-1B_r16/merged/checkpoint-534
[2026-01-01 21:10:21,068][train_utils][INFO] - ✅ Merged model saved
[2026-01-01 21:10:21,075][__main__][INFO] - ================================================================================
[2026-01-01 21:19:35,062][__main__][INFO] - ================================================================================
[2026-01-01 21:19:35,062][__main__][INFO] - Starting Milestone Segment Training
[2026-01-01 21:19:35,062][__main__][INFO] - ================================================================================
[2026-01-01 21:19:35,063][__main__][INFO] - Milestone configuration:
[2026-01-01 21:19:35,063][__main__][INFO] -   Target tokens: 80,000,000
[2026-01-01 21:19:35,063][__main__][INFO] -   Total training tokens (for LR schedule): 100,000,000
[2026-01-01 21:19:35,063][__main__][INFO] -   Resume from: outputs/milestone_meta-llama_Llama-3.2-1B_r16/checkpoint-534
[2026-01-01 21:19:46,054][__main__][INFO] - Loading IT tokenizer meta-llama/Llama-3.2-1B-Instruct for chat template
[2026-01-01 21:19:51,786][__main__][INFO] -   Tokens per step: batch_size131,072
[2026-01-01 21:19:51,786][__main__][INFO] - Step Calculation Details:
  - Target Tokens: 100000000
  - Batch Size: 32
  - Gradient Accumulation Steps: 2
  - Sequence Length: 2048
  - World Size (GPUs): 1
  - Resulting Total Steps: 762
[2026-01-01 21:19:51,786][__main__][INFO] - Token calculation:
[2026-01-01 21:19:51,786][__main__][INFO] -   Tokens per step: 131,072
[2026-01-01 21:19:51,786][__main__][INFO] -   Max steps (current milestone): 610
[2026-01-01 21:19:51,786][__main__][INFO] -   Total steps (for scheduler): 762
[2026-01-01 21:19:51,786][__main__][INFO] - Using SFTTrainer with chat template
[2026-01-01 21:19:51,963][unsloth.trainer][INFO] - Unsloth: Sample packing enabled for SFTTrainer instance.
[2026-01-01 21:19:52,167][__main__][INFO] - ================================================================================
[2026-01-01 21:19:52,167][__main__][INFO] - Resuming training from: outputs/milestone_meta-llama_Llama-3.2-1B_r16/checkpoint-534
[2026-01-01 21:19:52,167][__main__][INFO] - Will train until step: 610
[2026-01-01 21:19:52,168][__main__][INFO] - ================================================================================
[2026-01-01 21:19:57,284][train_utils][INFO] - Fixed scheduler to use total_steps=762 (warmup=22)
[2026-01-01 21:41:43,013][__main__][INFO] - ================================================================================
[2026-01-01 21:41:43,019][__main__][INFO] - Milestone segment training complete!
[2026-01-01 21:41:43,019][__main__][INFO] - Checkpoint saved to: outputs/milestone_meta-llama_Llama-3.2-1B_r16/checkpoint-610
[2026-01-01 21:41:43,020][__main__][INFO] - Total steps: 610
[2026-01-01 21:41:43,020][__main__][INFO] - ================================================================================
[2026-01-01 21:41:43,020][train_utils][INFO] - Merging LoRA weights to: outputs/milestone_meta-llama_Llama-3.2-1B_r16/merged/checkpoint-610
[2026-01-01 21:41:47,025][train_utils][INFO] - ✅ Merged model saved
[2026-01-01 21:41:47,026][__main__][INFO] - ================================================================================
[2026-01-01 21:50:26,168][__main__][INFO] - ================================================================================
[2026-01-01 21:50:26,168][__main__][INFO] - Starting Milestone Segment Training
[2026-01-01 21:50:26,168][__main__][INFO] - ================================================================================
[2026-01-01 21:50:26,170][__main__][INFO] - Milestone configuration:
[2026-01-01 21:50:26,170][__main__][INFO] -   Target tokens: 90,000,000
[2026-01-01 21:50:26,170][__main__][INFO] -   Total training tokens (for LR schedule): 100,000,000
[2026-01-01 21:50:26,170][__main__][INFO] -   Resume from: outputs/milestone_meta-llama_Llama-3.2-1B_r16/checkpoint-610
[2026-01-01 21:50:37,013][__main__][INFO] - Loading IT tokenizer meta-llama/Llama-3.2-1B-Instruct for chat template
[2026-01-01 21:50:40,435][__main__][INFO] -   Tokens per step: batch_size131,072
[2026-01-01 21:50:40,435][__main__][INFO] - Step Calculation Details:
  - Target Tokens: 100000000
  - Batch Size: 32
  - Gradient Accumulation Steps: 2
  - Sequence Length: 2048
  - World Size (GPUs): 1
  - Resulting Total Steps: 762
[2026-01-01 21:50:40,435][__main__][INFO] - Token calculation:
[2026-01-01 21:50:40,435][__main__][INFO] -   Tokens per step: 131,072
[2026-01-01 21:50:40,435][__main__][INFO] -   Max steps (current milestone): 686
[2026-01-01 21:50:40,435][__main__][INFO] -   Total steps (for scheduler): 762
[2026-01-01 21:50:40,435][__main__][INFO] - Using SFTTrainer with chat template
[2026-01-01 21:50:40,614][unsloth.trainer][INFO] - Unsloth: Sample packing enabled for SFTTrainer instance.
[2026-01-01 21:50:40,839][__main__][INFO] - ================================================================================
[2026-01-01 21:50:40,839][__main__][INFO] - Resuming training from: outputs/milestone_meta-llama_Llama-3.2-1B_r16/checkpoint-610
[2026-01-01 21:50:40,839][__main__][INFO] - Will train until step: 686
[2026-01-01 21:50:40,839][__main__][INFO] - ================================================================================
[2026-01-01 21:50:44,614][train_utils][INFO] - Fixed scheduler to use total_steps=762 (warmup=22)
[2026-01-01 22:12:28,924][__main__][INFO] - ================================================================================
[2026-01-01 22:12:28,924][__main__][INFO] - Milestone segment training complete!
[2026-01-01 22:12:28,924][__main__][INFO] - Checkpoint saved to: outputs/milestone_meta-llama_Llama-3.2-1B_r16/checkpoint-686
[2026-01-01 22:12:28,924][__main__][INFO] - Total steps: 686
[2026-01-01 22:12:28,924][__main__][INFO] - ================================================================================
[2026-01-01 22:12:28,924][train_utils][INFO] - Merging LoRA weights to: outputs/milestone_meta-llama_Llama-3.2-1B_r16/merged/checkpoint-686
[2026-01-01 22:12:33,011][train_utils][INFO] - ✅ Merged model saved
[2026-01-01 22:12:33,011][__main__][INFO] - ================================================================================
[2026-01-01 22:21:08,536][__main__][INFO] - ================================================================================
[2026-01-01 22:21:08,536][__main__][INFO] - Starting Milestone Segment Training
[2026-01-01 22:21:08,536][__main__][INFO] - ================================================================================
[2026-01-01 22:21:08,537][__main__][INFO] - Milestone configuration:
[2026-01-01 22:21:08,537][__main__][INFO] -   Target tokens: 100,000,000
[2026-01-01 22:21:08,537][__main__][INFO] -   Total training tokens (for LR schedule): 100,000,000
[2026-01-01 22:21:08,537][__main__][INFO] -   Resume from: outputs/milestone_meta-llama_Llama-3.2-1B_r16/checkpoint-686
[2026-01-01 22:21:20,549][__main__][INFO] - Loading IT tokenizer meta-llama/Llama-3.2-1B-Instruct for chat template
[2026-01-01 22:21:24,088][__main__][INFO] -   Tokens per step: batch_size131,072
[2026-01-01 22:21:24,088][__main__][INFO] - Step Calculation Details:
  - Target Tokens: 100000000
  - Batch Size: 32
  - Gradient Accumulation Steps: 2
  - Sequence Length: 2048
  - World Size (GPUs): 1
  - Resulting Total Steps: 762
[2026-01-01 22:21:24,088][__main__][INFO] - Token calculation:
[2026-01-01 22:21:24,088][__main__][INFO] -   Tokens per step: 131,072
[2026-01-01 22:21:24,088][__main__][INFO] -   Max steps (current milestone): 762
[2026-01-01 22:21:24,088][__main__][INFO] -   Total steps (for scheduler): 762
[2026-01-01 22:21:24,088][__main__][INFO] - Using SFTTrainer with chat template
[2026-01-01 22:21:24,265][unsloth.trainer][INFO] - Unsloth: Sample packing enabled for SFTTrainer instance.
[2026-01-01 22:21:24,464][__main__][INFO] - ================================================================================
[2026-01-01 22:21:24,464][__main__][INFO] - Resuming training from: outputs/milestone_meta-llama_Llama-3.2-1B_r16/checkpoint-686
[2026-01-01 22:21:24,464][__main__][INFO] - Will train until step: 762
[2026-01-01 22:21:24,464][__main__][INFO] - ================================================================================
[2026-01-01 22:21:28,194][train_utils][INFO] - Fixed scheduler to use total_steps=762 (warmup=22)
[2026-01-01 22:43:27,104][__main__][INFO] - ================================================================================
[2026-01-01 22:43:27,111][__main__][INFO] - Milestone segment training complete!
[2026-01-01 22:43:27,111][__main__][INFO] - Checkpoint saved to: outputs/milestone_meta-llama_Llama-3.2-1B_r16/checkpoint-762
[2026-01-01 22:43:27,111][__main__][INFO] - Total steps: 762
[2026-01-01 22:43:27,111][__main__][INFO] - ================================================================================
[2026-01-01 22:43:27,111][train_utils][INFO] - Merging LoRA weights to: outputs/milestone_meta-llama_Llama-3.2-1B_r16/merged/checkpoint-762
[2026-01-01 22:43:31,387][train_utils][INFO] - ✅ Merged model saved
[2026-01-01 22:43:31,394][__main__][INFO] - ================================================================================
[2026-01-02 09:45:21,697][__main__][INFO] - ================================================================================
[2026-01-02 09:45:21,697][__main__][INFO] - Starting Milestone Segment Training
[2026-01-02 09:45:21,697][__main__][INFO] - ================================================================================
[2026-01-02 09:45:21,698][__main__][INFO] - Milestone configuration:
[2026-01-02 09:45:21,698][__main__][INFO] -   Target tokens: 10,000,000
[2026-01-02 09:45:21,698][__main__][INFO] -   Total training tokens (for LR schedule): 100,000,000
[2026-01-02 09:45:21,698][__main__][INFO] -   Resume from: scratch
[2026-01-02 09:47:19,676][__main__][INFO] -   Tokens per step: batch_size131,072
[2026-01-02 09:47:19,676][__main__][INFO] - Step Calculation Details:
  - Target Tokens: 100000000
  - Batch Size: 32
  - Gradient Accumulation Steps: 2
  - Sequence Length: 2048
  - World Size (GPUs): 1
  - Resulting Total Steps: 762
[2026-01-02 09:47:19,676][__main__][INFO] - Token calculation:
[2026-01-02 09:47:19,676][__main__][INFO] -   Tokens per step: 131,072
[2026-01-02 09:47:19,676][__main__][INFO] -   Max steps (current milestone): 76
[2026-01-02 09:47:19,676][__main__][INFO] -   Total steps (for scheduler): 762
[2026-01-02 09:47:19,676][__main__][INFO] - Using SFTTrainer with chat template
[2026-01-02 09:47:19,826][unsloth.trainer][INFO] - Unsloth: Sample packing enabled for SFTTrainer instance.
[2026-01-02 09:47:23,804][__main__][INFO] - ================================================================================
[2026-01-02 09:47:23,804][__main__][INFO] - Starting training from scratch
[2026-01-02 09:47:23,804][__main__][INFO] - Will train for: 76 steps (10,000,000 tokens)
[2026-01-02 09:47:23,804][__main__][INFO] - ================================================================================
[2026-01-02 09:47:26,411][train_utils][INFO] - Fixed scheduler to use total_steps=762 (warmup=22)
[2026-01-02 10:08:44,008][__main__][INFO] - ================================================================================
[2026-01-02 10:08:44,011][__main__][INFO] - Milestone segment training complete!
[2026-01-02 10:08:44,012][__main__][INFO] - Checkpoint saved to: outputs/milestone_meta-llama_Llama-3.2-1B-Instruct_r16/checkpoint-76
[2026-01-02 10:08:44,012][__main__][INFO] - Total steps: 76
[2026-01-02 10:08:44,012][__main__][INFO] - ================================================================================
[2026-01-02 10:08:44,012][train_utils][INFO] - Merging LoRA weights to: outputs/milestone_meta-llama_Llama-3.2-1B-Instruct_r16/merged/checkpoint-76
[2026-01-02 10:08:48,010][train_utils][INFO] - ✅ Merged model saved
[2026-01-02 10:08:48,011][__main__][INFO] - ================================================================================
[2026-01-02 10:17:20,071][__main__][INFO] - ================================================================================
[2026-01-02 10:17:20,071][__main__][INFO] - Starting Milestone Segment Training
[2026-01-02 10:17:20,071][__main__][INFO] - ================================================================================
[2026-01-02 10:17:20,073][__main__][INFO] - Milestone configuration:
[2026-01-02 10:17:20,073][__main__][INFO] -   Target tokens: 20,000,000
[2026-01-02 10:17:20,073][__main__][INFO] -   Total training tokens (for LR schedule): 100,000,000
[2026-01-02 10:17:20,073][__main__][INFO] -   Resume from: outputs/milestone_meta-llama_Llama-3.2-1B-Instruct_r16/checkpoint-76
[2026-01-02 10:17:33,731][__main__][INFO] -   Tokens per step: batch_size131,072
[2026-01-02 10:17:33,731][__main__][INFO] - Step Calculation Details:
  - Target Tokens: 100000000
  - Batch Size: 32
  - Gradient Accumulation Steps: 2
  - Sequence Length: 2048
  - World Size (GPUs): 1
  - Resulting Total Steps: 762
[2026-01-02 10:17:33,731][__main__][INFO] - Token calculation:
[2026-01-02 10:17:33,731][__main__][INFO] -   Tokens per step: 131,072
[2026-01-02 10:17:33,731][__main__][INFO] -   Max steps (current milestone): 152
[2026-01-02 10:17:33,731][__main__][INFO] -   Total steps (for scheduler): 762
[2026-01-02 10:17:33,732][__main__][INFO] - Using SFTTrainer with chat template
[2026-01-02 10:17:33,887][unsloth.trainer][INFO] - Unsloth: Sample packing enabled for SFTTrainer instance.
[2026-01-02 10:17:34,091][__main__][INFO] - ================================================================================
[2026-01-02 10:17:34,091][__main__][INFO] - Resuming training from: outputs/milestone_meta-llama_Llama-3.2-1B-Instruct_r16/checkpoint-76
[2026-01-02 10:17:34,091][__main__][INFO] - Will train until step: 152
[2026-01-02 10:17:34,091][__main__][INFO] - ================================================================================
[2026-01-02 10:17:38,104][train_utils][INFO] - Fixed scheduler to use total_steps=762 (warmup=22)
[2026-01-02 10:39:17,066][__main__][INFO] - ================================================================================
[2026-01-02 10:39:17,066][__main__][INFO] - Milestone segment training complete!
[2026-01-02 10:39:17,066][__main__][INFO] - Checkpoint saved to: outputs/milestone_meta-llama_Llama-3.2-1B-Instruct_r16/checkpoint-152
[2026-01-02 10:39:17,066][__main__][INFO] - Total steps: 152
[2026-01-02 10:39:17,066][__main__][INFO] - ================================================================================
[2026-01-02 10:39:17,066][train_utils][INFO] - Merging LoRA weights to: outputs/milestone_meta-llama_Llama-3.2-1B-Instruct_r16/merged/checkpoint-152
[2026-01-02 10:39:21,004][train_utils][INFO] - ✅ Merged model saved
[2026-01-02 10:39:21,011][__main__][INFO] - ================================================================================
[2026-01-02 10:48:05,610][__main__][INFO] - ================================================================================
[2026-01-02 10:48:05,610][__main__][INFO] - Starting Milestone Segment Training
[2026-01-02 10:48:05,610][__main__][INFO] - ================================================================================
[2026-01-02 10:48:05,612][__main__][INFO] - Milestone configuration:
[2026-01-02 10:48:05,612][__main__][INFO] -   Target tokens: 30,000,000
[2026-01-02 10:48:05,612][__main__][INFO] -   Total training tokens (for LR schedule): 100,000,000
[2026-01-02 10:48:05,612][__main__][INFO] -   Resume from: outputs/milestone_meta-llama_Llama-3.2-1B-Instruct_r16/checkpoint-152
[2026-01-02 10:48:18,310][__main__][INFO] -   Tokens per step: batch_size131,072
[2026-01-02 10:48:18,310][__main__][INFO] - Step Calculation Details:
  - Target Tokens: 100000000
  - Batch Size: 32
  - Gradient Accumulation Steps: 2
  - Sequence Length: 2048
  - World Size (GPUs): 1
  - Resulting Total Steps: 762
[2026-01-02 10:48:18,310][__main__][INFO] - Token calculation:
[2026-01-02 10:48:18,310][__main__][INFO] -   Tokens per step: 131,072
[2026-01-02 10:48:18,311][__main__][INFO] -   Max steps (current milestone): 228
[2026-01-02 10:48:18,311][__main__][INFO] -   Total steps (for scheduler): 762
[2026-01-02 10:48:18,311][__main__][INFO] - Using SFTTrainer with chat template
[2026-01-02 10:48:18,484][unsloth.trainer][INFO] - Unsloth: Sample packing enabled for SFTTrainer instance.
[2026-01-02 10:48:18,682][__main__][INFO] - ================================================================================
[2026-01-02 10:48:18,682][__main__][INFO] - Resuming training from: outputs/milestone_meta-llama_Llama-3.2-1B-Instruct_r16/checkpoint-152
[2026-01-02 10:48:18,682][__main__][INFO] - Will train until step: 228
[2026-01-02 10:48:18,682][__main__][INFO] - ================================================================================
[2026-01-02 10:48:22,719][train_utils][INFO] - Fixed scheduler to use total_steps=762 (warmup=22)
[2026-01-02 11:10:01,687][__main__][INFO] - ================================================================================
[2026-01-02 11:10:01,687][__main__][INFO] - Milestone segment training complete!
[2026-01-02 11:10:01,687][__main__][INFO] - Checkpoint saved to: outputs/milestone_meta-llama_Llama-3.2-1B-Instruct_r16/checkpoint-228
[2026-01-02 11:10:01,687][__main__][INFO] - Total steps: 228
[2026-01-02 11:10:01,687][__main__][INFO] - ================================================================================
[2026-01-02 11:10:01,687][train_utils][INFO] - Merging LoRA weights to: outputs/milestone_meta-llama_Llama-3.2-1B-Instruct_r16/merged/checkpoint-228
[2026-01-02 11:10:06,043][train_utils][INFO] - ✅ Merged model saved
[2026-01-02 11:10:06,050][__main__][INFO] - ================================================================================
[2026-01-02 11:18:56,306][__main__][INFO] - ================================================================================
[2026-01-02 11:18:56,306][__main__][INFO] - Starting Milestone Segment Training
[2026-01-02 11:18:56,306][__main__][INFO] - ================================================================================
[2026-01-02 11:18:56,308][__main__][INFO] - Milestone configuration:
[2026-01-02 11:18:56,308][__main__][INFO] -   Target tokens: 40,000,000
[2026-01-02 11:18:56,308][__main__][INFO] -   Total training tokens (for LR schedule): 100,000,000
[2026-01-02 11:18:56,308][__main__][INFO] -   Resume from: outputs/milestone_meta-llama_Llama-3.2-1B-Instruct_r16/checkpoint-228
[2026-01-02 11:19:09,350][__main__][INFO] -   Tokens per step: batch_size131,072
[2026-01-02 11:19:09,350][__main__][INFO] - Step Calculation Details:
  - Target Tokens: 100000000
  - Batch Size: 32
  - Gradient Accumulation Steps: 2
  - Sequence Length: 2048
  - World Size (GPUs): 1
  - Resulting Total Steps: 762
[2026-01-02 11:19:09,350][__main__][INFO] - Token calculation:
[2026-01-02 11:19:09,350][__main__][INFO] -   Tokens per step: 131,072
[2026-01-02 11:19:09,351][__main__][INFO] -   Max steps (current milestone): 305
[2026-01-02 11:19:09,351][__main__][INFO] -   Total steps (for scheduler): 762
[2026-01-02 11:19:09,351][__main__][INFO] - Using SFTTrainer with chat template
[2026-01-02 11:19:09,517][unsloth.trainer][INFO] - Unsloth: Sample packing enabled for SFTTrainer instance.
[2026-01-02 11:19:09,711][__main__][INFO] - ================================================================================
[2026-01-02 11:19:09,711][__main__][INFO] - Resuming training from: outputs/milestone_meta-llama_Llama-3.2-1B-Instruct_r16/checkpoint-228
[2026-01-02 11:19:09,711][__main__][INFO] - Will train until step: 305
[2026-01-02 11:19:09,711][__main__][INFO] - ================================================================================
[2026-01-02 11:19:14,723][train_utils][INFO] - Fixed scheduler to use total_steps=762 (warmup=22)
[2026-01-02 11:41:00,898][__main__][INFO] - ================================================================================
[2026-01-02 11:41:00,905][__main__][INFO] - Milestone segment training complete!
[2026-01-02 11:41:00,905][__main__][INFO] - Checkpoint saved to: outputs/milestone_meta-llama_Llama-3.2-1B-Instruct_r16/checkpoint-305
[2026-01-02 11:41:00,905][__main__][INFO] - Total steps: 305
[2026-01-02 11:41:00,905][__main__][INFO] - ================================================================================
[2026-01-02 11:41:00,905][train_utils][INFO] - Merging LoRA weights to: outputs/milestone_meta-llama_Llama-3.2-1B-Instruct_r16/merged/checkpoint-305
[2026-01-02 11:41:05,050][train_utils][INFO] - ✅ Merged model saved
[2026-01-02 11:41:05,051][__main__][INFO] - ================================================================================
[2026-01-02 11:49:43,991][__main__][INFO] - ================================================================================
[2026-01-02 11:49:43,991][__main__][INFO] - Starting Milestone Segment Training
[2026-01-02 11:49:43,991][__main__][INFO] - ================================================================================
[2026-01-02 11:49:43,992][__main__][INFO] - Milestone configuration:
[2026-01-02 11:49:43,992][__main__][INFO] -   Target tokens: 50,000,000
[2026-01-02 11:49:43,992][__main__][INFO] -   Total training tokens (for LR schedule): 100,000,000
[2026-01-02 11:49:43,992][__main__][INFO] -   Resume from: outputs/milestone_meta-llama_Llama-3.2-1B-Instruct_r16/checkpoint-305
[2026-01-02 11:49:57,127][__main__][INFO] -   Tokens per step: batch_size131,072
[2026-01-02 11:49:57,128][__main__][INFO] - Step Calculation Details:
  - Target Tokens: 100000000
  - Batch Size: 32
  - Gradient Accumulation Steps: 2
  - Sequence Length: 2048
  - World Size (GPUs): 1
  - Resulting Total Steps: 762
[2026-01-02 11:49:57,128][__main__][INFO] - Token calculation:
[2026-01-02 11:49:57,128][__main__][INFO] -   Tokens per step: 131,072
[2026-01-02 11:49:57,128][__main__][INFO] -   Max steps (current milestone): 381
[2026-01-02 11:49:57,128][__main__][INFO] -   Total steps (for scheduler): 762
[2026-01-02 11:49:57,128][__main__][INFO] - Using SFTTrainer with chat template
[2026-01-02 11:49:57,292][unsloth.trainer][INFO] - Unsloth: Sample packing enabled for SFTTrainer instance.
[2026-01-02 11:49:57,489][__main__][INFO] - ================================================================================
[2026-01-02 11:49:57,489][__main__][INFO] - Resuming training from: outputs/milestone_meta-llama_Llama-3.2-1B-Instruct_r16/checkpoint-305
[2026-01-02 11:49:57,489][__main__][INFO] - Will train until step: 381
[2026-01-02 11:49:57,489][__main__][INFO] - ================================================================================
[2026-01-02 11:50:01,114][train_utils][INFO] - Fixed scheduler to use total_steps=762 (warmup=22)
[2026-01-02 12:11:42,940][__main__][INFO] - ================================================================================
[2026-01-02 12:11:42,940][__main__][INFO] - Milestone segment training complete!
[2026-01-02 12:11:42,940][__main__][INFO] - Checkpoint saved to: outputs/milestone_meta-llama_Llama-3.2-1B-Instruct_r16/checkpoint-381
[2026-01-02 12:11:42,941][__main__][INFO] - Total steps: 381
[2026-01-02 12:11:42,941][__main__][INFO] - ================================================================================
[2026-01-02 12:11:42,941][train_utils][INFO] - Merging LoRA weights to: outputs/milestone_meta-llama_Llama-3.2-1B-Instruct_r16/merged/checkpoint-381
[2026-01-02 12:11:46,845][train_utils][INFO] - ✅ Merged model saved
[2026-01-02 12:11:46,845][__main__][INFO] - ================================================================================
[2026-01-02 12:20:19,818][__main__][INFO] - ================================================================================
[2026-01-02 12:20:19,818][__main__][INFO] - Starting Milestone Segment Training
[2026-01-02 12:20:19,818][__main__][INFO] - ================================================================================
[2026-01-02 12:20:19,819][__main__][INFO] - Milestone configuration:
[2026-01-02 12:20:19,819][__main__][INFO] -   Target tokens: 60,000,000
[2026-01-02 12:20:19,819][__main__][INFO] -   Total training tokens (for LR schedule): 100,000,000
[2026-01-02 12:20:19,819][__main__][INFO] -   Resume from: outputs/milestone_meta-llama_Llama-3.2-1B-Instruct_r16/checkpoint-381
[2026-01-02 12:20:35,102][__main__][INFO] -   Tokens per step: batch_size131,072
[2026-01-02 12:20:35,102][__main__][INFO] - Step Calculation Details:
  - Target Tokens: 100000000
  - Batch Size: 32
  - Gradient Accumulation Steps: 2
  - Sequence Length: 2048
  - World Size (GPUs): 1
  - Resulting Total Steps: 762
[2026-01-02 12:20:35,102][__main__][INFO] - Token calculation:
[2026-01-02 12:20:35,102][__main__][INFO] -   Tokens per step: 131,072
[2026-01-02 12:20:35,102][__main__][INFO] -   Max steps (current milestone): 457
[2026-01-02 12:20:35,102][__main__][INFO] -   Total steps (for scheduler): 762
[2026-01-02 12:20:35,103][__main__][INFO] - Using SFTTrainer with chat template
[2026-01-02 12:20:35,273][unsloth.trainer][INFO] - Unsloth: Sample packing enabled for SFTTrainer instance.
[2026-01-02 12:20:35,472][__main__][INFO] - ================================================================================
[2026-01-02 12:20:35,472][__main__][INFO] - Resuming training from: outputs/milestone_meta-llama_Llama-3.2-1B-Instruct_r16/checkpoint-381
[2026-01-02 12:20:35,472][__main__][INFO] - Will train until step: 457
[2026-01-02 12:20:35,472][__main__][INFO] - ================================================================================
[2026-01-02 12:20:39,110][train_utils][INFO] - Fixed scheduler to use total_steps=762 (warmup=22)
[2026-01-02 12:42:20,893][__main__][INFO] - ================================================================================
[2026-01-02 12:42:20,899][__main__][INFO] - Milestone segment training complete!
[2026-01-02 12:42:20,899][__main__][INFO] - Checkpoint saved to: outputs/milestone_meta-llama_Llama-3.2-1B-Instruct_r16/checkpoint-457
[2026-01-02 12:42:20,899][__main__][INFO] - Total steps: 457
[2026-01-02 12:42:20,900][__main__][INFO] - ================================================================================
[2026-01-02 12:42:20,900][train_utils][INFO] - Merging LoRA weights to: outputs/milestone_meta-llama_Llama-3.2-1B-Instruct_r16/merged/checkpoint-457
[2026-01-02 12:42:24,868][train_utils][INFO] - ✅ Merged model saved
[2026-01-02 12:42:24,876][__main__][INFO] - ================================================================================
[2026-01-02 12:51:21,638][__main__][INFO] - ================================================================================
[2026-01-02 12:51:21,638][__main__][INFO] - Starting Milestone Segment Training
[2026-01-02 12:51:21,638][__main__][INFO] - ================================================================================
[2026-01-02 12:51:21,639][__main__][INFO] - Milestone configuration:
[2026-01-02 12:51:21,639][__main__][INFO] -   Target tokens: 70,000,000
[2026-01-02 12:51:21,639][__main__][INFO] -   Total training tokens (for LR schedule): 100,000,000
[2026-01-02 12:51:21,639][__main__][INFO] -   Resume from: outputs/milestone_meta-llama_Llama-3.2-1B-Instruct_r16/checkpoint-457
[2026-01-02 12:51:34,436][__main__][INFO] -   Tokens per step: batch_size131,072
[2026-01-02 12:51:34,436][__main__][INFO] - Step Calculation Details:
  - Target Tokens: 100000000
  - Batch Size: 32
  - Gradient Accumulation Steps: 2
  - Sequence Length: 2048
  - World Size (GPUs): 1
  - Resulting Total Steps: 762
[2026-01-02 12:51:34,436][__main__][INFO] - Token calculation:
[2026-01-02 12:51:34,436][__main__][INFO] -   Tokens per step: 131,072
[2026-01-02 12:51:34,436][__main__][INFO] -   Max steps (current milestone): 534
[2026-01-02 12:51:34,436][__main__][INFO] -   Total steps (for scheduler): 762
[2026-01-02 12:51:34,436][__main__][INFO] - Using SFTTrainer with chat template
[2026-01-02 12:51:34,605][unsloth.trainer][INFO] - Unsloth: Sample packing enabled for SFTTrainer instance.
[2026-01-02 12:51:34,810][__main__][INFO] - ================================================================================
[2026-01-02 12:51:34,810][__main__][INFO] - Resuming training from: outputs/milestone_meta-llama_Llama-3.2-1B-Instruct_r16/checkpoint-457
[2026-01-02 12:51:34,810][__main__][INFO] - Will train until step: 534
[2026-01-02 12:51:34,810][__main__][INFO] - ================================================================================
[2026-01-02 12:51:39,774][train_utils][INFO] - Fixed scheduler to use total_steps=762 (warmup=22)
[2026-01-02 13:13:23,300][__main__][INFO] - ================================================================================
[2026-01-02 13:13:23,306][__main__][INFO] - Milestone segment training complete!
[2026-01-02 13:13:23,306][__main__][INFO] - Checkpoint saved to: outputs/milestone_meta-llama_Llama-3.2-1B-Instruct_r16/checkpoint-534
[2026-01-02 13:13:23,306][__main__][INFO] - Total steps: 534
[2026-01-02 13:13:23,306][__main__][INFO] - ================================================================================
[2026-01-02 13:13:23,306][train_utils][INFO] - Merging LoRA weights to: outputs/milestone_meta-llama_Llama-3.2-1B-Instruct_r16/merged/checkpoint-534
[2026-01-02 13:13:27,681][train_utils][INFO] - ✅ Merged model saved
[2026-01-02 13:13:27,681][__main__][INFO] - ================================================================================
[2026-01-02 13:22:04,933][__main__][INFO] - ================================================================================
[2026-01-02 13:22:04,933][__main__][INFO] - Starting Milestone Segment Training
[2026-01-02 13:22:04,933][__main__][INFO] - ================================================================================
[2026-01-02 13:22:04,934][__main__][INFO] - Milestone configuration:
[2026-01-02 13:22:04,934][__main__][INFO] -   Target tokens: 80,000,000
[2026-01-02 13:22:04,934][__main__][INFO] -   Total training tokens (for LR schedule): 100,000,000
[2026-01-02 13:22:04,934][__main__][INFO] -   Resume from: outputs/milestone_meta-llama_Llama-3.2-1B-Instruct_r16/checkpoint-534
[2026-01-02 13:22:18,551][__main__][INFO] -   Tokens per step: batch_size131,072
[2026-01-02 13:22:18,551][__main__][INFO] - Step Calculation Details:
  - Target Tokens: 100000000
  - Batch Size: 32
  - Gradient Accumulation Steps: 2
  - Sequence Length: 2048
  - World Size (GPUs): 1
  - Resulting Total Steps: 762
[2026-01-02 13:22:18,551][__main__][INFO] - Token calculation:
[2026-01-02 13:22:18,551][__main__][INFO] -   Tokens per step: 131,072
[2026-01-02 13:22:18,551][__main__][INFO] -   Max steps (current milestone): 610
[2026-01-02 13:22:18,551][__main__][INFO] -   Total steps (for scheduler): 762
[2026-01-02 13:22:18,551][__main__][INFO] - Using SFTTrainer with chat template
[2026-01-02 13:22:18,715][unsloth.trainer][INFO] - Unsloth: Sample packing enabled for SFTTrainer instance.
[2026-01-02 13:22:18,914][__main__][INFO] - ================================================================================
[2026-01-02 13:22:18,914][__main__][INFO] - Resuming training from: outputs/milestone_meta-llama_Llama-3.2-1B-Instruct_r16/checkpoint-534
[2026-01-02 13:22:18,914][__main__][INFO] - Will train until step: 610
[2026-01-02 13:22:18,914][__main__][INFO] - ================================================================================
[2026-01-02 13:22:24,111][train_utils][INFO] - Fixed scheduler to use total_steps=762 (warmup=22)
[2026-01-02 13:44:04,207][__main__][INFO] - ================================================================================
[2026-01-02 13:44:04,212][__main__][INFO] - Milestone segment training complete!
[2026-01-02 13:44:04,212][__main__][INFO] - Checkpoint saved to: outputs/milestone_meta-llama_Llama-3.2-1B-Instruct_r16/checkpoint-610
[2026-01-02 13:44:04,212][__main__][INFO] - Total steps: 610
[2026-01-02 13:44:04,212][__main__][INFO] - ================================================================================
[2026-01-02 13:44:04,212][train_utils][INFO] - Merging LoRA weights to: outputs/milestone_meta-llama_Llama-3.2-1B-Instruct_r16/merged/checkpoint-610
[2026-01-02 13:44:08,342][train_utils][INFO] - ✅ Merged model saved
[2026-01-02 13:44:08,342][__main__][INFO] - ================================================================================
[2026-01-02 13:52:41,628][__main__][INFO] - ================================================================================
[2026-01-02 13:52:41,628][__main__][INFO] - Starting Milestone Segment Training
[2026-01-02 13:52:41,628][__main__][INFO] - ================================================================================
[2026-01-02 13:52:41,630][__main__][INFO] - Milestone configuration:
[2026-01-02 13:52:41,630][__main__][INFO] -   Target tokens: 90,000,000
[2026-01-02 13:52:41,630][__main__][INFO] -   Total training tokens (for LR schedule): 100,000,000
[2026-01-02 13:52:41,630][__main__][INFO] -   Resume from: outputs/milestone_meta-llama_Llama-3.2-1B-Instruct_r16/checkpoint-610
[2026-01-02 13:52:56,486][__main__][INFO] -   Tokens per step: batch_size131,072
[2026-01-02 13:52:56,486][__main__][INFO] - Step Calculation Details:
  - Target Tokens: 100000000
  - Batch Size: 32
  - Gradient Accumulation Steps: 2
  - Sequence Length: 2048
  - World Size (GPUs): 1
  - Resulting Total Steps: 762
[2026-01-02 13:52:56,486][__main__][INFO] - Token calculation:
[2026-01-02 13:52:56,486][__main__][INFO] -   Tokens per step: 131,072
[2026-01-02 13:52:56,486][__main__][INFO] -   Max steps (current milestone): 686
[2026-01-02 13:52:56,487][__main__][INFO] -   Total steps (for scheduler): 762
[2026-01-02 13:52:56,487][__main__][INFO] - Using SFTTrainer with chat template
[2026-01-02 13:52:56,657][unsloth.trainer][INFO] - Unsloth: Sample packing enabled for SFTTrainer instance.
[2026-01-02 13:52:56,871][__main__][INFO] - ================================================================================
[2026-01-02 13:52:56,871][__main__][INFO] - Resuming training from: outputs/milestone_meta-llama_Llama-3.2-1B-Instruct_r16/checkpoint-610
[2026-01-02 13:52:56,871][__main__][INFO] - Will train until step: 686
[2026-01-02 13:52:56,871][__main__][INFO] - ================================================================================
[2026-01-02 13:53:00,475][train_utils][INFO] - Fixed scheduler to use total_steps=762 (warmup=22)
[2026-01-02 14:14:40,666][__main__][INFO] - ================================================================================
[2026-01-02 14:14:40,673][__main__][INFO] - Milestone segment training complete!
[2026-01-02 14:14:40,673][__main__][INFO] - Checkpoint saved to: outputs/milestone_meta-llama_Llama-3.2-1B-Instruct_r16/checkpoint-686
[2026-01-02 14:14:40,673][__main__][INFO] - Total steps: 686
[2026-01-02 14:14:40,673][__main__][INFO] - ================================================================================
[2026-01-02 14:14:40,673][train_utils][INFO] - Merging LoRA weights to: outputs/milestone_meta-llama_Llama-3.2-1B-Instruct_r16/merged/checkpoint-686
[2026-01-02 14:14:44,900][train_utils][INFO] - ✅ Merged model saved
[2026-01-02 14:14:44,909][__main__][INFO] - ================================================================================
[2026-01-02 14:23:14,524][__main__][INFO] - ================================================================================
[2026-01-02 14:23:14,524][__main__][INFO] - Starting Milestone Segment Training
[2026-01-02 14:23:14,524][__main__][INFO] - ================================================================================
[2026-01-02 14:23:14,525][__main__][INFO] - Milestone configuration:
[2026-01-02 14:23:14,525][__main__][INFO] -   Target tokens: 100,000,000
[2026-01-02 14:23:14,525][__main__][INFO] -   Total training tokens (for LR schedule): 100,000,000
[2026-01-02 14:23:14,525][__main__][INFO] -   Resume from: outputs/milestone_meta-llama_Llama-3.2-1B-Instruct_r16/checkpoint-686
[2026-01-02 14:23:27,778][__main__][INFO] -   Tokens per step: batch_size131,072
[2026-01-02 14:23:27,779][__main__][INFO] - Step Calculation Details:
  - Target Tokens: 100000000
  - Batch Size: 32
  - Gradient Accumulation Steps: 2
  - Sequence Length: 2048
  - World Size (GPUs): 1
  - Resulting Total Steps: 762
[2026-01-02 14:23:27,779][__main__][INFO] - Token calculation:
[2026-01-02 14:23:27,779][__main__][INFO] -   Tokens per step: 131,072
[2026-01-02 14:23:27,779][__main__][INFO] -   Max steps (current milestone): 762
[2026-01-02 14:23:27,779][__main__][INFO] -   Total steps (for scheduler): 762
[2026-01-02 14:23:27,779][__main__][INFO] - Using SFTTrainer with chat template
[2026-01-02 14:23:27,942][unsloth.trainer][INFO] - Unsloth: Sample packing enabled for SFTTrainer instance.
[2026-01-02 14:23:28,140][__main__][INFO] - ================================================================================
[2026-01-02 14:23:28,140][__main__][INFO] - Resuming training from: outputs/milestone_meta-llama_Llama-3.2-1B-Instruct_r16/checkpoint-686
[2026-01-02 14:23:28,140][__main__][INFO] - Will train until step: 762
[2026-01-02 14:23:28,141][__main__][INFO] - ================================================================================
[2026-01-02 14:23:33,429][train_utils][INFO] - Fixed scheduler to use total_steps=762 (warmup=22)
[2026-01-02 14:45:19,817][__main__][INFO] - ================================================================================
[2026-01-02 14:45:19,818][__main__][INFO] - Milestone segment training complete!
[2026-01-02 14:45:19,818][__main__][INFO] - Checkpoint saved to: outputs/milestone_meta-llama_Llama-3.2-1B-Instruct_r16/checkpoint-762
[2026-01-02 14:45:19,818][__main__][INFO] - Total steps: 762
[2026-01-02 14:45:19,819][__main__][INFO] - ================================================================================
[2026-01-02 14:45:19,820][train_utils][INFO] - Merging LoRA weights to: outputs/milestone_meta-llama_Llama-3.2-1B-Instruct_r16/merged/checkpoint-762
[2026-01-02 14:45:24,691][train_utils][INFO] - ✅ Merged model saved
[2026-01-02 14:45:24,698][__main__][INFO] - ================================================================================
[2026-01-03 19:15:51,773][__main__][INFO] - ================================================================================
[2026-01-03 19:15:51,773][__main__][INFO] - Starting Milestone Segment Training
[2026-01-03 19:15:51,773][__main__][INFO] - ================================================================================
[2026-01-03 19:15:51,774][__main__][INFO] - Milestone configuration:
[2026-01-03 19:15:51,774][__main__][INFO] -   Target tokens: 10,000,000
[2026-01-03 19:15:51,774][__main__][INFO] -   Total training tokens (for LR schedule): 100,000,000
[2026-01-03 19:15:51,775][__main__][INFO] -   Resume from: scratch
[2026-01-03 19:15:51,775][__main__][INFO] -   Using prebuilt dataset: data/mixed_milestone_dataset
[2026-01-03 19:15:51,775][__main__][INFO] -   Current milestone: 0
[2026-01-03 19:16:03,842][__main__][INFO] - Loading prebuilt milestone dataset from: data/mixed_milestone_dataset
[2026-01-03 19:16:03,842][train_utils][INFO] - Loading milestone 0 from: data/mixed_milestone_dataset
[2026-01-03 19:16:29,624][train_utils][INFO] - ✓ Loaded milestone 0: 9,076 examples, 9,997,609 tokens
[2026-01-03 19:16:29,627][__main__][INFO] -   Tokens per step: batch_size131,072
[2026-01-03 19:16:29,630][__main__][INFO] - Step Calculation Details:
  - Target Tokens: 100000000
  - Batch Size: 32
  - Gradient Accumulation Steps: 2
  - Sequence Length: 2048
  - World Size (GPUs): 1
  - Resulting Total Steps: 762
[2026-01-03 19:16:29,631][__main__][INFO] - Token calculation:
[2026-01-03 19:16:29,631][__main__][INFO] -   Tokens per step: 131,072
[2026-01-03 19:16:29,631][__main__][INFO] -   Max steps (current milestone): 76
[2026-01-03 19:16:29,631][__main__][INFO] -   Total steps (for scheduler): 762
[2026-01-03 19:16:29,631][__main__][INFO] - Using SFTTrainer with chat template
[2026-01-03 19:16:29,801][unsloth.trainer][INFO] - Unsloth: Sample packing enabled for SFTTrainer instance.
[2026-01-03 19:25:06,352][__main__][INFO] - ================================================================================
[2026-01-03 19:25:06,352][__main__][INFO] - Starting Milestone Segment Training
[2026-01-03 19:25:06,352][__main__][INFO] - ================================================================================
[2026-01-03 19:25:06,353][__main__][INFO] - Milestone configuration:
[2026-01-03 19:25:06,353][__main__][INFO] -   Target tokens: 10,000,000
[2026-01-03 19:25:06,353][__main__][INFO] -   Total training tokens (for LR schedule): 100,000,000
[2026-01-03 19:25:06,353][__main__][INFO] -   Resume from: scratch
[2026-01-03 19:25:06,353][__main__][INFO] -   Using prebuilt dataset: data/mixed_milestone_dataset
[2026-01-03 19:25:06,353][__main__][INFO] -   Current milestone: 0
[2026-01-03 19:25:16,981][__main__][INFO] - Loading prebuilt milestone dataset from: data/mixed_milestone_dataset
[2026-01-03 19:25:16,981][train_utils][INFO] - Loading milestone 0 from: data/mixed_milestone_dataset
[2026-01-03 19:25:17,527][train_utils][INFO] - ✓ Loaded milestone 0: 9,076 examples, 9,997,609 tokens
[2026-01-03 19:25:17,529][__main__][INFO] -   Tokens per step: batch_size131,072
[2026-01-03 19:25:17,529][__main__][INFO] - Step Calculation Details:
  - Target Tokens: 100000000
  - Batch Size: 32
  - Gradient Accumulation Steps: 2
  - Sequence Length: 2048
  - World Size (GPUs): 1
  - Resulting Total Steps: 762
[2026-01-03 19:25:17,529][__main__][INFO] - Token calculation:
[2026-01-03 19:25:17,529][__main__][INFO] -   Tokens per step: 131,072
[2026-01-03 19:25:17,529][__main__][INFO] -   Max steps (current milestone): 76
[2026-01-03 19:25:17,529][__main__][INFO] -   Total steps (for scheduler): 762
[2026-01-03 19:25:17,530][__main__][INFO] - Using SFTTrainer with chat template
[2026-01-03 19:25:17,700][unsloth.trainer][INFO] - Unsloth: Sample packing enabled for SFTTrainer instance.
[2026-01-03 19:25:22,004][__main__][INFO] - ================================================================================
[2026-01-03 19:25:22,004][__main__][INFO] - Starting training from scratch
[2026-01-03 19:25:22,004][__main__][INFO] - Will train for: 76 steps (10,000,000 tokens)
[2026-01-03 19:25:22,004][__main__][INFO] - ================================================================================
[2026-01-03 19:25:24,812][train_utils][INFO] - Fixed scheduler to use total_steps=762 (warmup=22)
[2026-01-03 19:47:44,714][__main__][INFO] - ================================================================================
[2026-01-03 19:47:44,722][__main__][INFO] - Milestone segment training complete!
[2026-01-03 19:47:44,722][__main__][INFO] - Checkpoint saved to: outputs/milestone_meta-llama_Llama-3.2-1B-Instruct_r16/checkpoint-76
[2026-01-03 19:47:44,722][__main__][INFO] - Total steps: 76
[2026-01-03 19:47:44,722][__main__][INFO] - ================================================================================
[2026-01-03 19:47:44,722][train_utils][INFO] - Merging LoRA weights to: outputs/milestone_meta-llama_Llama-3.2-1B-Instruct_r16/merged/checkpoint-76
[2026-01-03 19:47:48,671][train_utils][INFO] - ✅ Merged model saved
[2026-01-03 19:47:48,671][__main__][INFO] - ================================================================================
[2026-01-03 19:54:19,507][__main__][INFO] - ================================================================================
[2026-01-03 19:54:19,507][__main__][INFO] - Starting Milestone Segment Training
[2026-01-03 19:54:19,507][__main__][INFO] - ================================================================================
[2026-01-03 19:54:19,509][__main__][INFO] - Milestone configuration:
[2026-01-03 19:54:19,509][__main__][INFO] -   Target tokens: 20,000,000
[2026-01-03 19:54:19,509][__main__][INFO] -   Total training tokens (for LR schedule): 100,000,000
[2026-01-03 19:54:19,509][__main__][INFO] -   Resume from: outputs/milestone_meta-llama_Llama-3.2-1B-Instruct_r16/checkpoint-76
[2026-01-03 19:54:19,509][__main__][INFO] -   Using prebuilt dataset: data/mixed_milestone_dataset
[2026-01-03 19:54:19,509][__main__][INFO] -   Current milestone: 1
[2026-01-03 19:54:31,737][__main__][INFO] - Loading prebuilt milestone dataset from: data/mixed_milestone_dataset
[2026-01-03 19:54:31,737][train_utils][INFO] - Loading milestone 1 from: data/mixed_milestone_dataset
[2026-01-03 19:54:32,353][train_utils][INFO] - ✓ Loaded milestone 1: 8,985 examples, 10,002,085 tokens
[2026-01-03 19:54:32,355][__main__][INFO] -   Tokens per step: batch_size131,072
[2026-01-03 19:54:32,355][__main__][INFO] - Step Calculation Details:
  - Target Tokens: 100000000
  - Batch Size: 32
  - Gradient Accumulation Steps: 2
  - Sequence Length: 2048
  - World Size (GPUs): 1
  - Resulting Total Steps: 762
[2026-01-03 19:54:32,355][__main__][INFO] - Token calculation:
[2026-01-03 19:54:32,355][__main__][INFO] -   Tokens per step: 131,072
[2026-01-03 19:54:32,355][__main__][INFO] -   Max steps (current milestone): 152
[2026-01-03 19:54:32,355][__main__][INFO] -   Total steps (for scheduler): 762
[2026-01-03 19:54:32,355][__main__][INFO] - Using SFTTrainer with chat template
[2026-01-03 19:54:32,516][unsloth.trainer][INFO] - Unsloth: Sample packing enabled for SFTTrainer instance.
[2026-01-03 19:54:36,746][__main__][INFO] - ================================================================================
[2026-01-03 19:54:36,746][__main__][INFO] - Resuming training from: outputs/milestone_meta-llama_Llama-3.2-1B-Instruct_r16/checkpoint-76
[2026-01-03 19:54:36,746][__main__][INFO] - Will train until step: 152
[2026-01-03 19:54:36,746][__main__][INFO] - ================================================================================
[2026-01-03 19:54:40,474][train_utils][INFO] - Fixed scheduler to use total_steps=762 (warmup=22)
[2026-01-03 20:17:02,820][__main__][INFO] - ================================================================================
[2026-01-03 20:17:02,828][__main__][INFO] - Milestone segment training complete!
[2026-01-03 20:17:02,828][__main__][INFO] - Checkpoint saved to: outputs/milestone_meta-llama_Llama-3.2-1B-Instruct_r16/checkpoint-152
[2026-01-03 20:17:02,828][__main__][INFO] - Total steps: 152
[2026-01-03 20:17:02,828][__main__][INFO] - ================================================================================
[2026-01-03 20:17:02,828][train_utils][INFO] - Merging LoRA weights to: outputs/milestone_meta-llama_Llama-3.2-1B-Instruct_r16/merged/checkpoint-152
[2026-01-03 20:17:06,844][train_utils][INFO] - ✅ Merged model saved
[2026-01-03 20:17:06,850][__main__][INFO] - ================================================================================
[2026-01-03 20:25:48,413][__main__][INFO] - ================================================================================
[2026-01-03 20:25:48,413][__main__][INFO] - Starting Milestone Segment Training
[2026-01-03 20:25:48,413][__main__][INFO] - ================================================================================
[2026-01-03 20:25:48,414][__main__][INFO] - Milestone configuration:
[2026-01-03 20:25:48,414][__main__][INFO] -   Target tokens: 30,000,000
[2026-01-03 20:25:48,414][__main__][INFO] -   Total training tokens (for LR schedule): 100,000,000
[2026-01-03 20:25:48,414][__main__][INFO] -   Resume from: outputs/milestone_meta-llama_Llama-3.2-1B-Instruct_r16/checkpoint-152
[2026-01-03 20:25:48,415][__main__][INFO] -   Using prebuilt dataset: data/mixed_milestone_dataset
[2026-01-03 20:25:48,415][__main__][INFO] -   Current milestone: 2
[2026-01-03 20:26:02,059][__main__][INFO] - Loading prebuilt milestone dataset from: data/mixed_milestone_dataset
[2026-01-03 20:26:02,059][train_utils][INFO] - Loading milestone 2 from: data/mixed_milestone_dataset
[2026-01-03 20:26:02,618][train_utils][INFO] - ✓ Loaded milestone 2: 9,007 examples, 9,999,440 tokens
[2026-01-03 20:26:02,619][__main__][INFO] -   Tokens per step: batch_size131,072
[2026-01-03 20:26:02,619][__main__][INFO] - Step Calculation Details:
  - Target Tokens: 100000000
  - Batch Size: 32
  - Gradient Accumulation Steps: 2
  - Sequence Length: 2048
  - World Size (GPUs): 1
  - Resulting Total Steps: 762
[2026-01-03 20:26:02,619][__main__][INFO] - Token calculation:
[2026-01-03 20:26:02,619][__main__][INFO] -   Tokens per step: 131,072
[2026-01-03 20:26:02,620][__main__][INFO] -   Max steps (current milestone): 228
[2026-01-03 20:26:02,620][__main__][INFO] -   Total steps (for scheduler): 762
[2026-01-03 20:26:02,620][__main__][INFO] - Using SFTTrainer with chat template
[2026-01-03 20:26:02,790][unsloth.trainer][INFO] - Unsloth: Sample packing enabled for SFTTrainer instance.
[2026-01-03 20:26:06,835][__main__][INFO] - ================================================================================
[2026-01-03 20:26:06,835][__main__][INFO] - Resuming training from: outputs/milestone_meta-llama_Llama-3.2-1B-Instruct_r16/checkpoint-152
[2026-01-03 20:26:06,835][__main__][INFO] - Will train until step: 228
[2026-01-03 20:26:06,835][__main__][INFO] - ================================================================================
[2026-01-03 20:26:11,975][train_utils][INFO] - Fixed scheduler to use total_steps=762 (warmup=22)
[2026-01-03 20:48:27,553][__main__][INFO] - ================================================================================
[2026-01-03 20:48:27,555][__main__][INFO] - Milestone segment training complete!
[2026-01-03 20:48:27,555][__main__][INFO] - Checkpoint saved to: outputs/milestone_meta-llama_Llama-3.2-1B-Instruct_r16/checkpoint-228
[2026-01-03 20:48:27,555][__main__][INFO] - Total steps: 228
[2026-01-03 20:48:27,555][__main__][INFO] - ================================================================================
[2026-01-03 20:48:27,556][train_utils][INFO] - Merging LoRA weights to: outputs/milestone_meta-llama_Llama-3.2-1B-Instruct_r16/merged/checkpoint-228
[2026-01-03 20:48:31,738][train_utils][INFO] - ✅ Merged model saved
[2026-01-03 20:48:31,738][__main__][INFO] - ================================================================================
[2026-01-03 20:57:11,596][__main__][INFO] - ================================================================================
[2026-01-03 20:57:11,596][__main__][INFO] - Starting Milestone Segment Training
[2026-01-03 20:57:11,596][__main__][INFO] - ================================================================================
[2026-01-03 20:57:11,597][__main__][INFO] - Milestone configuration:
[2026-01-03 20:57:11,597][__main__][INFO] -   Target tokens: 40,000,000
[2026-01-03 20:57:11,597][__main__][INFO] -   Total training tokens (for LR schedule): 100,000,000
[2026-01-03 20:57:11,597][__main__][INFO] -   Resume from: outputs/milestone_meta-llama_Llama-3.2-1B-Instruct_r16/checkpoint-228
[2026-01-03 20:57:11,597][__main__][INFO] -   Using prebuilt dataset: data/mixed_milestone_dataset
[2026-01-03 20:57:11,597][__main__][INFO] -   Current milestone: 3
[2026-01-03 20:57:23,000][__main__][INFO] - Loading prebuilt milestone dataset from: data/mixed_milestone_dataset
[2026-01-03 20:57:23,001][train_utils][INFO] - Loading milestone 3 from: data/mixed_milestone_dataset
[2026-01-03 20:57:23,557][train_utils][INFO] - ✓ Loaded milestone 3: 9,020 examples, 9,999,756 tokens
[2026-01-03 20:57:23,559][__main__][INFO] -   Tokens per step: batch_size131,072
[2026-01-03 20:57:23,559][__main__][INFO] - Step Calculation Details:
  - Target Tokens: 100000000
  - Batch Size: 32
  - Gradient Accumulation Steps: 2
  - Sequence Length: 2048
  - World Size (GPUs): 1
  - Resulting Total Steps: 762
[2026-01-03 20:57:23,559][__main__][INFO] - Token calculation:
[2026-01-03 20:57:23,559][__main__][INFO] -   Tokens per step: 131,072
[2026-01-03 20:57:23,559][__main__][INFO] -   Max steps (current milestone): 305
[2026-01-03 20:57:23,559][__main__][INFO] -   Total steps (for scheduler): 762
[2026-01-03 20:57:23,559][__main__][INFO] - Using SFTTrainer with chat template
[2026-01-03 20:57:23,715][unsloth.trainer][INFO] - Unsloth: Sample packing enabled for SFTTrainer instance.
[2026-01-03 20:57:27,745][__main__][INFO] - ================================================================================
[2026-01-03 20:57:27,745][__main__][INFO] - Resuming training from: outputs/milestone_meta-llama_Llama-3.2-1B-Instruct_r16/checkpoint-228
[2026-01-03 20:57:27,745][__main__][INFO] - Will train until step: 305
[2026-01-03 20:57:27,745][__main__][INFO] - ================================================================================
[2026-01-03 20:57:32,284][train_utils][INFO] - Fixed scheduler to use total_steps=762 (warmup=22)
[2026-01-03 21:20:01,012][__main__][INFO] - ================================================================================
[2026-01-03 21:20:01,020][__main__][INFO] - Milestone segment training complete!
[2026-01-03 21:20:01,020][__main__][INFO] - Checkpoint saved to: outputs/milestone_meta-llama_Llama-3.2-1B-Instruct_r16/checkpoint-305
[2026-01-03 21:20:01,020][__main__][INFO] - Total steps: 305
[2026-01-03 21:20:01,020][__main__][INFO] - ================================================================================
[2026-01-03 21:20:01,020][train_utils][INFO] - Merging LoRA weights to: outputs/milestone_meta-llama_Llama-3.2-1B-Instruct_r16/merged/checkpoint-305
[2026-01-03 21:20:05,188][train_utils][INFO] - ✅ Merged model saved
[2026-01-03 21:20:05,194][__main__][INFO] - ================================================================================
[2026-01-03 21:28:43,363][__main__][INFO] - ================================================================================
[2026-01-03 21:28:43,363][__main__][INFO] - Starting Milestone Segment Training
[2026-01-03 21:28:43,363][__main__][INFO] - ================================================================================
[2026-01-03 21:28:43,364][__main__][INFO] - Milestone configuration:
[2026-01-03 21:28:43,364][__main__][INFO] -   Target tokens: 50,000,000
[2026-01-03 21:28:43,364][__main__][INFO] -   Total training tokens (for LR schedule): 100,000,000
[2026-01-03 21:28:43,364][__main__][INFO] -   Resume from: outputs/milestone_meta-llama_Llama-3.2-1B-Instruct_r16/checkpoint-305
[2026-01-03 21:28:43,364][__main__][INFO] -   Using prebuilt dataset: data/mixed_milestone_dataset
[2026-01-03 21:28:43,364][__main__][INFO] -   Current milestone: 4
[2026-01-03 21:28:55,014][__main__][INFO] - Loading prebuilt milestone dataset from: data/mixed_milestone_dataset
[2026-01-03 21:28:55,014][train_utils][INFO] - Loading milestone 4 from: data/mixed_milestone_dataset
[2026-01-03 21:28:55,599][train_utils][INFO] - ✓ Loaded milestone 4: 8,960 examples, 10,000,742 tokens
[2026-01-03 21:28:55,600][__main__][INFO] -   Tokens per step: batch_size131,072
[2026-01-03 21:28:55,600][__main__][INFO] - Step Calculation Details:
  - Target Tokens: 100000000
  - Batch Size: 32
  - Gradient Accumulation Steps: 2
  - Sequence Length: 2048
  - World Size (GPUs): 1
  - Resulting Total Steps: 762
[2026-01-03 21:28:55,600][__main__][INFO] - Token calculation:
[2026-01-03 21:28:55,600][__main__][INFO] -   Tokens per step: 131,072
[2026-01-03 21:28:55,600][__main__][INFO] -   Max steps (current milestone): 381
[2026-01-03 21:28:55,600][__main__][INFO] -   Total steps (for scheduler): 762
[2026-01-03 21:28:55,601][__main__][INFO] - Using SFTTrainer with chat template
[2026-01-03 21:28:55,765][unsloth.trainer][INFO] - Unsloth: Sample packing enabled for SFTTrainer instance.
[2026-01-03 21:28:59,789][__main__][INFO] - ================================================================================
[2026-01-03 21:28:59,789][__main__][INFO] - Resuming training from: outputs/milestone_meta-llama_Llama-3.2-1B-Instruct_r16/checkpoint-305
[2026-01-03 21:28:59,789][__main__][INFO] - Will train until step: 381
[2026-01-03 21:28:59,789][__main__][INFO] - ================================================================================
[2026-01-03 21:29:04,925][train_utils][INFO] - Fixed scheduler to use total_steps=762 (warmup=22)
[2026-01-03 21:51:14,462][__main__][INFO] - ================================================================================
[2026-01-03 21:51:14,462][__main__][INFO] - Milestone segment training complete!
[2026-01-03 21:51:14,462][__main__][INFO] - Checkpoint saved to: outputs/milestone_meta-llama_Llama-3.2-1B-Instruct_r16/checkpoint-381
[2026-01-03 21:51:14,462][__main__][INFO] - Total steps: 381
[2026-01-03 21:51:14,462][__main__][INFO] - ================================================================================
[2026-01-03 21:51:14,462][train_utils][INFO] - Merging LoRA weights to: outputs/milestone_meta-llama_Llama-3.2-1B-Instruct_r16/merged/checkpoint-381
[2026-01-03 21:51:18,510][train_utils][INFO] - ✅ Merged model saved
[2026-01-03 21:51:18,510][__main__][INFO] - ================================================================================
[2026-01-03 22:00:01,969][__main__][INFO] - ================================================================================
[2026-01-03 22:00:01,970][__main__][INFO] - Starting Milestone Segment Training
[2026-01-03 22:00:01,970][__main__][INFO] - ================================================================================
[2026-01-03 22:00:01,971][__main__][INFO] - Milestone configuration:
[2026-01-03 22:00:01,971][__main__][INFO] -   Target tokens: 60,000,000
[2026-01-03 22:00:01,971][__main__][INFO] -   Total training tokens (for LR schedule): 100,000,000
[2026-01-03 22:00:01,971][__main__][INFO] -   Resume from: outputs/milestone_meta-llama_Llama-3.2-1B-Instruct_r16/checkpoint-381
[2026-01-03 22:00:01,971][__main__][INFO] -   Using prebuilt dataset: data/mixed_milestone_dataset
[2026-01-03 22:00:01,971][__main__][INFO] -   Current milestone: 5
[2026-01-03 22:00:19,144][__main__][INFO] - Loading prebuilt milestone dataset from: data/mixed_milestone_dataset
[2026-01-03 22:00:19,144][train_utils][INFO] - Loading milestone 5 from: data/mixed_milestone_dataset
[2026-01-03 22:00:19,750][train_utils][INFO] - ✓ Loaded milestone 5: 8,945 examples, 10,000,088 tokens
[2026-01-03 22:00:19,751][__main__][INFO] -   Tokens per step: batch_size131,072
[2026-01-03 22:00:19,752][__main__][INFO] - Step Calculation Details:
  - Target Tokens: 100000000
  - Batch Size: 32
  - Gradient Accumulation Steps: 2
  - Sequence Length: 2048
  - World Size (GPUs): 1
  - Resulting Total Steps: 762
[2026-01-03 22:00:19,752][__main__][INFO] - Token calculation:
[2026-01-03 22:00:19,752][__main__][INFO] -   Tokens per step: 131,072
[2026-01-03 22:00:19,752][__main__][INFO] -   Max steps (current milestone): 457
[2026-01-03 22:00:19,752][__main__][INFO] -   Total steps (for scheduler): 762
[2026-01-03 22:00:19,752][__main__][INFO] - Using SFTTrainer with chat template
[2026-01-03 22:00:19,914][unsloth.trainer][INFO] - Unsloth: Sample packing enabled for SFTTrainer instance.
[2026-01-03 22:00:23,966][__main__][INFO] - ================================================================================
[2026-01-03 22:00:23,966][__main__][INFO] - Resuming training from: outputs/milestone_meta-llama_Llama-3.2-1B-Instruct_r16/checkpoint-381
[2026-01-03 22:00:23,966][__main__][INFO] - Will train until step: 457
[2026-01-03 22:00:23,966][__main__][INFO] - ================================================================================
[2026-01-03 22:00:27,471][train_utils][INFO] - Fixed scheduler to use total_steps=762 (warmup=22)
[2026-01-03 22:22:36,676][__main__][INFO] - ================================================================================
[2026-01-03 22:22:36,686][__main__][INFO] - Milestone segment training complete!
[2026-01-03 22:22:36,686][__main__][INFO] - Checkpoint saved to: outputs/milestone_meta-llama_Llama-3.2-1B-Instruct_r16/checkpoint-457
[2026-01-03 22:22:36,686][__main__][INFO] - Total steps: 457
[2026-01-03 22:22:36,686][__main__][INFO] - ================================================================================
[2026-01-03 22:22:36,686][train_utils][INFO] - Merging LoRA weights to: outputs/milestone_meta-llama_Llama-3.2-1B-Instruct_r16/merged/checkpoint-457
[2026-01-03 22:22:40,613][train_utils][INFO] - ✅ Merged model saved
[2026-01-03 22:22:40,619][__main__][INFO] - ================================================================================
[2026-01-03 22:31:21,689][__main__][INFO] - ================================================================================
[2026-01-03 22:31:21,689][__main__][INFO] - Starting Milestone Segment Training
[2026-01-03 22:31:21,689][__main__][INFO] - ================================================================================
[2026-01-03 22:31:21,690][__main__][INFO] - Milestone configuration:
[2026-01-03 22:31:21,690][__main__][INFO] -   Target tokens: 70,000,000
[2026-01-03 22:31:21,690][__main__][INFO] -   Total training tokens (for LR schedule): 100,000,000
[2026-01-03 22:31:21,690][__main__][INFO] -   Resume from: outputs/milestone_meta-llama_Llama-3.2-1B-Instruct_r16/checkpoint-457
[2026-01-03 22:31:21,690][__main__][INFO] -   Using prebuilt dataset: data/mixed_milestone_dataset
[2026-01-03 22:31:21,690][__main__][INFO] -   Current milestone: 6
[2026-01-03 22:31:32,792][__main__][INFO] - Loading prebuilt milestone dataset from: data/mixed_milestone_dataset
[2026-01-03 22:31:32,792][train_utils][INFO] - Loading milestone 6 from: data/mixed_milestone_dataset
[2026-01-03 22:31:33,344][train_utils][INFO] - ✓ Loaded milestone 6: 9,068 examples, 9,999,539 tokens
[2026-01-03 22:31:33,346][__main__][INFO] -   Tokens per step: batch_size131,072
[2026-01-03 22:31:33,346][__main__][INFO] - Step Calculation Details:
  - Target Tokens: 100000000
  - Batch Size: 32
  - Gradient Accumulation Steps: 2
  - Sequence Length: 2048
  - World Size (GPUs): 1
  - Resulting Total Steps: 762
[2026-01-03 22:31:33,346][__main__][INFO] - Token calculation:
[2026-01-03 22:31:33,346][__main__][INFO] -   Tokens per step: 131,072
[2026-01-03 22:31:33,346][__main__][INFO] -   Max steps (current milestone): 534
[2026-01-03 22:31:33,346][__main__][INFO] -   Total steps (for scheduler): 762
[2026-01-03 22:31:33,346][__main__][INFO] - Using SFTTrainer with chat template
[2026-01-03 22:31:33,512][unsloth.trainer][INFO] - Unsloth: Sample packing enabled for SFTTrainer instance.
[2026-01-03 22:31:37,541][__main__][INFO] - ================================================================================
[2026-01-03 22:31:37,541][__main__][INFO] - Resuming training from: outputs/milestone_meta-llama_Llama-3.2-1B-Instruct_r16/checkpoint-457
[2026-01-03 22:31:37,541][__main__][INFO] - Will train until step: 534
[2026-01-03 22:31:37,541][__main__][INFO] - ================================================================================
[2026-01-03 22:31:42,758][train_utils][INFO] - Fixed scheduler to use total_steps=762 (warmup=22)
[2026-01-03 22:54:01,755][__main__][INFO] - ================================================================================
[2026-01-03 22:54:01,762][__main__][INFO] - Milestone segment training complete!
[2026-01-03 22:54:01,763][__main__][INFO] - Checkpoint saved to: outputs/milestone_meta-llama_Llama-3.2-1B-Instruct_r16/checkpoint-534
[2026-01-03 22:54:01,763][__main__][INFO] - Total steps: 534
[2026-01-03 22:54:01,763][__main__][INFO] - ================================================================================
[2026-01-03 22:54:01,763][train_utils][INFO] - Merging LoRA weights to: outputs/milestone_meta-llama_Llama-3.2-1B-Instruct_r16/merged/checkpoint-534
[2026-01-03 22:54:05,865][train_utils][INFO] - ✅ Merged model saved
[2026-01-03 22:54:05,865][__main__][INFO] - ================================================================================
[2026-01-03 23:02:46,239][__main__][INFO] - ================================================================================
[2026-01-03 23:02:46,239][__main__][INFO] - Starting Milestone Segment Training
[2026-01-03 23:02:46,239][__main__][INFO] - ================================================================================
[2026-01-03 23:02:46,241][__main__][INFO] - Milestone configuration:
[2026-01-03 23:02:46,241][__main__][INFO] -   Target tokens: 80,000,000
[2026-01-03 23:02:46,241][__main__][INFO] -   Total training tokens (for LR schedule): 100,000,000
[2026-01-03 23:02:46,241][__main__][INFO] -   Resume from: outputs/milestone_meta-llama_Llama-3.2-1B-Instruct_r16/checkpoint-534
[2026-01-03 23:02:46,241][__main__][INFO] -   Using prebuilt dataset: data/mixed_milestone_dataset
[2026-01-03 23:02:46,241][__main__][INFO] -   Current milestone: 7
[2026-01-03 23:02:57,456][__main__][INFO] - Loading prebuilt milestone dataset from: data/mixed_milestone_dataset
[2026-01-03 23:02:57,456][train_utils][INFO] - Loading milestone 7 from: data/mixed_milestone_dataset
[2026-01-03 23:02:58,022][train_utils][INFO] - ✓ Loaded milestone 7: 9,134 examples, 10,000,547 tokens
[2026-01-03 23:02:58,024][__main__][INFO] -   Tokens per step: batch_size131,072
[2026-01-03 23:02:58,024][__main__][INFO] - Step Calculation Details:
  - Target Tokens: 100000000
  - Batch Size: 32
  - Gradient Accumulation Steps: 2
  - Sequence Length: 2048
  - World Size (GPUs): 1
  - Resulting Total Steps: 762
[2026-01-03 23:02:58,024][__main__][INFO] - Token calculation:
[2026-01-03 23:02:58,024][__main__][INFO] -   Tokens per step: 131,072
[2026-01-03 23:02:58,024][__main__][INFO] -   Max steps (current milestone): 610
[2026-01-03 23:02:58,024][__main__][INFO] -   Total steps (for scheduler): 762
[2026-01-03 23:02:58,024][__main__][INFO] - Using SFTTrainer with chat template
[2026-01-03 23:02:58,194][unsloth.trainer][INFO] - Unsloth: Sample packing enabled for SFTTrainer instance.
[2026-01-03 23:03:02,204][__main__][INFO] - ================================================================================
[2026-01-03 23:03:02,204][__main__][INFO] - Resuming training from: outputs/milestone_meta-llama_Llama-3.2-1B-Instruct_r16/checkpoint-534
[2026-01-03 23:03:02,204][__main__][INFO] - Will train until step: 610
[2026-01-03 23:03:02,204][__main__][INFO] - ================================================================================
[2026-01-03 23:03:05,868][train_utils][INFO] - Fixed scheduler to use total_steps=762 (warmup=22)
[2026-01-03 23:25:08,646][__main__][INFO] - ================================================================================
[2026-01-03 23:25:08,652][__main__][INFO] - Milestone segment training complete!
[2026-01-03 23:25:08,652][__main__][INFO] - Checkpoint saved to: outputs/milestone_meta-llama_Llama-3.2-1B-Instruct_r16/checkpoint-610
[2026-01-03 23:25:08,652][__main__][INFO] - Total steps: 610
[2026-01-03 23:25:08,652][__main__][INFO] - ================================================================================
[2026-01-03 23:25:08,653][train_utils][INFO] - Merging LoRA weights to: outputs/milestone_meta-llama_Llama-3.2-1B-Instruct_r16/merged/checkpoint-610
[2026-01-03 23:25:12,660][train_utils][INFO] - ✅ Merged model saved
[2026-01-03 23:25:12,668][__main__][INFO] - ================================================================================
[2026-01-03 23:33:46,066][__main__][INFO] - ================================================================================
[2026-01-03 23:33:46,066][__main__][INFO] - Starting Milestone Segment Training
[2026-01-03 23:33:46,066][__main__][INFO] - ================================================================================
[2026-01-03 23:33:46,067][__main__][INFO] - Milestone configuration:
[2026-01-03 23:33:46,067][__main__][INFO] -   Target tokens: 90,000,000
[2026-01-03 23:33:46,067][__main__][INFO] -   Total training tokens (for LR schedule): 100,000,000
[2026-01-03 23:33:46,067][__main__][INFO] -   Resume from: outputs/milestone_meta-llama_Llama-3.2-1B-Instruct_r16/checkpoint-610
[2026-01-03 23:33:46,067][__main__][INFO] -   Using prebuilt dataset: data/mixed_milestone_dataset
[2026-01-03 23:33:46,067][__main__][INFO] -   Current milestone: 8
[2026-01-03 23:33:57,129][__main__][INFO] - Loading prebuilt milestone dataset from: data/mixed_milestone_dataset
[2026-01-03 23:33:57,129][train_utils][INFO] - Loading milestone 8 from: data/mixed_milestone_dataset
[2026-01-03 23:33:57,705][train_utils][INFO] - ✓ Loaded milestone 8: 9,081 examples, 9,999,286 tokens
[2026-01-03 23:33:57,706][__main__][INFO] -   Tokens per step: batch_size131,072
[2026-01-03 23:33:57,706][__main__][INFO] - Step Calculation Details:
  - Target Tokens: 100000000
  - Batch Size: 32
  - Gradient Accumulation Steps: 2
  - Sequence Length: 2048
  - World Size (GPUs): 1
  - Resulting Total Steps: 762
[2026-01-03 23:33:57,706][__main__][INFO] - Token calculation:
[2026-01-03 23:33:57,706][__main__][INFO] -   Tokens per step: 131,072
[2026-01-03 23:33:57,706][__main__][INFO] -   Max steps (current milestone): 686
[2026-01-03 23:33:57,706][__main__][INFO] -   Total steps (for scheduler): 762
[2026-01-03 23:33:57,706][__main__][INFO] - Using SFTTrainer with chat template
[2026-01-03 23:33:57,871][unsloth.trainer][INFO] - Unsloth: Sample packing enabled for SFTTrainer instance.
[2026-01-03 23:34:01,988][__main__][INFO] - ================================================================================
[2026-01-03 23:34:01,988][__main__][INFO] - Resuming training from: outputs/milestone_meta-llama_Llama-3.2-1B-Instruct_r16/checkpoint-610
[2026-01-03 23:34:01,988][__main__][INFO] - Will train until step: 686
[2026-01-03 23:34:01,988][__main__][INFO] - ================================================================================
[2026-01-03 23:34:07,008][train_utils][INFO] - Fixed scheduler to use total_steps=762 (warmup=22)
[2026-01-03 23:56:14,846][__main__][INFO] - ================================================================================
[2026-01-03 23:56:14,852][__main__][INFO] - Milestone segment training complete!
[2026-01-03 23:56:14,852][__main__][INFO] - Checkpoint saved to: outputs/milestone_meta-llama_Llama-3.2-1B-Instruct_r16/checkpoint-686
[2026-01-03 23:56:14,852][__main__][INFO] - Total steps: 686
[2026-01-03 23:56:14,852][__main__][INFO] - ================================================================================
[2026-01-03 23:56:14,852][train_utils][INFO] - Merging LoRA weights to: outputs/milestone_meta-llama_Llama-3.2-1B-Instruct_r16/merged/checkpoint-686
[2026-01-03 23:56:19,025][train_utils][INFO] - ✅ Merged model saved
[2026-01-03 23:56:19,033][__main__][INFO] - ================================================================================
[2026-01-04 00:06:36,841][__main__][INFO] - ================================================================================
[2026-01-04 00:06:36,841][__main__][INFO] - Starting Milestone Segment Training
[2026-01-04 00:06:36,841][__main__][INFO] - ================================================================================
[2026-01-04 00:06:36,843][__main__][INFO] - Milestone configuration:
[2026-01-04 00:06:36,843][__main__][INFO] -   Target tokens: 100,000,000
[2026-01-04 00:06:36,843][__main__][INFO] -   Total training tokens (for LR schedule): 100,000,000
[2026-01-04 00:06:36,843][__main__][INFO] -   Resume from: outputs/milestone_meta-llama_Llama-3.2-1B-Instruct_r16/checkpoint-686
[2026-01-04 00:06:36,843][__main__][INFO] -   Using prebuilt dataset: data/mixed_milestone_dataset
[2026-01-04 00:06:36,843][__main__][INFO] -   Current milestone: 9
[2026-01-04 00:06:47,765][__main__][INFO] - Loading prebuilt milestone dataset from: data/mixed_milestone_dataset
[2026-01-04 00:06:47,765][train_utils][INFO] - Loading milestone 9 from: data/mixed_milestone_dataset
[2026-01-04 00:06:48,312][train_utils][INFO] - ✓ Loaded milestone 9: 9,241 examples, 10,000,539 tokens
[2026-01-04 00:06:48,314][__main__][INFO] -   Tokens per step: batch_size131,072
[2026-01-04 00:06:48,314][__main__][INFO] - Step Calculation Details:
  - Target Tokens: 100000000
  - Batch Size: 32
  - Gradient Accumulation Steps: 2
  - Sequence Length: 2048
  - World Size (GPUs): 1
  - Resulting Total Steps: 762
[2026-01-04 00:06:48,314][__main__][INFO] - Token calculation:
[2026-01-04 00:06:48,314][__main__][INFO] -   Tokens per step: 131,072
[2026-01-04 00:06:48,314][__main__][INFO] -   Max steps (current milestone): 762
[2026-01-04 00:06:48,314][__main__][INFO] -   Total steps (for scheduler): 762
[2026-01-04 00:06:48,314][__main__][INFO] - Using SFTTrainer with chat template
[2026-01-04 00:06:48,480][unsloth.trainer][INFO] - Unsloth: Sample packing enabled for SFTTrainer instance.
[2026-01-04 00:06:52,469][__main__][INFO] - ================================================================================
[2026-01-04 00:06:52,469][__main__][INFO] - Resuming training from: outputs/milestone_meta-llama_Llama-3.2-1B-Instruct_r16/checkpoint-686
[2026-01-04 00:06:52,469][__main__][INFO] - Will train until step: 762
[2026-01-04 00:06:52,469][__main__][INFO] - ================================================================================
[2026-01-04 00:06:57,589][train_utils][INFO] - Fixed scheduler to use total_steps=762 (warmup=22)
[2026-01-04 00:29:05,643][__main__][INFO] - ================================================================================
[2026-01-04 00:29:05,650][__main__][INFO] - Milestone segment training complete!
[2026-01-04 00:29:05,650][__main__][INFO] - Checkpoint saved to: outputs/milestone_meta-llama_Llama-3.2-1B-Instruct_r16/checkpoint-762
[2026-01-04 00:29:05,650][__main__][INFO] - Total steps: 762
[2026-01-04 00:29:05,650][__main__][INFO] - ================================================================================
[2026-01-04 00:29:05,650][train_utils][INFO] - Merging LoRA weights to: outputs/milestone_meta-llama_Llama-3.2-1B-Instruct_r16/merged/checkpoint-762
[2026-01-04 00:29:09,758][train_utils][INFO] - ✅ Merged model saved
[2026-01-04 00:29:09,758][__main__][INFO] - ================================================================================
